group,file,cell,strong,pulse,key,path,split
data/01_Without external torque,201201_009.txt,201201-1-6,200,,48cc17a76675f8ea98b48f682b4b90da3f8b4c444a8346a12bdcfc009fa069b4,data/01_Without external torque/traces_4000Hz/201201_009.txt,validation
data/01_Without external torque,201201_011.txt,201201-1-6,200,,48cc17a76675f8ea98b48f682b4b90da3f8b4c444a8346a12bdcfc009fa069b4,data/01_Without external torque/traces_4000Hz/201201_011.txt,validation
data/01_Without external torque,201201_012.txt,201201-1-6,200,,48cc17a76675f8ea98b48f682b4b90da3f8b4c444a8346a12bdcfc009fa069b4,data/01_Without external torque/traces_4000Hz/201201_012.txt,validation
data/01_Without external torque,201201_013.txt,201201-2-1,200,,b42d08704ffbb2ca3f91824a7abb1819a44d8bf8cf4bbf5b01ced11c493e406f,data/01_Without external torque/traces_4000Hz/201201_013.txt,discovery
data/01_Without external torque,201201_017.txt,201201-2-3,200,,84fd108f0b07c2d09a83d0ffe8d5a07b4ae30ab576f0bc58a6177468fe1dde3d,data/01_Without external torque/traces_4000Hz/201201_017.txt,validation
data/01_Without external torque,201201_018.txt,201201-2-3,200,,84fd108f0b07c2d09a83d0ffe8d5a07b4ae30ab576f0bc58a6177468fe1dde3d,data/01_Without external torque/traces_4000Hz/201201_018.txt,validation
data/01_Without external torque,201201_021.txt,201201-2-5,200,,313c5a61213c6388a1ff9fe3545a77b66f34d98d5b9d07527e3cbf20b5d3efa5,data/01_Without external torque/traces_4000Hz/201201_021.txt,validation
data/01_Without external torque,201207_006.txt,201207-1-3,200,,df6639cb2d49f88a4724211f79542e21d35b3c71ac5471ed02dc0da0b47d5073,data/01_Without external torque/traces_4000Hz/201207_006.txt,validation
data/01_Without external torque,201207_007.txt,201207-1-3,200,,df6639cb2d49f88a4724211f79542e21d35b3c71ac5471ed02dc0da0b47d5073,data/01_Without external torque/traces_4000Hz/201207_007.txt,validation
data/01_Without external torque,201207_008.txt,201207-1-4,200,,e5a29e3f5443c1db04ab000be1be77566ce11a419ce02e3ca565d9888e4c623c,data/01_Without external torque/traces_4000Hz/201207_008.txt,validation
data/01_Without external torque,201207_009.txt,201207-1-4,200,,e5a29e3f5443c1db04ab000be1be77566ce11a419ce02e3ca565d9888e4c623c,data/01_Without external torque/traces_4000Hz/201207_009.txt,validation
data/01_Without external torque,201208_001.txt,201208-1-1,200,,a9d6b0a52fb90af7da2c1718418278e3b1fe8dfe827e2f2d5cbbb6d3325c0857,data/01_Without external torque/traces_4000Hz/201208_001.txt,validation
data/01_Without external torque,201208_003.txt,201208-1-2,200,,a5655434176b4a3d272df6cc23a43b5526aa433549a92ff1685e1d6089987f77,data/01_Without external torque/traces_4000Hz/201208_003.txt,discovery
data/01_Without external torque,201208_004.txt,201208-1-2,200,,a5655434176b4a3d272df6cc23a43b5526aa433549a92ff1685e1d6089987f77,data/01_Without external torque/traces_4000Hz/201208_004.txt,discovery
data/01_Without external torque,201208_006.txt,201208-2-1,250,,23729738d5f17f12f9e84e39303cc9c847727ab22cbdc8ca2252c71d36dd05c7,data/01_Without external torque/traces_4000Hz/201208_006.txt,discovery
data/01_Without external torque,201208_007.txt,201208-2-1,250,,23729738d5f17f12f9e84e39303cc9c847727ab22cbdc8ca2252c71d36dd05c7,data/01_Without external torque/traces_4000Hz/201208_007.txt,discovery
data/01_Without external torque,210120_009.txt,210120-1-5,300,,b20514f28cdb265ad70a8fc028d977e85a42eb1a521e5eff85d3b6ca83511e7b,data/01_Without external torque/traces_4000Hz/210120_009.txt,discovery
data/01_Without external torque,210120_012.txt,210120-1-7,200,,075859dec4ed07c280555c0c09d3780e1d1f6a251f884516fc4579a677668f59,data/01_Without external torque/traces_4000Hz/210120_012.txt,discovery
data/01_Without external torque,210122_054.txt,210122-3-2,200,,c426ade1711aaa05c8f1b942f348b59424c13a99928c263de6ec8cdb21f3c346,data/01_Without external torque/traces_4000Hz/210122_054.txt,validation
data/01_Without external torque,210122_055.txt,210122-3-3,200,,c7beea2ef13d613dcee11791381ad36ce2813c0a6e5b4302fb306889bfe7d168,data/01_Without external torque/traces_4000Hz/210122_055.txt,discovery
data/01_Without external torque,210122_056.txt,210122-3-3,200,,c7beea2ef13d613dcee11791381ad36ce2813c0a6e5b4302fb306889bfe7d168,data/01_Without external torque/traces_4000Hz/210122_056.txt,discovery
data/01_Without external torque,210122_058.txt,210122-3-4,150,,3133c10f179250c5bad42da88cf4acf9a7d79d5ac8dd166eb1121b45009aea99,data/01_Without external torque/traces_4000Hz/210122_058.txt,validation
data/01_Without external torque,210128_008.txt,210128-2-2,200,,911c3dac7f3cb862c27dd7725b70c90682e116c04f972a576b42f63848f5c260,data/01_Without external torque/traces_4000Hz/210128_008.txt,discovery
data/01_Without external torque,210128_015.txt,210128-2-6,200,,17fa375a1a61f8a05bcf52caaf71da24196ea9927ab37a6d1ad15024bee95780,data/01_Without external torque/traces_4000Hz/210128_015.txt,discovery
data/01_Without external torque,210202_011.txt,210202-3-1,250,,ae5368c9d3f1c3255dcb358fd1dd76926894543631c025b0a8cc7a05cd00e628,data/01_Without external torque/traces_4000Hz/210202_011.txt,validation
data/01_Without external torque,210202_012.txt,210202-3-1,250,,ae5368c9d3f1c3255dcb358fd1dd76926894543631c025b0a8cc7a05cd00e628,data/01_Without external torque/traces_4000Hz/210202_012.txt,validation
data/01_Without external torque,210203_001.txt,210203-1-1,300,,f0452bdf90434603034f1c8c93f3764857efbaae69df8cd244ebe9bb92a59740,data/01_Without external torque/traces_4000Hz/210203_001.txt,validation
data/01_Without external torque,210203_002.txt,210203-1-1,300,,f0452bdf90434603034f1c8c93f3764857efbaae69df8cd244ebe9bb92a59740,data/01_Without external torque/traces_4000Hz/210203_002.txt,validation
data/01_Without external torque,210203_003.txt,210203-1-1,300,,f0452bdf90434603034f1c8c93f3764857efbaae69df8cd244ebe9bb92a59740,data/01_Without external torque/traces_4000Hz/210203_003.txt,validation
data/01_Without external torque,210203_004.txt,210203-1-1,300,,f0452bdf90434603034f1c8c93f3764857efbaae69df8cd244ebe9bb92a59740,data/01_Without external torque/traces_4000Hz/210203_004.txt,validation
data/01_Without external torque,210203_005.txt,210203-1-1,300,,f0452bdf90434603034f1c8c93f3764857efbaae69df8cd244ebe9bb92a59740,data/01_Without external torque/traces_4000Hz/210203_005.txt,validation
data/01_Without external torque,210203_007.txt,210203-1-1,300,,f0452bdf90434603034f1c8c93f3764857efbaae69df8cd244ebe9bb92a59740,data/01_Without external torque/traces_4000Hz/210203_007.txt,validation
data/01_Without external torque,210204_001.txt,210204-1-1,250,,bdb1ea044067ba321f5245f47b3edb195180db89ee1114a5003d5745b163e4fe,data/01_Without external torque/traces_4000Hz/210204_001.txt,discovery
data/01_Without external torque,210204_005.txt,210204-1-3,300,,15c402b357594cdb38d3f6da8d1903418a9a9627adb9c7d16ff2def453fc4206,data/01_Without external torque/traces_4000Hz/210204_005.txt,validation
data/01_Without external torque,210204_006.txt,210204-1-3,300,,15c402b357594cdb38d3f6da8d1903418a9a9627adb9c7d16ff2def453fc4206,data/01_Without external torque/traces_4000Hz/210204_006.txt,validation
data/01_Without external torque,210204_007.txt,210204-1-3,300,,15c402b357594cdb38d3f6da8d1903418a9a9627adb9c7d16ff2def453fc4206,data/01_Without external torque/traces_4000Hz/210204_007.txt,validation
data/01_Without external torque,210204_008.txt,210204-1-3,300,,15c402b357594cdb38d3f6da8d1903418a9a9627adb9c7d16ff2def453fc4206,data/01_Without external torque/traces_4000Hz/210204_008.txt,validation
data/01_Without external torque,210204_009.txt,210204-1-3,300,,15c402b357594cdb38d3f6da8d1903418a9a9627adb9c7d16ff2def453fc4206,data/01_Without external torque/traces_4000Hz/210204_009.txt,validation
data/01_Without external torque,210204_010.txt,210204-1-3,300,,15c402b357594cdb38d3f6da8d1903418a9a9627adb9c7d16ff2def453fc4206,data/01_Without external torque/traces_4000Hz/210204_010.txt,validation
data/01_Without external torque,210204_011.txt,210204-1-3,300,,15c402b357594cdb38d3f6da8d1903418a9a9627adb9c7d16ff2def453fc4206,data/01_Without external torque/traces_4000Hz/210204_011.txt,validation
data/03_Under pulse-wise external torque/02_Hidering_direction,201223_007.txt,201223-2-2,300,5.0,a00d473600faeb06ae9e677f4e2d3dbece8ac0ccf5ced7c6c8a1de9ddba426b8,data/03_Under pulse-wise external torque/02_Hidering_direction/traces_4000Hz/201223_007.txt,discovery
data/03_Under pulse-wise external torque/02_Hidering_direction,201223_008.txt,201223-2-2,300,5.0,a00d473600faeb06ae9e677f4e2d3dbece8ac0ccf5ced7c6c8a1de9ddba426b8,data/03_Under pulse-wise external torque/02_Hidering_direction/traces_4000Hz/201223_008.txt,discovery
data/03_Under pulse-wise external torque/02_Hidering_direction,201223_009.txt,201223-2-2,300,5.0,a00d473600faeb06ae9e677f4e2d3dbece8ac0ccf5ced7c6c8a1de9ddba426b8,data/03_Under pulse-wise external torque/02_Hidering_direction/traces_4000Hz/201223_009.txt,discovery
data/03_Under pulse-wise external torque/02_Hidering_direction,201223_010.txt,201223-2-2,300,5.0,a00d473600faeb06ae9e677f4e2d3dbece8ac0ccf5ced7c6c8a1de9ddba426b8,data/03_Under pulse-wise external torque/02_Hidering_direction/traces_4000Hz/201223_010.txt,discovery
data/03_Under pulse-wise external torque/02_Hidering_direction,201223_011.txt,201223-2-3,300,5.0,02578387f09421100ae49a6fbdced53c41000b86d977eedb8381035a9a822848,data/03_Under pulse-wise external torque/02_Hidering_direction/traces_4000Hz/201223_011.txt,validation
data/03_Under pulse-wise external torque/02_Hidering_direction,201223_013.txt,201223-2-4,300,5.0,fb2a53d96806fc513f64b16b8bf2c146d07f9fd828aca7e26396cfa5a612de11,data/03_Under pulse-wise external torque/02_Hidering_direction/traces_4000Hz/201223_013.txt,validation
data/03_Under pulse-wise external torque/02_Hidering_direction,201223_014.txt,201223-2-4,300,5.0,fb2a53d96806fc513f64b16b8bf2c146d07f9fd828aca7e26396cfa5a612de11,data/03_Under pulse-wise external torque/02_Hidering_direction/traces_4000Hz/201223_014.txt,validation
data/03_Under pulse-wise external torque/02_Hidering_direction,201223_015.txt,201223-2-4,300,5.0,fb2a53d96806fc513f64b16b8bf2c146d07f9fd828aca7e26396cfa5a612de11,data/03_Under pulse-wise external torque/02_Hidering_direction/traces_4000Hz/201223_015.txt,validation
data/03_Under pulse-wise external torque/02_Hidering_direction,201223_016.txt,201223-2-4,300,5.0,fb2a53d96806fc513f64b16b8bf2c146d07f9fd828aca7e26396cfa5a612de11,data/03_Under pulse-wise external torque/02_Hidering_direction/traces_4000Hz/201223_016.txt,validation
data/03_Under pulse-wise external torque/02_Hidering_direction,201223_019.txt,201223-2-7,300,5.0,ed8977a2f651705110dcdf8e1880df6a4f432f2edcff2f731e0793472e6da479,data/03_Under pulse-wise external torque/02_Hidering_direction/traces_4000Hz/201223_019.txt,discovery
data/03_Under pulse-wise external torque/02_Hidering_direction,201223_020.txt,201223-2-7,300,5.0,ed8977a2f651705110dcdf8e1880df6a4f432f2edcff2f731e0793472e6da479,data/03_Under pulse-wise external torque/02_Hidering_direction/traces_4000Hz/201223_020.txt,discovery
data/03_Under pulse-wise external torque/02_Hidering_direction,201223_021.txt,201223-2-7,300,5.0,ed8977a2f651705110dcdf8e1880df6a4f432f2edcff2f731e0793472e6da479,data/03_Under pulse-wise external torque/02_Hidering_direction/traces_4000Hz/201223_021.txt,discovery
data/03_Under pulse-wise external torque/02_Hidering_direction,201223_022.txt,201223-2-7,300,5.0,ed8977a2f651705110dcdf8e1880df6a4f432f2edcff2f731e0793472e6da479,data/03_Under pulse-wise external torque/02_Hidering_direction/traces_4000Hz/201223_022.txt,discovery
data/03_Under pulse-wise external torque/02_Hidering_direction,201223_023.txt,201223-2-8,300,5.0,33ec326a3b2edf76716bea70c21fd668f6743ee2395caeb69c5e82acc2ddddb2,data/03_Under pulse-wise external torque/02_Hidering_direction/traces_4000Hz/201223_023.txt,discovery
data/03_Under pulse-wise external torque/02_Hidering_direction,201223_024.txt,201223-2-8,300,5.0,33ec326a3b2edf76716bea70c21fd668f6743ee2395caeb69c5e82acc2ddddb2,data/03_Under pulse-wise external torque/02_Hidering_direction/traces_4000Hz/201223_024.txt,discovery
data/03_Under pulse-wise external torque/02_Hidering_direction,201223_027.txt,201223-3-3,300,5.0,cb1786625ce4ae75fe333e0a8e27a3d142577c87f4701e796aa9ab06f8a9428a,data/03_Under pulse-wise external torque/02_Hidering_direction/traces_4000Hz/201223_027.txt,discovery
data/03_Under pulse-wise external torque/02_Hidering_direction,201223_028.txt,201223-3-3,300,5.0,cb1786625ce4ae75fe333e0a8e27a3d142577c87f4701e796aa9ab06f8a9428a,data/03_Under pulse-wise external torque/02_Hidering_direction/traces_4000Hz/201223_028.txt,discovery
data/03_Under pulse-wise external torque/02_Hidering_direction,201223_029.txt,201223-3-3,300,5.0,cb1786625ce4ae75fe333e0a8e27a3d142577c87f4701e796aa9ab06f8a9428a,data/03_Under pulse-wise external torque/02_Hidering_direction/traces_4000Hz/201223_029.txt,discovery
data/03_Under pulse-wise external torque/02_Hidering_direction,201223_030.txt,201223-3-3,300,5.0,cb1786625ce4ae75fe333e0a8e27a3d142577c87f4701e796aa9ab06f8a9428a,data/03_Under pulse-wise external torque/02_Hidering_direction/traces_4000Hz/201223_030.txt,discovery
data/03_Under pulse-wise external torque/02_Hidering_direction,201223_031.txt,201223-3-4,200,5.0,c534e053e63b8f1ec699cc754144c450920b251b8b09de8734cad4a17d735976,data/03_Under pulse-wise external torque/02_Hidering_direction/traces_4000Hz/201223_031.txt,validation
data/03_Under pulse-wise external torque/02_Hidering_direction,201223_032.txt,201223-3-4,200,5.0,c534e053e63b8f1ec699cc754144c450920b251b8b09de8734cad4a17d735976,data/03_Under pulse-wise external torque/02_Hidering_direction/traces_4000Hz/201223_032.txt,validation
data/03_Under pulse-wise external torque/02_Hidering_direction,201223_033.txt,201223-3-4,200,5.0,c534e053e63b8f1ec699cc754144c450920b251b8b09de8734cad4a17d735976,data/03_Under pulse-wise external torque/02_Hidering_direction/traces_4000Hz/201223_033.txt,validation
data/03_Under pulse-wise external torque/02_Hidering_direction,201223_035.txt,201223-3-5,200,5.0,a60580eb1a98d3dbea5ab1174caad708fba20237f8e72ad1c88cebd249ed85ad,data/03_Under pulse-wise external torque/02_Hidering_direction/traces_4000Hz/201223_035.txt,validation
data/03_Under pulse-wise external torque/02_Hidering_direction,201224_002.txt,201224-1-2,300,20.0,317dd0351b0d30d4cc9ce7308113012426fc2c40892852f29bf87fdb02a481bd,data/03_Under pulse-wise external torque/02_Hidering_direction/traces_4000Hz/201224_002.txt,validation
data/03_Under pulse-wise external torque/02_Hidering_direction,201224_003.txt,201224-1-2,300,20.0,317dd0351b0d30d4cc9ce7308113012426fc2c40892852f29bf87fdb02a481bd,data/03_Under pulse-wise external torque/02_Hidering_direction/traces_4000Hz/201224_003.txt,validation
data/03_Under pulse-wise external torque/02_Hidering_direction,201224_005.txt,201224-1-3,300,20.0,147b8dbcf447bfb7e6630295a128f1f918cc2c87db1cd85c2e34383110b28779,data/03_Under pulse-wise external torque/02_Hidering_direction/traces_4000Hz/201224_005.txt,discovery
data/03_Under pulse-wise external torque/02_Hidering_direction,201224_006.txt,201224-1-3,300,20.0,147b8dbcf447bfb7e6630295a128f1f918cc2c87db1cd85c2e34383110b28779,data/03_Under pulse-wise external torque/02_Hidering_direction/traces_4000Hz/201224_006.txt,discovery
data/03_Under pulse-wise external torque/02_Hidering_direction,201224_007.txt,201224-1-3,300,20.0,147b8dbcf447bfb7e6630295a128f1f918cc2c87db1cd85c2e34383110b28779,data/03_Under pulse-wise external torque/02_Hidering_direction/traces_4000Hz/201224_007.txt,discovery
data/03_Under pulse-wise external torque/02_Hidering_direction,201224_008.txt,201224-1-3,300,20.0,147b8dbcf447bfb7e6630295a128f1f918cc2c87db1cd85c2e34383110b28779,data/03_Under pulse-wise external torque/02_Hidering_direction/traces_4000Hz/201224_008.txt,discovery
data/03_Under pulse-wise external torque/02_Hidering_direction,201224_013.txt,201224-1-7,300,20.0,70d8fe2cd5303799085f29d0043f602d68c39942cf36083a1585175f6d234e55,data/03_Under pulse-wise external torque/02_Hidering_direction/traces_4000Hz/201224_013.txt,discovery
data/03_Under pulse-wise external torque/02_Hidering_direction,201224_014.txt,201224-1-7,300,20.0,70d8fe2cd5303799085f29d0043f602d68c39942cf36083a1585175f6d234e55,data/03_Under pulse-wise external torque/02_Hidering_direction/traces_4000Hz/201224_014.txt,discovery
data/03_Under pulse-wise external torque/02_Hidering_direction,201224_015.txt,201224-1-7,300,20.0,70d8fe2cd5303799085f29d0043f602d68c39942cf36083a1585175f6d234e55,data/03_Under pulse-wise external torque/02_Hidering_direction/traces_4000Hz/201224_015.txt,discovery
data/03_Under pulse-wise external torque/02_Hidering_direction,201224_016.txt,201224-1-7,300,20.0,70d8fe2cd5303799085f29d0043f602d68c39942cf36083a1585175f6d234e55,data/03_Under pulse-wise external torque/02_Hidering_direction/traces_4000Hz/201224_016.txt,discovery
data/03_Under pulse-wise external torque/02_Hidering_direction,201224_017.txt,201224-2-1,300,20.0,1a6a1037b195e266335b63d955cec11dda1196b59e29a46a970e43454c127e76,data/03_Under pulse-wise external torque/02_Hidering_direction/traces_4000Hz/201224_017.txt,validation
data/03_Under pulse-wise external torque/02_Hidering_direction,201224_018.txt,201224-2-1,300,20.0,1a6a1037b195e266335b63d955cec11dda1196b59e29a46a970e43454c127e76,data/03_Under pulse-wise external torque/02_Hidering_direction/traces_4000Hz/201224_018.txt,validation
data/03_Under pulse-wise external torque/02_Hidering_direction,201224_019.txt,201224-2-1,300,20.0,1a6a1037b195e266335b63d955cec11dda1196b59e29a46a970e43454c127e76,data/03_Under pulse-wise external torque/02_Hidering_direction/traces_4000Hz/201224_019.txt,validation
data/03_Under pulse-wise external torque/02_Hidering_direction,201224_020.txt,201224-2-1,300,20.0,1a6a1037b195e266335b63d955cec11dda1196b59e29a46a970e43454c127e76,data/03_Under pulse-wise external torque/02_Hidering_direction/traces_4000Hz/201224_020.txt,validation
data/03_Under pulse-wise external torque/02_Hidering_direction,201224_022.txt,201224-2-2,300,20.0,3d85cd91ab334319e1995225ffdd25b63e2f3b963f17cbcbaa9624923333740d,data/03_Under pulse-wise external torque/02_Hidering_direction/traces_4000Hz/201224_022.txt,validation
data/03_Under pulse-wise external torque/02_Hidering_direction,201224_023.txt,201224-2-2,300,20.0,3d85cd91ab334319e1995225ffdd25b63e2f3b963f17cbcbaa9624923333740d,data/03_Under pulse-wise external torque/02_Hidering_direction/traces_4000Hz/201224_023.txt,validation
data/03_Under pulse-wise external torque/02_Hidering_direction,201224_024.txt,201224-2-2,300,20.0,3d85cd91ab334319e1995225ffdd25b63e2f3b963f17cbcbaa9624923333740d,data/03_Under pulse-wise external torque/02_Hidering_direction/traces_4000Hz/201224_024.txt,validation
data/03_Under pulse-wise external torque/02_Hidering_direction,201226_002.txt,201226-1-1,250,40.0,21e6421c08fbe023602628a32d8f7f1728f25c16169b070839e9a5bc0cf4a52c,data/03_Under pulse-wise external torque/02_Hidering_direction/traces_4000Hz/201226_002.txt,discovery
data/03_Under pulse-wise external torque/02_Hidering_direction,201226_009.txt,201226-1-4,300,40.0,76463741b2ba4e2e78f30abcf0792c03453d046f568c3c173eb4d9067fe897e9,data/03_Under pulse-wise external torque/02_Hidering_direction/traces_4000Hz/201226_009.txt,validation
data/03_Under pulse-wise external torque/02_Hidering_direction,201226_010.txt,201226-1-4,300,40.0,76463741b2ba4e2e78f30abcf0792c03453d046f568c3c173eb4d9067fe897e9,data/03_Under pulse-wise external torque/02_Hidering_direction/traces_4000Hz/201226_010.txt,validation
data/03_Under pulse-wise external torque/02_Hidering_direction,201226_012.txt,201226-1-5,200,40.0,8c447dc727b7fcfa91524aef3a9750527b82c87fe4210f8edf1bf1827198c786,data/03_Under pulse-wise external torque/02_Hidering_direction/traces_4000Hz/201226_012.txt,validation
data/03_Under pulse-wise external torque/02_Hidering_direction,201226_013.txt,201226-1-5,200,40.0,8c447dc727b7fcfa91524aef3a9750527b82c87fe4210f8edf1bf1827198c786,data/03_Under pulse-wise external torque/02_Hidering_direction/traces_4000Hz/201226_013.txt,validation
data/03_Under pulse-wise external torque/02_Hidering_direction,201226_014.txt,201226-1-5,200,40.0,8c447dc727b7fcfa91524aef3a9750527b82c87fe4210f8edf1bf1827198c786,data/03_Under pulse-wise external torque/02_Hidering_direction/traces_4000Hz/201226_014.txt,validation
data/03_Under pulse-wise external torque/02_Hidering_direction,201226_016.txt,201226-2-1,300,40.0,15a97a03bd9066a027a1cfb67a9c9d8bba0d6bfdab0937631baa53e050c225b1,data/03_Under pulse-wise external torque/02_Hidering_direction/traces_4000Hz/201226_016.txt,validation
data/03_Under pulse-wise external torque/02_Hidering_direction,201226_017.txt,201226-2-1,300,40.0,15a97a03bd9066a027a1cfb67a9c9d8bba0d6bfdab0937631baa53e050c225b1,data/03_Under pulse-wise external torque/02_Hidering_direction/traces_4000Hz/201226_017.txt,validation
data/03_Under pulse-wise external torque/02_Hidering_direction,201226_018.txt,201226-2-1,300,40.0,15a97a03bd9066a027a1cfb67a9c9d8bba0d6bfdab0937631baa53e050c225b1,data/03_Under pulse-wise external torque/02_Hidering_direction/traces_4000Hz/201226_018.txt,validation
data/03_Under pulse-wise external torque/02_Hidering_direction,201226_019.txt,201226-2-1,300,40.0,15a97a03bd9066a027a1cfb67a9c9d8bba0d6bfdab0937631baa53e050c225b1,data/03_Under pulse-wise external torque/02_Hidering_direction/traces_4000Hz/201226_019.txt,validation
data/03_Under pulse-wise external torque/02_Hidering_direction,201226_020.txt,201226-2-2,300,40.0,18b842bb269ebc360affa8d474bf01be59330e214b048e445dee5fb3042d08bb,data/03_Under pulse-wise external torque/02_Hidering_direction/traces_4000Hz/201226_020.txt,validation
data/03_Under pulse-wise external torque/02_Hidering_direction,201226_021.txt,201226-2-2,300,40.0,18b842bb269ebc360affa8d474bf01be59330e214b048e445dee5fb3042d08bb,data/03_Under pulse-wise external torque/02_Hidering_direction/traces_4000Hz/201226_021.txt,validation
data/03_Under pulse-wise external torque/02_Hidering_direction,201226_022.txt,201226-2-2,300,40.0,18b842bb269ebc360affa8d474bf01be59330e214b048e445dee5fb3042d08bb,data/03_Under pulse-wise external torque/02_Hidering_direction/traces_4000Hz/201226_022.txt,validation
data/03_Under pulse-wise external torque/02_Hidering_direction,201226_023.txt,201226-2-2,300,40.0,18b842bb269ebc360affa8d474bf01be59330e214b048e445dee5fb3042d08bb,data/03_Under pulse-wise external torque/02_Hidering_direction/traces_4000Hz/201226_023.txt,validation
data/03_Under pulse-wise external torque/02_Hidering_direction,201226_024.txt,201226-2-3,200,40.0,6ce6012745f190eaceeee0ce9022a51f33b67807b958056b0be7c029a3376e1b,data/03_Under pulse-wise external torque/02_Hidering_direction/traces_4000Hz/201226_024.txt,validation
data/03_Under pulse-wise external torque/02_Hidering_direction,201226_025.txt,201226-2-3,200,40.0,6ce6012745f190eaceeee0ce9022a51f33b67807b958056b0be7c029a3376e1b,data/03_Under pulse-wise external torque/02_Hidering_direction/traces_4000Hz/201226_025.txt,validation
data/03_Under pulse-wise external torque/02_Hidering_direction,201226_026.txt,201226-2-3,200,40.0,6ce6012745f190eaceeee0ce9022a51f33b67807b958056b0be7c029a3376e1b,data/03_Under pulse-wise external torque/02_Hidering_direction/traces_4000Hz/201226_026.txt,validation
data/03_Under pulse-wise external torque/02_Hidering_direction,201226_027.txt,201226-2-3,200,40.0,6ce6012745f190eaceeee0ce9022a51f33b67807b958056b0be7c029a3376e1b,data/03_Under pulse-wise external torque/02_Hidering_direction/traces_4000Hz/201226_027.txt,validation
data/03_Under pulse-wise external torque/02_Hidering_direction,201226_028.txt,201226-2-4,200,40.0,1f3732a902e36817e57791e4a6babd7e4ac4e8d21ce692d145987a6efed9a5a5,data/03_Under pulse-wise external torque/02_Hidering_direction/traces_4000Hz/201226_028.txt,validation
data/03_Under pulse-wise external torque/02_Hidering_direction,201226_029.txt,201226-2-4,200,40.0,1f3732a902e36817e57791e4a6babd7e4ac4e8d21ce692d145987a6efed9a5a5,data/03_Under pulse-wise external torque/02_Hidering_direction/traces_4000Hz/201226_029.txt,validation
data/03_Under pulse-wise external torque/02_Hidering_direction,201226_030.txt,201226-2-4,200,40.0,1f3732a902e36817e57791e4a6babd7e4ac4e8d21ce692d145987a6efed9a5a5,data/03_Under pulse-wise external torque/02_Hidering_direction/traces_4000Hz/201226_030.txt,validation
data/03_Under pulse-wise external torque/02_Hidering_direction,201226_031.txt,201226-2-4,200,40.0,1f3732a902e36817e57791e4a6babd7e4ac4e8d21ce692d145987a6efed9a5a5,data/03_Under pulse-wise external torque/02_Hidering_direction/traces_4000Hz/201226_031.txt,validation
data/03_Under pulse-wise external torque/02_Hidering_direction,201226_032.txt,201226-2-5,200,60.0,bba4f7d181c1b5d829ff92c0453d4e9d9bca036322d9dfc8150e6800a8b172a7,data/03_Under pulse-wise external torque/02_Hidering_direction/traces_4000Hz/201226_032.txt,validation
data/03_Under pulse-wise external torque/02_Hidering_direction,201226_033.txt,201226-2-5,200,60.0,bba4f7d181c1b5d829ff92c0453d4e9d9bca036322d9dfc8150e6800a8b172a7,data/03_Under pulse-wise external torque/02_Hidering_direction/traces_4000Hz/201226_033.txt,validation
data/03_Under pulse-wise external torque/02_Hidering_direction,201226_034.txt,201226-2-5,200,60.0,bba4f7d181c1b5d829ff92c0453d4e9d9bca036322d9dfc8150e6800a8b172a7,data/03_Under pulse-wise external torque/02_Hidering_direction/traces_4000Hz/201226_034.txt,validation
data/03_Under pulse-wise external torque/02_Hidering_direction,201226_035.txt,201226-2-5,200,60.0,bba4f7d181c1b5d829ff92c0453d4e9d9bca036322d9dfc8150e6800a8b172a7,data/03_Under pulse-wise external torque/02_Hidering_direction/traces_4000Hz/201226_035.txt,validation
data/03_Under pulse-wise external torque/02_Hidering_direction,201226_036.txt,201226-3-1,300,60.0,5f2991a8a553adbd98284566658b8f1aaac72c7a47e611d52bd1715fe9e053d6,data/03_Under pulse-wise external torque/02_Hidering_direction/traces_4000Hz/201226_036.txt,discovery
data/03_Under pulse-wise external torque/02_Hidering_direction,201226_037.txt,201226-3-1,300,60.0,5f2991a8a553adbd98284566658b8f1aaac72c7a47e611d52bd1715fe9e053d6,data/03_Under pulse-wise external torque/02_Hidering_direction/traces_4000Hz/201226_037.txt,discovery
data/03_Under pulse-wise external torque/02_Hidering_direction,201226_038.txt,201226-3-1,300,60.0,5f2991a8a553adbd98284566658b8f1aaac72c7a47e611d52bd1715fe9e053d6,data/03_Under pulse-wise external torque/02_Hidering_direction/traces_4000Hz/201226_038.txt,discovery
data/03_Under pulse-wise external torque/02_Hidering_direction,201226_039.txt,201226-3-1,300,60.0,5f2991a8a553adbd98284566658b8f1aaac72c7a47e611d52bd1715fe9e053d6,data/03_Under pulse-wise external torque/02_Hidering_direction/traces_4000Hz/201226_039.txt,discovery
data/03_Under pulse-wise external torque/02_Hidering_direction,201226_042.txt,201226-4-1,300,30.0,9c2f575c23047d9807ed6214546b7473f21e8c3773d7581140d728644f7f82dc,data/03_Under pulse-wise external torque/02_Hidering_direction/traces_4000Hz/201226_042.txt,discovery
data/03_Under pulse-wise external torque/02_Hidering_direction,201226_044.txt,201226-4-2,200,30.0,bbcdd83725e7513421f60774b46c1923e1e90a4df096c3c7a20af9ed90f8b811,data/03_Under pulse-wise external torque/02_Hidering_direction/traces_4000Hz/201226_044.txt,validation
data/03_Under pulse-wise external torque/02_Hidering_direction,201226_045.txt,201226-4-2,200,30.0,bbcdd83725e7513421f60774b46c1923e1e90a4df096c3c7a20af9ed90f8b811,data/03_Under pulse-wise external torque/02_Hidering_direction/traces_4000Hz/201226_045.txt,validation
data/03_Under pulse-wise external torque/02_Hidering_direction,201226_046.txt,201226-4-2,200,30.0,bbcdd83725e7513421f60774b46c1923e1e90a4df096c3c7a20af9ed90f8b811,data/03_Under pulse-wise external torque/02_Hidering_direction/traces_4000Hz/201226_046.txt,validation
data/03_Under pulse-wise external torque/02_Hidering_direction,201226_052.txt,201226-4-6,200,30.0,33177a373ad6ba5c11768726bb77721ba1de70b0449424a196806d5525ee3813,data/03_Under pulse-wise external torque/02_Hidering_direction/traces_4000Hz/201226_052.txt,validation
data/03_Under pulse-wise external torque/02_Hidering_direction,201226_053.txt,201226-4-6,200,30.0,33177a373ad6ba5c11768726bb77721ba1de70b0449424a196806d5525ee3813,data/03_Under pulse-wise external torque/02_Hidering_direction/traces_4000Hz/201226_053.txt,validation
data/03_Under pulse-wise external torque/02_Hidering_direction,201226_054.txt,201226-4-6,200,30.0,33177a373ad6ba5c11768726bb77721ba1de70b0449424a196806d5525ee3813,data/03_Under pulse-wise external torque/02_Hidering_direction/traces_4000Hz/201226_054.txt,validation
data/03_Under pulse-wise external torque/02_Hidering_direction,201226_055.txt,201226-4-6,200,30.0,33177a373ad6ba5c11768726bb77721ba1de70b0449424a196806d5525ee3813,data/03_Under pulse-wise external torque/02_Hidering_direction/traces_4000Hz/201226_055.txt,validation
data/03_Under pulse-wise external torque/02_Hidering_direction,201226_056.txt,201226-4-7,200,30.0,8506a342f5633b133642746d690e1fd155c2802a3130af45a543b52a446b6806,data/03_Under pulse-wise external torque/02_Hidering_direction/traces_4000Hz/201226_056.txt,discovery
data/03_Under pulse-wise external torque/02_Hidering_direction,201226_057.txt,201226-4-7,200,30.0,8506a342f5633b133642746d690e1fd155c2802a3130af45a543b52a446b6806,data/03_Under pulse-wise external torque/02_Hidering_direction/traces_4000Hz/201226_057.txt,discovery
data/03_Under pulse-wise external torque/02_Hidering_direction,201226_058.txt,201226-4-7,200,30.0,8506a342f5633b133642746d690e1fd155c2802a3130af45a543b52a446b6806,data/03_Under pulse-wise external torque/02_Hidering_direction/traces_4000Hz/201226_058.txt,discovery
data/03_Under pulse-wise external torque/02_Hidering_direction,201226_059.txt,201226-4-7,200,30.0,8506a342f5633b133642746d690e1fd155c2802a3130af45a543b52a446b6806,data/03_Under pulse-wise external torque/02_Hidering_direction/traces_4000Hz/201226_059.txt,discovery
data/03_Under pulse-wise external torque/02_Hidering_direction,201226_062.txt,201226-5-2,200,30.0,b02bbb6523dea3b76ece4f434a5c0ed0059532517c4e52ba584c5757209223c6,data/03_Under pulse-wise external torque/02_Hidering_direction/traces_4000Hz/201226_062.txt,validation
data/03_Under pulse-wise external torque/02_Hidering_direction,201226_063.txt,201226-5-2,200,30.0,b02bbb6523dea3b76ece4f434a5c0ed0059532517c4e52ba584c5757209223c6,data/03_Under pulse-wise external torque/02_Hidering_direction/traces_4000Hz/201226_063.txt,validation
data/03_Under pulse-wise external torque/02_Hidering_direction,201226_064.txt,201226-5-2,200,30.0,b02bbb6523dea3b76ece4f434a5c0ed0059532517c4e52ba584c5757209223c6,data/03_Under pulse-wise external torque/02_Hidering_direction/traces_4000Hz/201226_064.txt,validation
data/03_Under pulse-wise external torque/02_Hidering_direction,201226_065.txt,201226-5-2,200,30.0,b02bbb6523dea3b76ece4f434a5c0ed0059532517c4e52ba584c5757209223c6,data/03_Under pulse-wise external torque/02_Hidering_direction/traces_4000Hz/201226_065.txt,validation
data/03_Under pulse-wise external torque/02_Hidering_direction,201226_066.txt,201226-5-3,250,30.0,6667d7dbad1c69dd147e67de07de953e3fc52887e7111ead0909aa106b2e77d4,data/03_Under pulse-wise external torque/02_Hidering_direction/traces_4000Hz/201226_066.txt,validation
data/03_Under pulse-wise external torque/02_Hidering_direction,201226_067.txt,201226-5-3,250,30.0,6667d7dbad1c69dd147e67de07de953e3fc52887e7111ead0909aa106b2e77d4,data/03_Under pulse-wise external torque/02_Hidering_direction/traces_4000Hz/201226_067.txt,validation
data/03_Under pulse-wise external torque/02_Hidering_direction,201226_068.txt,201226-5-3,250,30.0,6667d7dbad1c69dd147e67de07de953e3fc52887e7111ead0909aa106b2e77d4,data/03_Under pulse-wise external torque/02_Hidering_direction/traces_4000Hz/201226_068.txt,validation
data/03_Under pulse-wise external torque/02_Hidering_direction,201226_069.txt,201226-5-3,250,30.0,6667d7dbad1c69dd147e67de07de953e3fc52887e7111ead0909aa106b2e77d4,data/03_Under pulse-wise external torque/02_Hidering_direction/traces_4000Hz/201226_069.txt,validation
data/03_Under pulse-wise external torque/02_Hidering_direction,201226_071.txt,201226-5-5,200,30.0,e67ac38f830a6f3c9c1dee2ffb66b346ec3f9398fcab8d4e6d95bbb8d92964ef,data/03_Under pulse-wise external torque/02_Hidering_direction/traces_4000Hz/201226_071.txt,validation
data/03_Under pulse-wise external torque/02_Hidering_direction,201226_073.txt,201226-5-5,200,30.0,e67ac38f830a6f3c9c1dee2ffb66b346ec3f9398fcab8d4e6d95bbb8d92964ef,data/03_Under pulse-wise external torque/02_Hidering_direction/traces_4000Hz/201226_073.txt,validation
data/03_Under pulse-wise external torque/02_Hidering_direction,201226_074.txt,201226-5-5,200,30.0,e67ac38f830a6f3c9c1dee2ffb66b346ec3f9398fcab8d4e6d95bbb8d92964ef,data/03_Under pulse-wise external torque/02_Hidering_direction/traces_4000Hz/201226_074.txt,validation
data/03_Under pulse-wise external torque/02_Hidering_direction,201227_003.txt,201227-1-2,300,70.0,8cc5e92ab2385ac423db11ef1e595fc524b4b5fe81b4da3acba3b345464f37ff,data/03_Under pulse-wise external torque/02_Hidering_direction/traces_4000Hz/201227_003.txt,discovery
data/03_Under pulse-wise external torque/02_Hidering_direction,201227_004.txt,201227-1-2,300,70.0,8cc5e92ab2385ac423db11ef1e595fc524b4b5fe81b4da3acba3b345464f37ff,data/03_Under pulse-wise external torque/02_Hidering_direction/traces_4000Hz/201227_004.txt,discovery
data/03_Under pulse-wise external torque/02_Hidering_direction,201227_005.txt,201227-1-2,300,70.0,8cc5e92ab2385ac423db11ef1e595fc524b4b5fe81b4da3acba3b345464f37ff,data/03_Under pulse-wise external torque/02_Hidering_direction/traces_4000Hz/201227_005.txt,discovery
data/03_Under pulse-wise external torque/02_Hidering_direction,201227_006.txt,201227-1-2,300,70.0,8cc5e92ab2385ac423db11ef1e595fc524b4b5fe81b4da3acba3b345464f37ff,data/03_Under pulse-wise external torque/02_Hidering_direction/traces_4000Hz/201227_006.txt,discovery
data/03_Under pulse-wise external torque/02_Hidering_direction,201227_007.txt,201227-1-3,300,70.0,32f98938af35e10f164c613edab1f4a07510ec976020d79924cb0abb5c4ca300,data/03_Under pulse-wise external torque/02_Hidering_direction/traces_4000Hz/201227_007.txt,discovery
data/03_Under pulse-wise external torque/02_Hidering_direction,201227_009.txt,201227-1-4,200,70.0,d73b9a4d21a4eb601542c7276ae8985beccd1a5bb0196eca47e11b5e5e2167de,data/03_Under pulse-wise external torque/02_Hidering_direction/traces_4000Hz/201227_009.txt,validation
data/03_Under pulse-wise external torque/02_Hidering_direction,201227_011.txt,201227-1-4,200,70.0,d73b9a4d21a4eb601542c7276ae8985beccd1a5bb0196eca47e11b5e5e2167de,data/03_Under pulse-wise external torque/02_Hidering_direction/traces_4000Hz/201227_011.txt,validation
data/03_Under pulse-wise external torque/02_Hidering_direction,201227_013.txt,201227-1-5,200,70.0,539300e14d0589ec3b556b8ae75046c2a3e728c4920d5209432fed956ce313e6,data/03_Under pulse-wise external torque/02_Hidering_direction/traces_4000Hz/201227_013.txt,validation
data/03_Under pulse-wise external torque/02_Hidering_direction,201227_014.txt,201227-1-5,200,70.0,539300e14d0589ec3b556b8ae75046c2a3e728c4920d5209432fed956ce313e6,data/03_Under pulse-wise external torque/02_Hidering_direction/traces_4000Hz/201227_014.txt,validation
data/03_Under pulse-wise external torque/02_Hidering_direction,201227_016.txt,201227-1-6,200,70.0,d755f0885957bad01aba24cbf300afba581fbd3998763424741be4547a148fbe,data/03_Under pulse-wise external torque/02_Hidering_direction/traces_4000Hz/201227_016.txt,discovery
data/03_Under pulse-wise external torque/02_Hidering_direction,201227_017.txt,201227-1-6,200,70.0,d755f0885957bad01aba24cbf300afba581fbd3998763424741be4547a148fbe,data/03_Under pulse-wise external torque/02_Hidering_direction/traces_4000Hz/201227_017.txt,discovery
data/03_Under pulse-wise external torque/02_Hidering_direction,201227_018.txt,201227-1-6,200,70.0,d755f0885957bad01aba24cbf300afba581fbd3998763424741be4547a148fbe,data/03_Under pulse-wise external torque/02_Hidering_direction/traces_4000Hz/201227_018.txt,discovery
data/03_Under pulse-wise external torque/02_Hidering_direction,201227_019.txt,201227-1-6,200,70.0,d755f0885957bad01aba24cbf300afba581fbd3998763424741be4547a148fbe,data/03_Under pulse-wise external torque/02_Hidering_direction/traces_4000Hz/201227_019.txt,discovery
data/03_Under pulse-wise external torque/02_Hidering_direction,201227_021.txt,201227-2-1,300,70.0,9faf4ecacd468f3bc849e256c14f3010c4c9003bf1f4bdc88e70f6e8f5324792,data/03_Under pulse-wise external torque/02_Hidering_direction/traces_4000Hz/201227_021.txt,discovery
data/03_Under pulse-wise external torque/02_Hidering_direction,201227_022.txt,201227-2-1,300,70.0,9faf4ecacd468f3bc849e256c14f3010c4c9003bf1f4bdc88e70f6e8f5324792,data/03_Under pulse-wise external torque/02_Hidering_direction/traces_4000Hz/201227_022.txt,discovery
data/03_Under pulse-wise external torque/02_Hidering_direction,201227_023.txt,201227-2-1,300,70.0,9faf4ecacd468f3bc849e256c14f3010c4c9003bf1f4bdc88e70f6e8f5324792,data/03_Under pulse-wise external torque/02_Hidering_direction/traces_4000Hz/201227_023.txt,discovery
data/03_Under pulse-wise external torque/02_Hidering_direction,201227_024.txt,201227-2-1,300,70.0,9faf4ecacd468f3bc849e256c14f3010c4c9003bf1f4bdc88e70f6e8f5324792,data/03_Under pulse-wise external torque/02_Hidering_direction/traces_4000Hz/201227_024.txt,discovery
data/03_Under pulse-wise external torque/02_Hidering_direction,201227_026.txt,201227-2-3,300,70.0,fc2c11f2dae1c22fe8f14432a97dcf92b1e084440bec2833602d86462238e611,data/03_Under pulse-wise external torque/02_Hidering_direction/traces_4000Hz/201227_026.txt,discovery
data/03_Under pulse-wise external torque/02_Hidering_direction,201227_027.txt,201227-2-3,300,70.0,fc2c11f2dae1c22fe8f14432a97dcf92b1e084440bec2833602d86462238e611,data/03_Under pulse-wise external torque/02_Hidering_direction/traces_4000Hz/201227_027.txt,discovery
data/03_Under pulse-wise external torque/02_Hidering_direction,201227_029.txt,201227-2-3,300,70.0,fc2c11f2dae1c22fe8f14432a97dcf92b1e084440bec2833602d86462238e611,data/03_Under pulse-wise external torque/02_Hidering_direction/traces_4000Hz/201227_029.txt,discovery
data/03_Under pulse-wise external torque/02_Hidering_direction,201227_030.txt,201227-2-3,300,70.0,fc2c11f2dae1c22fe8f14432a97dcf92b1e084440bec2833602d86462238e611,data/03_Under pulse-wise external torque/02_Hidering_direction/traces_4000Hz/201227_030.txt,discovery
data/03_Under pulse-wise external torque/02_Hidering_direction,201227_031.txt,201227-2-4,300,70.0,de1c03d0e56a7c8689ace8148d24bdf8db93c8ecf1b9a6b388dc5147400e203b,data/03_Under pulse-wise external torque/02_Hidering_direction/traces_4000Hz/201227_031.txt,discovery
data/03_Under pulse-wise external torque/02_Hidering_direction,201227_032.txt,201227-2-4,300,70.0,de1c03d0e56a7c8689ace8148d24bdf8db93c8ecf1b9a6b388dc5147400e203b,data/03_Under pulse-wise external torque/02_Hidering_direction/traces_4000Hz/201227_032.txt,discovery
data/03_Under pulse-wise external torque/02_Hidering_direction,201227_033.txt,201227-2-4,300,70.0,de1c03d0e56a7c8689ace8148d24bdf8db93c8ecf1b9a6b388dc5147400e203b,data/03_Under pulse-wise external torque/02_Hidering_direction/traces_4000Hz/201227_033.txt,discovery
data/03_Under pulse-wise external torque/02_Hidering_direction,201227_034.txt,201227-2-4,300,70.0,de1c03d0e56a7c8689ace8148d24bdf8db93c8ecf1b9a6b388dc5147400e203b,data/03_Under pulse-wise external torque/02_Hidering_direction/traces_4000Hz/201227_034.txt,discovery
data/03_Under pulse-wise external torque/02_Hidering_direction,201227_035.txt,201227-2-5,200,70.0,bf09cba06616e41a10a0afe9ff684478a791436b4c1242bf4a203c01e10a0685,data/03_Under pulse-wise external torque/02_Hidering_direction/traces_4000Hz/201227_035.txt,discovery
data/03_Under pulse-wise external torque/02_Hidering_direction,201227_043.txt,201227-3-2,300,4.0,06473187ba62d4653c3ac4e6ba7042c980e7c103bedb7257f142c480c15e5d40,data/03_Under pulse-wise external torque/02_Hidering_direction/traces_4000Hz/201227_043.txt,validation
data/03_Under pulse-wise external torque/02_Hidering_direction,201227_044.txt,201227-3-2,300,4.0,06473187ba62d4653c3ac4e6ba7042c980e7c103bedb7257f142c480c15e5d40,data/03_Under pulse-wise external torque/02_Hidering_direction/traces_4000Hz/201227_044.txt,validation
data/03_Under pulse-wise external torque/02_Hidering_direction,201227_045.txt,201227-3-2,300,4.0,06473187ba62d4653c3ac4e6ba7042c980e7c103bedb7257f142c480c15e5d40,data/03_Under pulse-wise external torque/02_Hidering_direction/traces_4000Hz/201227_045.txt,validation
data/03_Under pulse-wise external torque/02_Hidering_direction,201227_046.txt,201227-3-2,300,4.0,06473187ba62d4653c3ac4e6ba7042c980e7c103bedb7257f142c480c15e5d40,data/03_Under pulse-wise external torque/02_Hidering_direction/traces_4000Hz/201227_046.txt,validation
data/03_Under pulse-wise external torque/02_Hidering_direction,210104_002.txt,210104-1-1,300,80.0,7877ba6a29c89f3b0352be879b4c564ece7639c36caa80945290414da798c8e6,data/03_Under pulse-wise external torque/02_Hidering_direction/traces_4000Hz/210104_002.txt,discovery
data/03_Under pulse-wise external torque/02_Hidering_direction,210104_003.txt,210104-1-1,300,80.0,7877ba6a29c89f3b0352be879b4c564ece7639c36caa80945290414da798c8e6,data/03_Under pulse-wise external torque/02_Hidering_direction/traces_4000Hz/210104_003.txt,discovery
data/03_Under pulse-wise external torque/02_Hidering_direction,210104_004.txt,210104-1-1,300,80.0,7877ba6a29c89f3b0352be879b4c564ece7639c36caa80945290414da798c8e6,data/03_Under pulse-wise external torque/02_Hidering_direction/traces_4000Hz/210104_004.txt,discovery
data/03_Under pulse-wise external torque/02_Hidering_direction,210105_001.txt,210105-1-1,200,40.0,e3480598898995542f852225a11515c69c0ba6805f989840e080ef23b89b3e31,data/03_Under pulse-wise external torque/02_Hidering_direction/traces_4000Hz/210105_001.txt,discovery
data/03_Under pulse-wise external torque/02_Hidering_direction,210105_002.txt,210105-1-1,200,40.0,e3480598898995542f852225a11515c69c0ba6805f989840e080ef23b89b3e31,data/03_Under pulse-wise external torque/02_Hidering_direction/traces_4000Hz/210105_002.txt,discovery
data/03_Under pulse-wise external torque/02_Hidering_direction,210105_003.txt,210105-1-1,200,40.0,e3480598898995542f852225a11515c69c0ba6805f989840e080ef23b89b3e31,data/03_Under pulse-wise external torque/02_Hidering_direction/traces_4000Hz/210105_003.txt,discovery
data/03_Under pulse-wise external torque/02_Hidering_direction,210105_005.txt,210105-1-2,200,40.0,d5fd5999bea37f3664c4f3f8c9e0c5c54e56323b077425914ec054a5c969ff7e,data/03_Under pulse-wise external torque/02_Hidering_direction/traces_4000Hz/210105_005.txt,validation
data/03_Under pulse-wise external torque/02_Hidering_direction,210105_011.txt,210105-2-3,200,50.0,4cb388d3257045f2279ff66ee5a8c46de8cf2c26c6ea31466c64b2c269e5d383,data/03_Under pulse-wise external torque/02_Hidering_direction/traces_4000Hz/210105_011.txt,validation
data/03_Under pulse-wise external torque/02_Hidering_direction,210105_012.txt,210105-2-3,200,50.0,4cb388d3257045f2279ff66ee5a8c46de8cf2c26c6ea31466c64b2c269e5d383,data/03_Under pulse-wise external torque/02_Hidering_direction/traces_4000Hz/210105_012.txt,validation
data/03_Under pulse-wise external torque/02_Hidering_direction,210105_018.txt,210105-4-1,300,30.0,6a8a0ee33292c859695403319e9f350ccdb71a38a9e0801639d03826f79d0f42,data/03_Under pulse-wise external torque/02_Hidering_direction/traces_4000Hz/210105_018.txt,validation
data/03_Under pulse-wise external torque/02_Hidering_direction,210105_019.txt,210105-4-1,300,30.0,6a8a0ee33292c859695403319e9f350ccdb71a38a9e0801639d03826f79d0f42,data/03_Under pulse-wise external torque/02_Hidering_direction/traces_4000Hz/210105_019.txt,validation
data/03_Under pulse-wise external torque/02_Hidering_direction,210105_020.txt,210105-4-1,300,30.0,6a8a0ee33292c859695403319e9f350ccdb71a38a9e0801639d03826f79d0f42,data/03_Under pulse-wise external torque/02_Hidering_direction/traces_4000Hz/210105_020.txt,validation
data/03_Under pulse-wise external torque/02_Hidering_direction,210105_023.txt,210105-4-3,300,30.0,fe61390c7950d33cb4fc24cd12e0341f7d6167f7e471503f34b1b5cb03cc206f,data/03_Under pulse-wise external torque/02_Hidering_direction/traces_4000Hz/210105_023.txt,discovery
data/03_Under pulse-wise external torque/02_Hidering_direction,210105_024.txt,210105-4-3,300,30.0,fe61390c7950d33cb4fc24cd12e0341f7d6167f7e471503f34b1b5cb03cc206f,data/03_Under pulse-wise external torque/02_Hidering_direction/traces_4000Hz/210105_024.txt,discovery
data/03_Under pulse-wise external torque/02_Hidering_direction,210105_025.txt,210105-4-4,300,30.0,07b3eb43dddd8e109af8d7aef6102ba094b0c0b243aed6cdd2bae624265fb4e7,data/03_Under pulse-wise external torque/02_Hidering_direction/traces_4000Hz/210105_025.txt,validation
data/03_Under pulse-wise external torque/02_Hidering_direction,210105_026.txt,210105-4-4,300,30.0,07b3eb43dddd8e109af8d7aef6102ba094b0c0b243aed6cdd2bae624265fb4e7,data/03_Under pulse-wise external torque/02_Hidering_direction/traces_4000Hz/210105_026.txt,validation
data/03_Under pulse-wise external torque/02_Hidering_direction,210105_027.txt,210105-5-1,300,30.0,d4e1830fc4529e7cc696e4110becedf3f18537695dfc6c3958e22f9c93408373,data/03_Under pulse-wise external torque/02_Hidering_direction/traces_4000Hz/210105_027.txt,validation
data/03_Under pulse-wise external torque/02_Hidering_direction,210105_028.txt,210105-5-1,300,30.0,d4e1830fc4529e7cc696e4110becedf3f18537695dfc6c3958e22f9c93408373,data/03_Under pulse-wise external torque/02_Hidering_direction/traces_4000Hz/210105_028.txt,validation
data/03_Under pulse-wise external torque/02_Hidering_direction,210105_030.txt,210105-5-2,300,30.0,6f372b3eed5f2ce6090468b907e7a7d27e95ab2d8f52fae7712a48a677283faa,data/03_Under pulse-wise external torque/02_Hidering_direction/traces_4000Hz/210105_030.txt,discovery
data/03_Under pulse-wise external torque/02_Hidering_direction,210105_034.txt,210105-5-3,300,30.0,8d5dda5164d6a933956dcd5168b6ea02d3d77a065a2802713ec8f33cc4dffcab,data/03_Under pulse-wise external torque/02_Hidering_direction/traces_4000Hz/210105_034.txt,validation
data/03_Under pulse-wise external torque/02_Hidering_direction,210105_035.txt,210105-5-3,300,30.0,8d5dda5164d6a933956dcd5168b6ea02d3d77a065a2802713ec8f33cc4dffcab,data/03_Under pulse-wise external torque/02_Hidering_direction/traces_4000Hz/210105_035.txt,validation
data/03_Under pulse-wise external torque/02_Hidering_direction,210105_036.txt,210105-5-3,300,30.0,8d5dda5164d6a933956dcd5168b6ea02d3d77a065a2802713ec8f33cc4dffcab,data/03_Under pulse-wise external torque/02_Hidering_direction/traces_4000Hz/210105_036.txt,validation
data/03_Under pulse-wise external torque/02_Hidering_direction,210105_037.txt,210105-5-3,300,30.0,8d5dda5164d6a933956dcd5168b6ea02d3d77a065a2802713ec8f33cc4dffcab,data/03_Under pulse-wise external torque/02_Hidering_direction/traces_4000Hz/210105_037.txt,validation
data/03_Under pulse-wise external torque/02_Hidering_direction,210105_038.txt,210105-5-4,300,30.0,3133ac55796d25e1d3260c2d65d6486a5cbe547eae1bd2e3b09740b6d0368e92,data/03_Under pulse-wise external torque/02_Hidering_direction/traces_4000Hz/210105_038.txt,validation
data/03_Under pulse-wise external torque/02_Hidering_direction,210105_040.txt,210105-5-4,300,30.0,3133ac55796d25e1d3260c2d65d6486a5cbe547eae1bd2e3b09740b6d0368e92,data/03_Under pulse-wise external torque/02_Hidering_direction/traces_4000Hz/210105_040.txt,validation
data/03_Under pulse-wise external torque/02_Hidering_direction,210105_041.txt,210105-5-4,300,30.0,3133ac55796d25e1d3260c2d65d6486a5cbe547eae1bd2e3b09740b6d0368e92,data/03_Under pulse-wise external torque/02_Hidering_direction/traces_4000Hz/210105_041.txt,validation
data/03_Under pulse-wise external torque/02_Hidering_direction,210105_044.txt,210105-6-2,300,50.0,5798081e506287d5ad40d170942a936eba460b6a951b69d0a75ca4a8befc534d,data/03_Under pulse-wise external torque/02_Hidering_direction/traces_4000Hz/210105_044.txt,discovery
data/03_Under pulse-wise external torque/02_Hidering_direction,210105_047.txt,210105-6-2,300,50.0,5798081e506287d5ad40d170942a936eba460b6a951b69d0a75ca4a8befc534d,data/03_Under pulse-wise external torque/02_Hidering_direction/traces_4000Hz/210105_047.txt,discovery
data/03_Under pulse-wise external torque/02_Hidering_direction,210106_001.txt,210106-1-1,300,50.0,37acda2862260680d1a2286fd0cbe8e1b3403200a9c07fa262be69f3d5be0c64,data/03_Under pulse-wise external torque/02_Hidering_direction/traces_4000Hz/210106_001.txt,discovery
data/03_Under pulse-wise external torque/02_Hidering_direction,210106_003.txt,210106-1-1,300,50.0,37acda2862260680d1a2286fd0cbe8e1b3403200a9c07fa262be69f3d5be0c64,data/03_Under pulse-wise external torque/02_Hidering_direction/traces_4000Hz/210106_003.txt,discovery
data/03_Under pulse-wise external torque/02_Hidering_direction,210106_006.txt,210106-1-3,250,50.0,44ee008dd38edfd8bf631ba5baa6b17a6c4b1f0b8b053583e53ed734b7b737b3,data/03_Under pulse-wise external torque/02_Hidering_direction/traces_4000Hz/210106_006.txt,validation
data/03_Under pulse-wise external torque/02_Hidering_direction,210106_008.txt,210106-1-3,250,50.0,44ee008dd38edfd8bf631ba5baa6b17a6c4b1f0b8b053583e53ed734b7b737b3,data/03_Under pulse-wise external torque/02_Hidering_direction/traces_4000Hz/210106_008.txt,validation
data/03_Under pulse-wise external torque/02_Hidering_direction,210106_010.txt,210106-1-3,250,50.0,44ee008dd38edfd8bf631ba5baa6b17a6c4b1f0b8b053583e53ed734b7b737b3,data/03_Under pulse-wise external torque/02_Hidering_direction/traces_4000Hz/210106_010.txt,validation
data/03_Under pulse-wise external torque/02_Hidering_direction,210106_011.txt,210106-1-3,250,50.0,44ee008dd38edfd8bf631ba5baa6b17a6c4b1f0b8b053583e53ed734b7b737b3,data/03_Under pulse-wise external torque/02_Hidering_direction/traces_4000Hz/210106_011.txt,validation
data/03_Under pulse-wise external torque/02_Hidering_direction,210106_012.txt,210106-1-4,250,50.0,48413552410e59584eaf58d7ddb6a828f0d28a4fc77c949caa420771a5dcf27c,data/03_Under pulse-wise external torque/02_Hidering_direction/traces_4000Hz/210106_012.txt,discovery
data/03_Under pulse-wise external torque/02_Hidering_direction,210106_013.txt,210106-1-4,250,50.0,48413552410e59584eaf58d7ddb6a828f0d28a4fc77c949caa420771a5dcf27c,data/03_Under pulse-wise external torque/02_Hidering_direction/traces_4000Hz/210106_013.txt,discovery
data/03_Under pulse-wise external torque/02_Hidering_direction,210106_017.txt,210106-2-1,200,50.0,ab346925d6b4bd5b9cefd9b31709ab4b3e393d16b8a7e3e2ba09a197a1358cd2,data/03_Under pulse-wise external torque/02_Hidering_direction/traces_4000Hz/210106_017.txt,validation
data/03_Under pulse-wise external torque/02_Hidering_direction,210106_019.txt,210106-2-2,200,50.0,c1e5ca3dd932e536be6259260a81d0c878370b76ffdd858f9b3b55ab10569526,data/03_Under pulse-wise external torque/02_Hidering_direction/traces_4000Hz/210106_019.txt,validation
data/03_Under pulse-wise external torque/02_Hidering_direction,210106_020.txt,210106-2-2,200,50.0,c1e5ca3dd932e536be6259260a81d0c878370b76ffdd858f9b3b55ab10569526,data/03_Under pulse-wise external torque/02_Hidering_direction/traces_4000Hz/210106_020.txt,validation
data/03_Under pulse-wise external torque/02_Hidering_direction,210106_021.txt,210106-2-2,200,50.0,c1e5ca3dd932e536be6259260a81d0c878370b76ffdd858f9b3b55ab10569526,data/03_Under pulse-wise external torque/02_Hidering_direction/traces_4000Hz/210106_021.txt,validation
data/03_Under pulse-wise external torque/02_Hidering_direction,210106_022.txt,210106-2-2,200,50.0,c1e5ca3dd932e536be6259260a81d0c878370b76ffdd858f9b3b55ab10569526,data/03_Under pulse-wise external torque/02_Hidering_direction/traces_4000Hz/210106_022.txt,validation
data/03_Under pulse-wise external torque/02_Hidering_direction,210106_023.txt,210106-2-3,200,50.0,b3e8fa0c3ecf1ec8d3cd0105f6f8cdcce6699a1fe7257d97f804a2061a03bbd9,data/03_Under pulse-wise external torque/02_Hidering_direction/traces_4000Hz/210106_023.txt,discovery
data/03_Under pulse-wise external torque/02_Hidering_direction,210106_025.txt,210106-2-4,200,50.0,45afb517821ebe1ee02c810fe80e25e820fff555779d7ff225efb82bc28b5285,data/03_Under pulse-wise external torque/02_Hidering_direction/traces_4000Hz/210106_025.txt,validation
data/03_Under pulse-wise external torque/02_Hidering_direction,210106_026.txt,210106-2-4,200,50.0,45afb517821ebe1ee02c810fe80e25e820fff555779d7ff225efb82bc28b5285,data/03_Under pulse-wise external torque/02_Hidering_direction/traces_4000Hz/210106_026.txt,validation
data/03_Under pulse-wise external torque/02_Hidering_direction,210106_027.txt,210106-2-4,200,50.0,45afb517821ebe1ee02c810fe80e25e820fff555779d7ff225efb82bc28b5285,data/03_Under pulse-wise external torque/02_Hidering_direction/traces_4000Hz/210106_027.txt,validation
data/03_Under pulse-wise external torque/02_Hidering_direction,210106_028.txt,210106-2-4,200,50.0,45afb517821ebe1ee02c810fe80e25e820fff555779d7ff225efb82bc28b5285,data/03_Under pulse-wise external torque/02_Hidering_direction/traces_4000Hz/210106_028.txt,validation
data/03_Under pulse-wise external torque/02_Hidering_direction,210106_032.txt,210106-2-7,300,50.0,a7772a9955abc9a214c34e0c319b62054ed82456dcf375b8fa9fc283e0d8fd70,data/03_Under pulse-wise external torque/02_Hidering_direction/traces_4000Hz/210106_032.txt,validation
data/03_Under pulse-wise external torque/02_Hidering_direction,210106_033.txt,210106-2-7,300,50.0,a7772a9955abc9a214c34e0c319b62054ed82456dcf375b8fa9fc283e0d8fd70,data/03_Under pulse-wise external torque/02_Hidering_direction/traces_4000Hz/210106_033.txt,validation
data/03_Under pulse-wise external torque/02_Hidering_direction,210106_035.txt,210106-3-1,300,50.0,34733f5e705255e0cace767991621d3a368f1d9e6125ec5db57184028f9d4c14,data/03_Under pulse-wise external torque/02_Hidering_direction/traces_4000Hz/210106_035.txt,discovery
data/03_Under pulse-wise external torque/02_Hidering_direction,210106_036.txt,210106-3-1,300,50.0,34733f5e705255e0cace767991621d3a368f1d9e6125ec5db57184028f9d4c14,data/03_Under pulse-wise external torque/02_Hidering_direction/traces_4000Hz/210106_036.txt,discovery
data/03_Under pulse-wise external torque/02_Hidering_direction,210106_038.txt,210106-3-2,300,50.0,a4fd288c796d5210b432414cc2bf5fad84c8433da224ba98deb59859d2be3ded,data/03_Under pulse-wise external torque/02_Hidering_direction/traces_4000Hz/210106_038.txt,discovery
data/03_Under pulse-wise external torque/02_Hidering_direction,210106_040.txt,210106-3-2,300,50.0,a4fd288c796d5210b432414cc2bf5fad84c8433da224ba98deb59859d2be3ded,data/03_Under pulse-wise external torque/02_Hidering_direction/traces_4000Hz/210106_040.txt,discovery
data/03_Under pulse-wise external torque/02_Hidering_direction,210106_042.txt,210106-3-3,200,50.0,907514db621c4615805d7471f38638c53f7b5b2c001ba15e9d0fed2ad352a16e,data/03_Under pulse-wise external torque/02_Hidering_direction/traces_4000Hz/210106_042.txt,validation
data/03_Under pulse-wise external torque/02_Hidering_direction,210106_043.txt,210106-3-3,200,50.0,907514db621c4615805d7471f38638c53f7b5b2c001ba15e9d0fed2ad352a16e,data/03_Under pulse-wise external torque/02_Hidering_direction/traces_4000Hz/210106_043.txt,validation
data/03_Under pulse-wise external torque/02_Hidering_direction,210106_046.txt,210106-3-4,300,50.0,d1df02d4170ec299334852f961f9437651add05955c547eec0ee243d4f4c31f3,data/03_Under pulse-wise external torque/02_Hidering_direction/traces_4000Hz/210106_046.txt,discovery
data/03_Under pulse-wise external torque/02_Hidering_direction,210106_047.txt,210106-3-4,300,50.0,d1df02d4170ec299334852f961f9437651add05955c547eec0ee243d4f4c31f3,data/03_Under pulse-wise external torque/02_Hidering_direction/traces_4000Hz/210106_047.txt,discovery
data/03_Under pulse-wise external torque/02_Hidering_direction,210106_048.txt,210106-3-4,250,50.0,d1df02d4170ec299334852f961f9437651add05955c547eec0ee243d4f4c31f3,data/03_Under pulse-wise external torque/02_Hidering_direction/traces_4000Hz/210106_048.txt,discovery
data/03_Under pulse-wise external torque/02_Hidering_direction,210106_049.txt,210106-3-4,250,50.0,d1df02d4170ec299334852f961f9437651add05955c547eec0ee243d4f4c31f3,data/03_Under pulse-wise external torque/02_Hidering_direction/traces_4000Hz/210106_049.txt,discovery
data/03_Under pulse-wise external torque/02_Hidering_direction,210106_050.txt,210106-3-5,200,50.0,114afadd85dd42d358cba5153e2508a47fbb31952dc9c2e2134758f8f82d13de,data/03_Under pulse-wise external torque/02_Hidering_direction/traces_4000Hz/210106_050.txt,validation
data/03_Under pulse-wise external torque/02_Hidering_direction,210106_051.txt,210106-3-5,200,50.0,114afadd85dd42d358cba5153e2508a47fbb31952dc9c2e2134758f8f82d13de,data/03_Under pulse-wise external torque/02_Hidering_direction/traces_4000Hz/210106_051.txt,validation
data/03_Under pulse-wise external torque/02_Hidering_direction,210106_053.txt,210106-3-5,200,50.0,114afadd85dd42d358cba5153e2508a47fbb31952dc9c2e2134758f8f82d13de,data/03_Under pulse-wise external torque/02_Hidering_direction/traces_4000Hz/210106_053.txt,validation
data/03_Under pulse-wise external torque/02_Hidering_direction,210106_054.txt,210106-3-5,200,50.0,114afadd85dd42d358cba5153e2508a47fbb31952dc9c2e2134758f8f82d13de,data/03_Under pulse-wise external torque/02_Hidering_direction/traces_4000Hz/210106_054.txt,validation
data/03_Under pulse-wise external torque/02_Hidering_direction,210113_004.txt,210113-1-2,200,45.0,03ffa56b9048b54090171908c1c83ab504bd36423169b00e60fa5c6e37336487,data/03_Under pulse-wise external torque/02_Hidering_direction/traces_4000Hz/210113_004.txt,validation
data/03_Under pulse-wise external torque/02_Hidering_direction,210113_005.txt,210113-1-2,200,45.0,03ffa56b9048b54090171908c1c83ab504bd36423169b00e60fa5c6e37336487,data/03_Under pulse-wise external torque/02_Hidering_direction/traces_4000Hz/210113_005.txt,validation
data/03_Under pulse-wise external torque/02_Hidering_direction,210113_007.txt,210113-1-4,200,45.0,b1e1d3e1bd995712d6114074ea2390bebc065e5921f498e92f117aabad98355d,data/03_Under pulse-wise external torque/02_Hidering_direction/traces_4000Hz/210113_007.txt,validation
data/03_Under pulse-wise external torque/02_Hidering_direction,210113_008.txt,210113-1-4,200,45.0,b1e1d3e1bd995712d6114074ea2390bebc065e5921f498e92f117aabad98355d,data/03_Under pulse-wise external torque/02_Hidering_direction/traces_4000Hz/210113_008.txt,validation
data/03_Under pulse-wise external torque/02_Hidering_direction,210113_009.txt,210113-1-4,200,50.0,b1e1d3e1bd995712d6114074ea2390bebc065e5921f498e92f117aabad98355d,data/03_Under pulse-wise external torque/02_Hidering_direction/traces_4000Hz/210113_009.txt,validation
data/03_Under pulse-wise external torque/02_Hidering_direction,210113_010.txt,210113-1-4,200,45.0,b1e1d3e1bd995712d6114074ea2390bebc065e5921f498e92f117aabad98355d,data/03_Under pulse-wise external torque/02_Hidering_direction/traces_4000Hz/210113_010.txt,validation
data/03_Under pulse-wise external torque/02_Hidering_direction,210113_015.txt,210113-1-7,200,45.0,56d4aba7159d4c77f330da243f352fe45e949f76a9238927e954fdb2690fb752,data/03_Under pulse-wise external torque/02_Hidering_direction/traces_4000Hz/210113_015.txt,validation
data/03_Under pulse-wise external torque/02_Hidering_direction,210113_016.txt,210113-1-7,200,45.0,56d4aba7159d4c77f330da243f352fe45e949f76a9238927e954fdb2690fb752,data/03_Under pulse-wise external torque/02_Hidering_direction/traces_4000Hz/210113_016.txt,validation
data/03_Under pulse-wise external torque/01_Assisting_direction,201216_003.txt,201216-2-1,200,5.0,1257c8fd690ba195d20bebded8a8bef31d4b0b1d563a3aead04e5f0c03b7cbf4,data/03_Under pulse-wise external torque/01_Assisting_direction/traces_4000Hz/201216_003.txt,validation
data/03_Under pulse-wise external torque/01_Assisting_direction,201216_005.txt,201216-2-1,200,5.0,1257c8fd690ba195d20bebded8a8bef31d4b0b1d563a3aead04e5f0c03b7cbf4,data/03_Under pulse-wise external torque/01_Assisting_direction/traces_4000Hz/201216_005.txt,validation
data/03_Under pulse-wise external torque/01_Assisting_direction,201216_007.txt,201216-2-1,200,20.0,1257c8fd690ba195d20bebded8a8bef31d4b0b1d563a3aead04e5f0c03b7cbf4,data/03_Under pulse-wise external torque/01_Assisting_direction/traces_4000Hz/201216_007.txt,validation
data/03_Under pulse-wise external torque/01_Assisting_direction,201216_008.txt,201216-2-1,200,20.0,1257c8fd690ba195d20bebded8a8bef31d4b0b1d563a3aead04e5f0c03b7cbf4,data/03_Under pulse-wise external torque/01_Assisting_direction/traces_4000Hz/201216_008.txt,validation
data/03_Under pulse-wise external torque/01_Assisting_direction,201216_015.txt,201216-3-3,200,5.0,fcf37ef91ba40dcb1f56f66bd08cdd94f432bc3f5ec0bb989c13f5d189289aa8,data/03_Under pulse-wise external torque/01_Assisting_direction/traces_4000Hz/201216_015.txt,validation
data/03_Under pulse-wise external torque/01_Assisting_direction,201216_017.txt,201216-3-4,200,5.0,e406ed81e8a92354d4b73108524d397986c824a3842ef121549006be348c32f9,data/03_Under pulse-wise external torque/01_Assisting_direction/traces_4000Hz/201216_017.txt,validation
data/03_Under pulse-wise external torque/01_Assisting_direction,201216_020.txt,201216-4-1,300,50.0,70706d76a4982b35424ea09e49d66489c4c42eab188e2a829906865d77d2103a,data/03_Under pulse-wise external torque/01_Assisting_direction/traces_4000Hz/201216_020.txt,discovery
data/03_Under pulse-wise external torque/01_Assisting_direction,201216_021.txt,201216-4-1,300,50.0,70706d76a4982b35424ea09e49d66489c4c42eab188e2a829906865d77d2103a,data/03_Under pulse-wise external torque/01_Assisting_direction/traces_4000Hz/201216_021.txt,discovery
data/03_Under pulse-wise external torque/01_Assisting_direction,201216_022.txt,201216-4-1,300,50.0,70706d76a4982b35424ea09e49d66489c4c42eab188e2a829906865d77d2103a,data/03_Under pulse-wise external torque/01_Assisting_direction/traces_4000Hz/201216_022.txt,discovery
data/03_Under pulse-wise external torque/01_Assisting_direction,201216_023.txt,201216-4-1,300,5.0,70706d76a4982b35424ea09e49d66489c4c42eab188e2a829906865d77d2103a,data/03_Under pulse-wise external torque/01_Assisting_direction/traces_4000Hz/201216_023.txt,discovery
data/03_Under pulse-wise external torque/01_Assisting_direction,201216_024.txt,201216-4-1,300,5.0,70706d76a4982b35424ea09e49d66489c4c42eab188e2a829906865d77d2103a,data/03_Under pulse-wise external torque/01_Assisting_direction/traces_4000Hz/201216_024.txt,discovery
data/03_Under pulse-wise external torque/01_Assisting_direction,201216_025.txt,201216-4-1,300,5.0,70706d76a4982b35424ea09e49d66489c4c42eab188e2a829906865d77d2103a,data/03_Under pulse-wise external torque/01_Assisting_direction/traces_4000Hz/201216_025.txt,discovery
data/03_Under pulse-wise external torque/01_Assisting_direction,201216_027.txt,201216-4-2,300,5.0,706dc8f03ec05e0fa20bd2cd0eb5fdf212191875baaef9ab4d9b3a094cb2054b,data/03_Under pulse-wise external torque/01_Assisting_direction/traces_4000Hz/201216_027.txt,discovery
data/03_Under pulse-wise external torque/01_Assisting_direction,201216_028.txt,201216-4-2,300,50.0,706dc8f03ec05e0fa20bd2cd0eb5fdf212191875baaef9ab4d9b3a094cb2054b,data/03_Under pulse-wise external torque/01_Assisting_direction/traces_4000Hz/201216_028.txt,discovery
data/03_Under pulse-wise external torque/01_Assisting_direction,201216_029.txt,201216-4-2,300,50.0,706dc8f03ec05e0fa20bd2cd0eb5fdf212191875baaef9ab4d9b3a094cb2054b,data/03_Under pulse-wise external torque/01_Assisting_direction/traces_4000Hz/201216_029.txt,discovery
data/03_Under pulse-wise external torque/01_Assisting_direction,201216_032.txt,201216-4-5,300,5.0,8487cdf9e35f99976e89b2afcb9c6deb359c91e0a2f835a5554749e99a376e6d,data/03_Under pulse-wise external torque/01_Assisting_direction/traces_4000Hz/201216_032.txt,validation
data/03_Under pulse-wise external torque/01_Assisting_direction,201216_033.txt,201216-4-5,200,50.0,8487cdf9e35f99976e89b2afcb9c6deb359c91e0a2f835a5554749e99a376e6d,data/03_Under pulse-wise external torque/01_Assisting_direction/traces_4000Hz/201216_033.txt,validation
data/03_Under pulse-wise external torque/01_Assisting_direction,201216_034.txt,201216-4-5,200,50.0,8487cdf9e35f99976e89b2afcb9c6deb359c91e0a2f835a5554749e99a376e6d,data/03_Under pulse-wise external torque/01_Assisting_direction/traces_4000Hz/201216_034.txt,validation
data/03_Under pulse-wise external torque/01_Assisting_direction,201216_035.txt,201216-4-5,200,5.0,8487cdf9e35f99976e89b2afcb9c6deb359c91e0a2f835a5554749e99a376e6d,data/03_Under pulse-wise external torque/01_Assisting_direction/traces_4000Hz/201216_035.txt,validation
data/03_Under pulse-wise external torque/01_Assisting_direction,201216_036.txt,201216-4-5,200,5.0,8487cdf9e35f99976e89b2afcb9c6deb359c91e0a2f835a5554749e99a376e6d,data/03_Under pulse-wise external torque/01_Assisting_direction/traces_4000Hz/201216_036.txt,validation
data/03_Under pulse-wise external torque/01_Assisting_direction,201216_037.txt,201216-4-6,200,5.0,d37e8ee07ad595cf9d277850c392215754e6574eb8deaab63bd3e8d21836510a,data/03_Under pulse-wise external torque/01_Assisting_direction/traces_4000Hz/201216_037.txt,discovery
data/03_Under pulse-wise external torque/01_Assisting_direction,201216_038.txt,201216-4-6,200,5.0,d37e8ee07ad595cf9d277850c392215754e6574eb8deaab63bd3e8d21836510a,data/03_Under pulse-wise external torque/01_Assisting_direction/traces_4000Hz/201216_038.txt,discovery
data/03_Under pulse-wise external torque/01_Assisting_direction,201216_039.txt,201216-4-6,200,50.0,d37e8ee07ad595cf9d277850c392215754e6574eb8deaab63bd3e8d21836510a,data/03_Under pulse-wise external torque/01_Assisting_direction/traces_4000Hz/201216_039.txt,discovery
data/03_Under pulse-wise external torque/01_Assisting_direction,201216_040.txt,201216-4-6,200,50.0,d37e8ee07ad595cf9d277850c392215754e6574eb8deaab63bd3e8d21836510a,data/03_Under pulse-wise external torque/01_Assisting_direction/traces_4000Hz/201216_040.txt,discovery
data/03_Under pulse-wise external torque/01_Assisting_direction,201216_041.txt,201216-4-6,200,5.0,d37e8ee07ad595cf9d277850c392215754e6574eb8deaab63bd3e8d21836510a,data/03_Under pulse-wise external torque/01_Assisting_direction/traces_4000Hz/201216_041.txt,discovery
data/03_Under pulse-wise external torque/01_Assisting_direction,201216_042.txt,201216-4-6,200,50.0,d37e8ee07ad595cf9d277850c392215754e6574eb8deaab63bd3e8d21836510a,data/03_Under pulse-wise external torque/01_Assisting_direction/traces_4000Hz/201216_042.txt,discovery
data/03_Under pulse-wise external torque/01_Assisting_direction,201216_046.txt,201216-5-3,300,50.0,a7d0fc335350fe0cb78653064f44cf3e3a4c00fe34999a37d09d3f12a06ae586,data/03_Under pulse-wise external torque/01_Assisting_direction/traces_4000Hz/201216_046.txt,validation
data/03_Under pulse-wise external torque/01_Assisting_direction,201216_047.txt,201216-5-3,300,50.0,a7d0fc335350fe0cb78653064f44cf3e3a4c00fe34999a37d09d3f12a06ae586,data/03_Under pulse-wise external torque/01_Assisting_direction/traces_4000Hz/201216_047.txt,validation
data/03_Under pulse-wise external torque/01_Assisting_direction,201216_048.txt,201216-5-3,300,5.0,a7d0fc335350fe0cb78653064f44cf3e3a4c00fe34999a37d09d3f12a06ae586,data/03_Under pulse-wise external torque/01_Assisting_direction/traces_4000Hz/201216_048.txt,validation
data/03_Under pulse-wise external torque/01_Assisting_direction,201216_049.txt,201216-5-3,300,5.0,a7d0fc335350fe0cb78653064f44cf3e3a4c00fe34999a37d09d3f12a06ae586,data/03_Under pulse-wise external torque/01_Assisting_direction/traces_4000Hz/201216_049.txt,validation
data/03_Under pulse-wise external torque/01_Assisting_direction,201216_050.txt,201216-5-3,300,50.0,a7d0fc335350fe0cb78653064f44cf3e3a4c00fe34999a37d09d3f12a06ae586,data/03_Under pulse-wise external torque/01_Assisting_direction/traces_4000Hz/201216_050.txt,validation
data/03_Under pulse-wise external torque/01_Assisting_direction,201216_051.txt,201216-5-3,300,5.0,a7d0fc335350fe0cb78653064f44cf3e3a4c00fe34999a37d09d3f12a06ae586,data/03_Under pulse-wise external torque/01_Assisting_direction/traces_4000Hz/201216_051.txt,validation
data/03_Under pulse-wise external torque/01_Assisting_direction,201218_001.txt,201218-1-1,300,20.0,7f720dccb9e04db5dcbcd17adf738c454034ca62295817224fbcd69f7b1f95b2,data/03_Under pulse-wise external torque/01_Assisting_direction/traces_4000Hz/201218_001.txt,discovery
data/03_Under pulse-wise external torque/01_Assisting_direction,201218_002.txt,201218-1-1,300,20.0,7f720dccb9e04db5dcbcd17adf738c454034ca62295817224fbcd69f7b1f95b2,data/03_Under pulse-wise external torque/01_Assisting_direction/traces_4000Hz/201218_002.txt,discovery
data/03_Under pulse-wise external torque/01_Assisting_direction,201218_003.txt,201218-1-1,300,20.0,7f720dccb9e04db5dcbcd17adf738c454034ca62295817224fbcd69f7b1f95b2,data/03_Under pulse-wise external torque/01_Assisting_direction/traces_4000Hz/201218_003.txt,discovery
data/03_Under pulse-wise external torque/01_Assisting_direction,201218_004.txt,201218-1-1,300,20.0,7f720dccb9e04db5dcbcd17adf738c454034ca62295817224fbcd69f7b1f95b2,data/03_Under pulse-wise external torque/01_Assisting_direction/traces_4000Hz/201218_004.txt,discovery
data/03_Under pulse-wise external torque/01_Assisting_direction,201218_006.txt,201218-1-2,300,20.0,4a590cd25c33c2b3ae3c1bb897dee1448afb658b2a7ef4df44aa5c16314a1984,data/03_Under pulse-wise external torque/01_Assisting_direction/traces_4000Hz/201218_006.txt,discovery
data/03_Under pulse-wise external torque/01_Assisting_direction,201218_007.txt,201218-1-2,300,20.0,4a590cd25c33c2b3ae3c1bb897dee1448afb658b2a7ef4df44aa5c16314a1984,data/03_Under pulse-wise external torque/01_Assisting_direction/traces_4000Hz/201218_007.txt,discovery
data/03_Under pulse-wise external torque/01_Assisting_direction,201218_008.txt,201218-1-2,300,20.0,4a590cd25c33c2b3ae3c1bb897dee1448afb658b2a7ef4df44aa5c16314a1984,data/03_Under pulse-wise external torque/01_Assisting_direction/traces_4000Hz/201218_008.txt,discovery
data/03_Under pulse-wise external torque/01_Assisting_direction,201218_010.txt,201218-1-3,300,20.0,854d086accbc44ce8f3f7e57dcd91b82f18d1d4e4861498f629231ad1c626f36,data/03_Under pulse-wise external torque/01_Assisting_direction/traces_4000Hz/201218_010.txt,discovery
data/03_Under pulse-wise external torque/01_Assisting_direction,201218_012.txt,201218-2-1,300,20.0,892234defa33d1bbe295e48e87ff0e1af1bac4010d0771c5aff1a23f853d2240,data/03_Under pulse-wise external torque/01_Assisting_direction/traces_4000Hz/201218_012.txt,discovery
data/03_Under pulse-wise external torque/01_Assisting_direction,201218_013.txt,201218-2-1,300,20.0,892234defa33d1bbe295e48e87ff0e1af1bac4010d0771c5aff1a23f853d2240,data/03_Under pulse-wise external torque/01_Assisting_direction/traces_4000Hz/201218_013.txt,discovery
data/03_Under pulse-wise external torque/01_Assisting_direction,201218_014.txt,201218-2-1,300,20.0,892234defa33d1bbe295e48e87ff0e1af1bac4010d0771c5aff1a23f853d2240,data/03_Under pulse-wise external torque/01_Assisting_direction/traces_4000Hz/201218_014.txt,discovery
data/03_Under pulse-wise external torque/01_Assisting_direction,201218_016.txt,201218-2-3,300,20.0,193a343868aa257dd2d2750a15d250d19c8c4e2537dd8de228015adf684bd211,data/03_Under pulse-wise external torque/01_Assisting_direction/traces_4000Hz/201218_016.txt,discovery
data/03_Under pulse-wise external torque/01_Assisting_direction,201218_019.txt,201218-2-4,300,20.0,a41ee22cb93cc60d826da9e35ebf7483357afb30462dd7fe1d97b97a8d31dd06,data/03_Under pulse-wise external torque/01_Assisting_direction/traces_4000Hz/201218_019.txt,discovery
data/03_Under pulse-wise external torque/01_Assisting_direction,201218_020.txt,201218-2-4,300,20.0,a41ee22cb93cc60d826da9e35ebf7483357afb30462dd7fe1d97b97a8d31dd06,data/03_Under pulse-wise external torque/01_Assisting_direction/traces_4000Hz/201218_020.txt,discovery
data/03_Under pulse-wise external torque/01_Assisting_direction,201218_021.txt,201218-2-4,300,20.0,a41ee22cb93cc60d826da9e35ebf7483357afb30462dd7fe1d97b97a8d31dd06,data/03_Under pulse-wise external torque/01_Assisting_direction/traces_4000Hz/201218_021.txt,discovery
data/03_Under pulse-wise external torque/01_Assisting_direction,201218_022.txt,201218-2-4,300,20.0,a41ee22cb93cc60d826da9e35ebf7483357afb30462dd7fe1d97b97a8d31dd06,data/03_Under pulse-wise external torque/01_Assisting_direction/traces_4000Hz/201218_022.txt,discovery
data/03_Under pulse-wise external torque/01_Assisting_direction,201218_027.txt,201218-3-5,300,20.0,1145410197292174a30a57d0290df574513c9ff64bd95fb8f501c2808012b64e,data/03_Under pulse-wise external torque/01_Assisting_direction/traces_4000Hz/201218_027.txt,validation
data/03_Under pulse-wise external torque/01_Assisting_direction,201218_028.txt,201218-3-5,300,20.0,1145410197292174a30a57d0290df574513c9ff64bd95fb8f501c2808012b64e,data/03_Under pulse-wise external torque/01_Assisting_direction/traces_4000Hz/201218_028.txt,validation
data/03_Under pulse-wise external torque/01_Assisting_direction,201218_031.txt,201218-3-7,300,20.0,ed35b9cd238979a9edc5346a75e0ae03dde07cee82b7276770616b8a1467e6df,data/03_Under pulse-wise external torque/01_Assisting_direction/traces_4000Hz/201218_031.txt,validation
data/03_Under pulse-wise external torque/01_Assisting_direction,201218_035.txt,201218-3-10,300,20.0,e9dd699e193230ba177faaabe8448c9f4a9e96df59d149dae48655d397221fbb,data/03_Under pulse-wise external torque/01_Assisting_direction/traces_4000Hz/201218_035.txt,discovery
data/03_Under pulse-wise external torque/01_Assisting_direction,201218_036.txt,201218-3-10,300,20.0,e9dd699e193230ba177faaabe8448c9f4a9e96df59d149dae48655d397221fbb,data/03_Under pulse-wise external torque/01_Assisting_direction/traces_4000Hz/201218_036.txt,discovery
data/03_Under pulse-wise external torque/01_Assisting_direction,201218_038.txt,201218-3-11,300,20.0,e77171503e5666ad6cea88bd02d90db0e3c80965e0d7c0db194373a1847ffd21,data/03_Under pulse-wise external torque/01_Assisting_direction/traces_4000Hz/201218_038.txt,discovery
data/03_Under pulse-wise external torque/01_Assisting_direction,201218_039.txt,201218-3-12,200,20.0,7831b6d3f971719409262eef0e606b55025e6a8c278f2f2ff114c94f75553a67,data/03_Under pulse-wise external torque/01_Assisting_direction/traces_4000Hz/201218_039.txt,validation
data/03_Under pulse-wise external torque/01_Assisting_direction,201218_040.txt,201218-3-12,200,20.0,7831b6d3f971719409262eef0e606b55025e6a8c278f2f2ff114c94f75553a67,data/03_Under pulse-wise external torque/01_Assisting_direction/traces_4000Hz/201218_040.txt,validation
data/03_Under pulse-wise external torque/01_Assisting_direction,201218_041.txt,201218-3-12,200,20.0,7831b6d3f971719409262eef0e606b55025e6a8c278f2f2ff114c94f75553a67,data/03_Under pulse-wise external torque/01_Assisting_direction/traces_4000Hz/201218_041.txt,validation
data/03_Under pulse-wise external torque/01_Assisting_direction,201218_042.txt,201218-4-1,200,20.0,85490632d7234a400c7035785391bddf270f0595e4fc115f6d4bb4fcf338cc30,data/03_Under pulse-wise external torque/01_Assisting_direction/traces_4000Hz/201218_042.txt,discovery
data/03_Under pulse-wise external torque/01_Assisting_direction,201218_043.txt,201218-4-1,200,20.0,85490632d7234a400c7035785391bddf270f0595e4fc115f6d4bb4fcf338cc30,data/03_Under pulse-wise external torque/01_Assisting_direction/traces_4000Hz/201218_043.txt,discovery
data/03_Under pulse-wise external torque/01_Assisting_direction,201218_044.txt,201218-4-1,200,20.0,85490632d7234a400c7035785391bddf270f0595e4fc115f6d4bb4fcf338cc30,data/03_Under pulse-wise external torque/01_Assisting_direction/traces_4000Hz/201218_044.txt,discovery
data/03_Under pulse-wise external torque/01_Assisting_direction,201218_045.txt,201218-4-1,200,20.0,85490632d7234a400c7035785391bddf270f0595e4fc115f6d4bb4fcf338cc30,data/03_Under pulse-wise external torque/01_Assisting_direction/traces_4000Hz/201218_045.txt,discovery
data/03_Under pulse-wise external torque/01_Assisting_direction,201218_046.txt,201218-4-2,200,20.0,475191776eb8a7d2978d2d3da2c48f1022487233982c9a16353025da995558af,data/03_Under pulse-wise external torque/01_Assisting_direction/traces_4000Hz/201218_046.txt,validation
data/03_Under pulse-wise external torque/01_Assisting_direction,201221_002.txt,201221-1-1,300,40.0,15204af7042c0694fa448d631a00c029557ff9baf7178b3d4081f7d2e5808256,data/03_Under pulse-wise external torque/01_Assisting_direction/traces_4000Hz/201221_002.txt,validation
data/03_Under pulse-wise external torque/01_Assisting_direction,201221_003.txt,201221-1-1,300,40.0,15204af7042c0694fa448d631a00c029557ff9baf7178b3d4081f7d2e5808256,data/03_Under pulse-wise external torque/01_Assisting_direction/traces_4000Hz/201221_003.txt,validation
data/03_Under pulse-wise external torque/01_Assisting_direction,201221_006.txt,201221-1-3,300,40.0,0032c4b4e42c73eefd9c2c4caf3a67cb64f33a2bd5260dba9ca46733e2aa7e36,data/03_Under pulse-wise external torque/01_Assisting_direction/traces_4000Hz/201221_006.txt,discovery
data/03_Under pulse-wise external torque/01_Assisting_direction,201221_007.txt,201221-1-3,300,40.0,0032c4b4e42c73eefd9c2c4caf3a67cb64f33a2bd5260dba9ca46733e2aa7e36,data/03_Under pulse-wise external torque/01_Assisting_direction/traces_4000Hz/201221_007.txt,discovery
data/03_Under pulse-wise external torque/01_Assisting_direction,201221_008.txt,201221-1-3,300,40.0,0032c4b4e42c73eefd9c2c4caf3a67cb64f33a2bd5260dba9ca46733e2aa7e36,data/03_Under pulse-wise external torque/01_Assisting_direction/traces_4000Hz/201221_008.txt,discovery
data/03_Under pulse-wise external torque/01_Assisting_direction,201221_009.txt,201221-1-3,300,40.0,0032c4b4e42c73eefd9c2c4caf3a67cb64f33a2bd5260dba9ca46733e2aa7e36,data/03_Under pulse-wise external torque/01_Assisting_direction/traces_4000Hz/201221_009.txt,discovery
data/03_Under pulse-wise external torque/01_Assisting_direction,201221_015.txt,201221-2-4,200,40.0,c286a5364ffd35cce3969d587cf30a9961bff9f950da81c7213cbc5b607105f8,data/03_Under pulse-wise external torque/01_Assisting_direction/traces_4000Hz/201221_015.txt,discovery
data/03_Under pulse-wise external torque/01_Assisting_direction,201221_016.txt,201221-2-4,200,40.0,c286a5364ffd35cce3969d587cf30a9961bff9f950da81c7213cbc5b607105f8,data/03_Under pulse-wise external torque/01_Assisting_direction/traces_4000Hz/201221_016.txt,discovery
data/03_Under pulse-wise external torque/01_Assisting_direction,201221_017.txt,201221-2-4,150,20.0,c286a5364ffd35cce3969d587cf30a9961bff9f950da81c7213cbc5b607105f8,data/03_Under pulse-wise external torque/01_Assisting_direction/traces_4000Hz/201221_017.txt,discovery
data/03_Under pulse-wise external torque/01_Assisting_direction,201221_018.txt,201221-2-4,150,20.0,c286a5364ffd35cce3969d587cf30a9961bff9f950da81c7213cbc5b607105f8,data/03_Under pulse-wise external torque/01_Assisting_direction/traces_4000Hz/201221_018.txt,discovery
data/03_Under pulse-wise external torque/01_Assisting_direction,201222_002.txt,201222-1-1,300,50.0,3944d20febc0ef66b79d9a2b97e71a70ca2a884743638e108deb06d985416a57,data/03_Under pulse-wise external torque/01_Assisting_direction/traces_4000Hz/201222_002.txt,validation
data/03_Under pulse-wise external torque/01_Assisting_direction,201222_003.txt,201222-1-1,300,50.0,3944d20febc0ef66b79d9a2b97e71a70ca2a884743638e108deb06d985416a57,data/03_Under pulse-wise external torque/01_Assisting_direction/traces_4000Hz/201222_003.txt,validation
data/03_Under pulse-wise external torque/01_Assisting_direction,201222_004.txt,201222-1-1,300,50.0,3944d20febc0ef66b79d9a2b97e71a70ca2a884743638e108deb06d985416a57,data/03_Under pulse-wise external torque/01_Assisting_direction/traces_4000Hz/201222_004.txt,validation
data/03_Under pulse-wise external torque/01_Assisting_direction,201222_005.txt,201222-1-1,300,50.0,3944d20febc0ef66b79d9a2b97e71a70ca2a884743638e108deb06d985416a57,data/03_Under pulse-wise external torque/01_Assisting_direction/traces_4000Hz/201222_005.txt,validation
data/03_Under pulse-wise external torque/01_Assisting_direction,201222_006.txt,201222-1-2,300,50.0,d1679be9565d4fc61537dc51aa5df49eee9d39071eb91c138482d16637ffa0ec,data/03_Under pulse-wise external torque/01_Assisting_direction/traces_4000Hz/201222_006.txt,validation
data/03_Under pulse-wise external torque/01_Assisting_direction,201222_008.txt,201222-1-3,300,50.0,cf0803777f1616161ae7631aca99a2a94798053fdb55629a374c43033efa1b42,data/03_Under pulse-wise external torque/01_Assisting_direction/traces_4000Hz/201222_008.txt,validation
data/03_Under pulse-wise external torque/01_Assisting_direction,201222_009.txt,201222-1-3,300,50.0,cf0803777f1616161ae7631aca99a2a94798053fdb55629a374c43033efa1b42,data/03_Under pulse-wise external torque/01_Assisting_direction/traces_4000Hz/201222_009.txt,validation
data/03_Under pulse-wise external torque/01_Assisting_direction,201222_010.txt,201222-1-3,300,50.0,cf0803777f1616161ae7631aca99a2a94798053fdb55629a374c43033efa1b42,data/03_Under pulse-wise external torque/01_Assisting_direction/traces_4000Hz/201222_010.txt,validation
data/03_Under pulse-wise external torque/01_Assisting_direction,201222_011.txt,201222-1-3,300,50.0,cf0803777f1616161ae7631aca99a2a94798053fdb55629a374c43033efa1b42,data/03_Under pulse-wise external torque/01_Assisting_direction/traces_4000Hz/201222_011.txt,validation
data/03_Under pulse-wise external torque/01_Assisting_direction,201222_013.txt,201222-1-4,300,50.0,b77ac0e3d56728039976946ab617111ce3714dd01fa3c41eb4e04c7f8788eeee,data/03_Under pulse-wise external torque/01_Assisting_direction/traces_4000Hz/201222_013.txt,validation
data/03_Under pulse-wise external torque/01_Assisting_direction,201222_014.txt,201222-1-4,300,50.0,b77ac0e3d56728039976946ab617111ce3714dd01fa3c41eb4e04c7f8788eeee,data/03_Under pulse-wise external torque/01_Assisting_direction/traces_4000Hz/201222_014.txt,validation
data/03_Under pulse-wise external torque/01_Assisting_direction,201222_019.txt,201222-2-4,300,50.0,12a506d066f21bc02d6c4636ec75cfe33f5a9bd39f8230124b0a721afe5fe896,data/03_Under pulse-wise external torque/01_Assisting_direction/traces_4000Hz/201222_019.txt,discovery
data/03_Under pulse-wise external torque/01_Assisting_direction,201222_020.txt,201222-2-4,300,50.0,12a506d066f21bc02d6c4636ec75cfe33f5a9bd39f8230124b0a721afe5fe896,data/03_Under pulse-wise external torque/01_Assisting_direction/traces_4000Hz/201222_020.txt,discovery
data/03_Under pulse-wise external torque/01_Assisting_direction,201222_021.txt,201222-2-4,300,50.0,12a506d066f21bc02d6c4636ec75cfe33f5a9bd39f8230124b0a721afe5fe896,data/03_Under pulse-wise external torque/01_Assisting_direction/traces_4000Hz/201222_021.txt,discovery
data/03_Under pulse-wise external torque/01_Assisting_direction,201222_022.txt,201222-2-4,300,50.0,12a506d066f21bc02d6c4636ec75cfe33f5a9bd39f8230124b0a721afe5fe896,data/03_Under pulse-wise external torque/01_Assisting_direction/traces_4000Hz/201222_022.txt,discovery
data/03_Under pulse-wise external torque/01_Assisting_direction,201222_023.txt,201222-2-5,300,50.0,81558a6f2d88ed623620024967994db883277d5e17f45c1c2072fc46f2164a92,data/03_Under pulse-wise external torque/01_Assisting_direction/traces_4000Hz/201222_023.txt,validation
data/03_Under pulse-wise external torque/01_Assisting_direction,201222_029.txt,201222-3-2,300,70.0,b2c4dfd66bf0615c49c3586598dc70652b373d66aa8da174b4ccabec68e731e1,data/03_Under pulse-wise external torque/01_Assisting_direction/traces_4000Hz/201222_029.txt,discovery
data/03_Under pulse-wise external torque/01_Assisting_direction,201222_030.txt,201222-3-2,300,70.0,b2c4dfd66bf0615c49c3586598dc70652b373d66aa8da174b4ccabec68e731e1,data/03_Under pulse-wise external torque/01_Assisting_direction/traces_4000Hz/201222_030.txt,discovery
data/03_Under pulse-wise external torque/01_Assisting_direction,201222_034.txt,201222-3-4,300,70.0,f1805f30cebbf99df513e9dc146fda0e6879bf582df271092dbec4b1adbfc0b8,data/03_Under pulse-wise external torque/01_Assisting_direction/traces_4000Hz/201222_034.txt,discovery
data/03_Under pulse-wise external torque/01_Assisting_direction,201222_035.txt,201222-3-4,300,70.0,f1805f30cebbf99df513e9dc146fda0e6879bf582df271092dbec4b1adbfc0b8,data/03_Under pulse-wise external torque/01_Assisting_direction/traces_4000Hz/201222_035.txt,discovery
data/03_Under pulse-wise external torque/01_Assisting_direction,201222_038.txt,201222-3-6,300,70.0,bfd97151b6468218219b13dabae415b239e957e80b1086c4b5d5492ea277009e,data/03_Under pulse-wise external torque/01_Assisting_direction/traces_4000Hz/201222_038.txt,validation
data/03_Under pulse-wise external torque/01_Assisting_direction,201222_039.txt,201222-3-6,300,70.0,bfd97151b6468218219b13dabae415b239e957e80b1086c4b5d5492ea277009e,data/03_Under pulse-wise external torque/01_Assisting_direction/traces_4000Hz/201222_039.txt,validation
data/03_Under pulse-wise external torque/01_Assisting_direction,201222_040.txt,201222-3-6,300,70.0,bfd97151b6468218219b13dabae415b239e957e80b1086c4b5d5492ea277009e,data/03_Under pulse-wise external torque/01_Assisting_direction/traces_4000Hz/201222_040.txt,validation
data/03_Under pulse-wise external torque/01_Assisting_direction,201222_041.txt,201222-3-6,300,70.0,bfd97151b6468218219b13dabae415b239e957e80b1086c4b5d5492ea277009e,data/03_Under pulse-wise external torque/01_Assisting_direction/traces_4000Hz/201222_041.txt,validation
data/03_Under pulse-wise external torque/01_Assisting_direction,201222_043.txt,201222-3-8,300,70.0,a385a521d64c061772dd4ff6536304857002cbbd180b4a292d0672c5f61ee8e3,data/03_Under pulse-wise external torque/01_Assisting_direction/traces_4000Hz/201222_043.txt,validation
data/03_Under pulse-wise external torque/01_Assisting_direction,201222_044.txt,201222-3-8,300,70.0,a385a521d64c061772dd4ff6536304857002cbbd180b4a292d0672c5f61ee8e3,data/03_Under pulse-wise external torque/01_Assisting_direction/traces_4000Hz/201222_044.txt,validation
data/03_Under pulse-wise external torque/01_Assisting_direction,201222_046.txt,201222-4-2,300,70.0,5677ac4c282ab8527447da2f8bf0bd81e25815da449aa97d8a0ec4452cd522ac,data/03_Under pulse-wise external torque/01_Assisting_direction/traces_4000Hz/201222_046.txt,discovery
data/03_Under pulse-wise external torque/01_Assisting_direction,201222_047.txt,201222-4-2,300,70.0,5677ac4c282ab8527447da2f8bf0bd81e25815da449aa97d8a0ec4452cd522ac,data/03_Under pulse-wise external torque/01_Assisting_direction/traces_4000Hz/201222_047.txt,discovery
data/03_Under pulse-wise external torque/01_Assisting_direction,201222_048.txt,201222-4-2,300,50.0,5677ac4c282ab8527447da2f8bf0bd81e25815da449aa97d8a0ec4452cd522ac,data/03_Under pulse-wise external torque/01_Assisting_direction/traces_4000Hz/201222_048.txt,discovery
data/03_Under pulse-wise external torque/01_Assisting_direction,201222_050.txt,201222-4-2,300,50.0,5677ac4c282ab8527447da2f8bf0bd81e25815da449aa97d8a0ec4452cd522ac,data/03_Under pulse-wise external torque/01_Assisting_direction/traces_4000Hz/201222_050.txt,discovery
data/03_Under pulse-wise external torque/01_Assisting_direction,201222_052.txt,201222-4-3,300,50.0,0c0f9a993cfb56f3e5a13fcfe2f01066447f1578054ca68322a647025332008b,data/03_Under pulse-wise external torque/01_Assisting_direction/traces_4000Hz/201222_052.txt,validation
data/03_Under pulse-wise external torque/01_Assisting_direction,201227_047.txt,201227-4-1,200,2.5,da71ca9db126f44be987680f89259d25d8c6caa982f845577fa88482e555af19,data/03_Under pulse-wise external torque/01_Assisting_direction/traces_4000Hz/201227_047.txt,validation
data/03_Under pulse-wise external torque/01_Assisting_direction,201227_050.txt,201227-4-1,200,4.0,da71ca9db126f44be987680f89259d25d8c6caa982f845577fa88482e555af19,data/03_Under pulse-wise external torque/01_Assisting_direction/traces_4000Hz/201227_050.txt,validation
data/03_Under pulse-wise external torque/01_Assisting_direction,201227_051.txt,201227-4-1,200,3.0,da71ca9db126f44be987680f89259d25d8c6caa982f845577fa88482e555af19,data/03_Under pulse-wise external torque/01_Assisting_direction/traces_4000Hz/201227_051.txt,validation
data/03_Under pulse-wise external torque/01_Assisting_direction,201227_052.txt,201227-4-1,200,3.0,da71ca9db126f44be987680f89259d25d8c6caa982f845577fa88482e555af19,data/03_Under pulse-wise external torque/01_Assisting_direction/traces_4000Hz/201227_052.txt,validation
data/03_Under pulse-wise external torque/01_Assisting_direction,201227_053.txt,201227-4-2,200,3.0,ba73615716c6fd035c2c6f46c879e624739a6cf0efaf650fc07feb3d59f00b77,data/03_Under pulse-wise external torque/01_Assisting_direction/traces_4000Hz/201227_053.txt,validation
data/03_Under pulse-wise external torque/01_Assisting_direction,201227_054.txt,201227-4-2,200,5.0,ba73615716c6fd035c2c6f46c879e624739a6cf0efaf650fc07feb3d59f00b77,data/03_Under pulse-wise external torque/01_Assisting_direction/traces_4000Hz/201227_054.txt,validation
data/03_Under pulse-wise external torque/01_Assisting_direction,201227_056.txt,201227-4-3,200,3.0,31d7021833a19f4793d7c11eaf5a5941d399b3605585cbcc849af4e95506d8d6,data/03_Under pulse-wise external torque/01_Assisting_direction/traces_4000Hz/201227_056.txt,discovery
data/03_Under pulse-wise external torque/01_Assisting_direction,201227_057.txt,201227-4-3,200,3.0,31d7021833a19f4793d7c11eaf5a5941d399b3605585cbcc849af4e95506d8d6,data/03_Under pulse-wise external torque/01_Assisting_direction/traces_4000Hz/201227_057.txt,discovery
data/03_Under pulse-wise external torque/01_Assisting_direction,201227_058.txt,201227-4-3,200,2.0,31d7021833a19f4793d7c11eaf5a5941d399b3605585cbcc849af4e95506d8d6,data/03_Under pulse-wise external torque/01_Assisting_direction/traces_4000Hz/201227_058.txt,discovery
data/03_Under pulse-wise external torque/01_Assisting_direction,201227_059.txt,201227-4-3,200,2.0,31d7021833a19f4793d7c11eaf5a5941d399b3605585cbcc849af4e95506d8d6,data/03_Under pulse-wise external torque/01_Assisting_direction/traces_4000Hz/201227_059.txt,discovery
data/03_Under pulse-wise external torque/01_Assisting_direction,201227_060.txt,201227-4-4,200,2.0,082b9081f07218ff1cc37d110ad0d9e3b45850d991ce2e49298ed9735b1f7cf1,data/03_Under pulse-wise external torque/01_Assisting_direction/traces_4000Hz/201227_060.txt,validation
data/03_Under pulse-wise external torque/01_Assisting_direction,201227_061.txt,201227-4-4,200,1.0,082b9081f07218ff1cc37d110ad0d9e3b45850d991ce2e49298ed9735b1f7cf1,data/03_Under pulse-wise external torque/01_Assisting_direction/traces_4000Hz/201227_061.txt,validation
data/03_Under pulse-wise external torque/01_Assisting_direction,201227_062.txt,201227-4-4,200,1.0,082b9081f07218ff1cc37d110ad0d9e3b45850d991ce2e49298ed9735b1f7cf1,data/03_Under pulse-wise external torque/01_Assisting_direction/traces_4000Hz/201227_062.txt,validation
data/03_Under pulse-wise external torque/01_Assisting_direction,201227_063.txt,201227-4-4,200,1.0,082b9081f07218ff1cc37d110ad0d9e3b45850d991ce2e49298ed9735b1f7cf1,data/03_Under pulse-wise external torque/01_Assisting_direction/traces_4000Hz/201227_063.txt,validation
data/03_Under pulse-wise external torque/01_Assisting_direction,201227_065.txt,201227-5-1,200,4.0,52273dcf648bc77c58ac25541ad02fb12fd914f73fc6ee13b9dc8888428e430f,data/03_Under pulse-wise external torque/01_Assisting_direction/traces_4000Hz/201227_065.txt,validation
data/03_Under pulse-wise external torque/01_Assisting_direction,201227_066.txt,201227-5-1,200,4.0,52273dcf648bc77c58ac25541ad02fb12fd914f73fc6ee13b9dc8888428e430f,data/03_Under pulse-wise external torque/01_Assisting_direction/traces_4000Hz/201227_066.txt,validation
data/03_Under pulse-wise external torque/01_Assisting_direction,201227_067.txt,201227-5-1,200,2.0,52273dcf648bc77c58ac25541ad02fb12fd914f73fc6ee13b9dc8888428e430f,data/03_Under pulse-wise external torque/01_Assisting_direction/traces_4000Hz/201227_067.txt,validation
data/03_Under pulse-wise external torque/01_Assisting_direction,201227_070.txt,201227-5-2,150,2.0,df5aaa5bfdfcb85c169f8610721e5649131cb0adae4e15ab2ac43d5a5073225b,data/03_Under pulse-wise external torque/01_Assisting_direction/traces_4000Hz/201227_070.txt,validation
data/03_Under pulse-wise external torque/01_Assisting_direction,201227_071.txt,201227-5-2,150,2.0,df5aaa5bfdfcb85c169f8610721e5649131cb0adae4e15ab2ac43d5a5073225b,data/03_Under pulse-wise external torque/01_Assisting_direction/traces_4000Hz/201227_071.txt,validation
data/03_Under pulse-wise external torque/01_Assisting_direction,210107_001.txt,210107-1-1,300,50.0,dbb3bac4d41843d021ff74cf1889543990315b0fdc348798c2177db74f454a33,data/03_Under pulse-wise external torque/01_Assisting_direction/traces_4000Hz/210107_001.txt,discovery
data/03_Under pulse-wise external torque/01_Assisting_direction,210107_003.txt,210107-1-2,200,50.0,dd7c0f678b1a1de8fdd5af6ae74d93a90278066b21240e034a267e4a82326ad6,data/03_Under pulse-wise external torque/01_Assisting_direction/traces_4000Hz/210107_003.txt,validation
data/03_Under pulse-wise external torque/01_Assisting_direction,210107_004.txt,210107-1-2,200,50.0,dd7c0f678b1a1de8fdd5af6ae74d93a90278066b21240e034a267e4a82326ad6,data/03_Under pulse-wise external torque/01_Assisting_direction/traces_4000Hz/210107_004.txt,validation
data/03_Under pulse-wise external torque/01_Assisting_direction,210107_008.txt,210107-1-5,200,50.0,123e6661a076feded985cef75dc8dadd32fa15a3f7cd291de1c5aa70ce33a9d5,data/03_Under pulse-wise external torque/01_Assisting_direction/traces_4000Hz/210107_008.txt,validation
data/03_Under pulse-wise external torque/01_Assisting_direction,210107_011.txt,210107-1-6,300,50.0,197802e0721853bb845a6eec4255231e24931d7c62934c1e61361a03eea7db49,data/03_Under pulse-wise external torque/01_Assisting_direction/traces_4000Hz/210107_011.txt,discovery
data/03_Under pulse-wise external torque/01_Assisting_direction,210107_012.txt,210107-1-6,300,50.0,197802e0721853bb845a6eec4255231e24931d7c62934c1e61361a03eea7db49,data/03_Under pulse-wise external torque/01_Assisting_direction/traces_4000Hz/210107_012.txt,discovery
data/03_Under pulse-wise external torque/01_Assisting_direction,210107_013.txt,210107-1-6,300,50.0,197802e0721853bb845a6eec4255231e24931d7c62934c1e61361a03eea7db49,data/03_Under pulse-wise external torque/01_Assisting_direction/traces_4000Hz/210107_013.txt,discovery
data/03_Under pulse-wise external torque/01_Assisting_direction,210107_015.txt,210107-2-1,300,50.0,2cace41bd4ade0db145c0243d03c35cf90628c1e324f25c51081f6f7112b11a8,data/03_Under pulse-wise external torque/01_Assisting_direction/traces_4000Hz/210107_015.txt,validation
data/03_Under pulse-wise external torque/01_Assisting_direction,210107_018.txt,210107-2-3,300,50.0,c2eb1a5cadbdf9f10a06a731f1be484527aacd83b2a9426783d3bc452691f2dc,data/03_Under pulse-wise external torque/01_Assisting_direction/traces_4000Hz/210107_018.txt,discovery
data/03_Under pulse-wise external torque/01_Assisting_direction,210107_019.txt,210107-2-3,300,50.0,c2eb1a5cadbdf9f10a06a731f1be484527aacd83b2a9426783d3bc452691f2dc,data/03_Under pulse-wise external torque/01_Assisting_direction/traces_4000Hz/210107_019.txt,discovery
data/03_Under pulse-wise external torque/01_Assisting_direction,210107_025.txt,210107-2-8,300,50.0,c4b415227682a7f687452927e85055be0ec1c6a78652ddcc9a68d3b56e57ed26,data/03_Under pulse-wise external torque/01_Assisting_direction/traces_4000Hz/210107_025.txt,discovery
data/03_Under pulse-wise external torque/01_Assisting_direction,210107_028.txt,210107-2-8,300,50.0,c4b415227682a7f687452927e85055be0ec1c6a78652ddcc9a68d3b56e57ed26,data/03_Under pulse-wise external torque/01_Assisting_direction/traces_4000Hz/210107_028.txt,discovery
data/03_Under pulse-wise external torque/01_Assisting_direction,210107_029.txt,210107-2-9,200,50.0,506b8152fd5dc64207775c706e806708a22caf8ce539c9e260998f278dd84250,data/03_Under pulse-wise external torque/01_Assisting_direction/traces_4000Hz/210107_029.txt,discovery
data/03_Under pulse-wise external torque/01_Assisting_direction,210107_030.txt,210107-2-9,200,50.0,506b8152fd5dc64207775c706e806708a22caf8ce539c9e260998f278dd84250,data/03_Under pulse-wise external torque/01_Assisting_direction/traces_4000Hz/210107_030.txt,discovery
data/03_Under pulse-wise external torque/01_Assisting_direction,210107_031.txt,210107-2-9,200,50.0,506b8152fd5dc64207775c706e806708a22caf8ce539c9e260998f278dd84250,data/03_Under pulse-wise external torque/01_Assisting_direction/traces_4000Hz/210107_031.txt,discovery
data/03_Under pulse-wise external torque/01_Assisting_direction,210107_032.txt,210107-2-9,200,50.0,506b8152fd5dc64207775c706e806708a22caf8ce539c9e260998f278dd84250,data/03_Under pulse-wise external torque/01_Assisting_direction/traces_4000Hz/210107_032.txt,discovery
data/03_Under pulse-wise external torque/01_Assisting_direction,210107_034.txt,210107-3-1,200,50.0,8c9f91d85432a5d005e703b17a879bfdff9cf84c89395a3bf9fbbb1cdcfb58df,data/03_Under pulse-wise external torque/01_Assisting_direction/traces_4000Hz/210107_034.txt,discovery
data/03_Under pulse-wise external torque/01_Assisting_direction,210107_035.txt,210107-3-1,200,50.0,8c9f91d85432a5d005e703b17a879bfdff9cf84c89395a3bf9fbbb1cdcfb58df,data/03_Under pulse-wise external torque/01_Assisting_direction/traces_4000Hz/210107_035.txt,discovery
data/03_Under pulse-wise external torque/01_Assisting_direction,210107_036.txt,210107-3-1,200,50.0,8c9f91d85432a5d005e703b17a879bfdff9cf84c89395a3bf9fbbb1cdcfb58df,data/03_Under pulse-wise external torque/01_Assisting_direction/traces_4000Hz/210107_036.txt,discovery
data/03_Under pulse-wise external torque/01_Assisting_direction,210107_037.txt,210107-3-1,200,50.0,8c9f91d85432a5d005e703b17a879bfdff9cf84c89395a3bf9fbbb1cdcfb58df,data/03_Under pulse-wise external torque/01_Assisting_direction/traces_4000Hz/210107_037.txt,discovery
data/03_Under pulse-wise external torque/01_Assisting_direction,210108_002.txt,210108-1-2,200,30.0,371823084822f18300bd69f4c3209f216e747e787172024378951d2994d2ae73,data/03_Under pulse-wise external torque/01_Assisting_direction/traces_4000Hz/210108_002.txt,discovery
data/03_Under pulse-wise external torque/01_Assisting_direction,210108_005.txt,210108-1-3,200,30.0,fe0f63b2ec0f7e9faa1d8f139dee883734ed067a9263561e6a614fdf10aa42b1,data/03_Under pulse-wise external torque/01_Assisting_direction/traces_4000Hz/210108_005.txt,discovery
data/03_Under pulse-wise external torque/01_Assisting_direction,210108_008.txt,210108-1-4,200,30.0,59bb49007bdb91154ed29a3f7d4898347526d2fc694d26788ea4203593c9c903,data/03_Under pulse-wise external torque/01_Assisting_direction/traces_4000Hz/210108_008.txt,discovery
data/03_Under pulse-wise external torque/01_Assisting_direction,210108_011.txt,210108-1-5,300,30.0,cedcc51db4dcfcc2b21df8b1148acfcbba064570a924c065a594cdf769b829dc,data/03_Under pulse-wise external torque/01_Assisting_direction/traces_4000Hz/210108_011.txt,validation
data/03_Under pulse-wise external torque/01_Assisting_direction,210113_002.txt,210113-1-2,200,45.0,03ffa56b9048b54090171908c1c83ab504bd36423169b00e60fa5c6e37336487,data/03_Under pulse-wise external torque/01_Assisting_direction/traces_4000Hz/210113_002.txt,validation
data/03_Under pulse-wise external torque/01_Assisting_direction,210113_003.txt,210113-1-2,200,45.0,03ffa56b9048b54090171908c1c83ab504bd36423169b00e60fa5c6e37336487,data/03_Under pulse-wise external torque/01_Assisting_direction/traces_4000Hz/210113_003.txt,validation
data/03_Under pulse-wise external torque/01_Assisting_direction,210113_018.txt,210113-2-1,250,30.0,2bedfb22b8f32a31952cb008da1aec9da415dc16faa18395beaf47e10d8e22ff,data/03_Under pulse-wise external torque/01_Assisting_direction/traces_4000Hz/210113_018.txt,discovery
data/03_Under pulse-wise external torque/01_Assisting_direction,210113_020.txt,210113-2-2,250,45.0,f46241d495c1737ede9bdce76fddbb6f63d4e348000d3321a8971111dc87bd9a,data/03_Under pulse-wise external torque/01_Assisting_direction/traces_4000Hz/210113_020.txt,discovery
data/03_Under pulse-wise external torque/01_Assisting_direction,210113_021.txt,210113-2-2,250,45.0,f46241d495c1737ede9bdce76fddbb6f63d4e348000d3321a8971111dc87bd9a,data/03_Under pulse-wise external torque/01_Assisting_direction/traces_4000Hz/210113_021.txt,discovery
data/03_Under pulse-wise external torque/01_Assisting_direction,210113_022.txt,210113-2-2,250,45.0,f46241d495c1737ede9bdce76fddbb6f63d4e348000d3321a8971111dc87bd9a,data/03_Under pulse-wise external torque/01_Assisting_direction/traces_4000Hz/210113_022.txt,discovery
data/03_Under pulse-wise external torque/01_Assisting_direction,210113_023.txt,210113-2-2,250,30.0,f46241d495c1737ede9bdce76fddbb6f63d4e348000d3321a8971111dc87bd9a,data/03_Under pulse-wise external torque/01_Assisting_direction/traces_4000Hz/210113_023.txt,discovery
data/03_Under pulse-wise external torque/01_Assisting_direction,210113_025.txt,210113-2-3,200,45.0,79b9ae6d2a412dd7ebde60690d307bf554a77d134e5eb25818794af3cd974e13,data/03_Under pulse-wise external torque/01_Assisting_direction/traces_4000Hz/210113_025.txt,validation
data/03_Under pulse-wise external torque/01_Assisting_direction,210113_026.txt,210113-2-3,200,45.0,79b9ae6d2a412dd7ebde60690d307bf554a77d134e5eb25818794af3cd974e13,data/03_Under pulse-wise external torque/01_Assisting_direction/traces_4000Hz/210113_026.txt,validation
data/03_Under pulse-wise external torque/01_Assisting_direction,210113_027.txt,210113-2-3,200,35.0,79b9ae6d2a412dd7ebde60690d307bf554a77d134e5eb25818794af3cd974e13,data/03_Under pulse-wise external torque/01_Assisting_direction/traces_4000Hz/210113_027.txt,validation
data/03_Under pulse-wise external torque/01_Assisting_direction,210113_028.txt,210113-2-4,200,35.0,b9e2f50a0f7813f17e07e3cdd1767ec901120025237fe4e721ba706b4c1ad322,data/03_Under pulse-wise external torque/01_Assisting_direction/traces_4000Hz/210113_028.txt,discovery
data/03_Under pulse-wise external torque/01_Assisting_direction,210113_031.txt,210113-3-2,300,40.0,9c01e4296799fae123ce5d429b5f41a78277c5994a28c713c0d530592ec5b801,data/03_Under pulse-wise external torque/01_Assisting_direction/traces_4000Hz/210113_031.txt,validation
data/03_Under pulse-wise external torque/01_Assisting_direction,210113_032.txt,210113-3-2,300,40.0,9c01e4296799fae123ce5d429b5f41a78277c5994a28c713c0d530592ec5b801,data/03_Under pulse-wise external torque/01_Assisting_direction/traces_4000Hz/210113_032.txt,validation
data/03_Under pulse-wise external torque/01_Assisting_direction,210113_034.txt,210113-3-3,300,50.0,775861a39a56e2a7ad59b5477f5e485c0026da81643d62d40a1092e7ca852753,data/03_Under pulse-wise external torque/01_Assisting_direction/traces_4000Hz/210113_034.txt,validation
data/03_Under pulse-wise external torque/01_Assisting_direction,210113_036.txt,210113-4-1,300,50.0,044d1dcb7bbad1ca29124c9f3d0bae56bdb5a2e386db0ae8e36b0c46a0a683b8,data/03_Under pulse-wise external torque/01_Assisting_direction/traces_4000Hz/210113_036.txt,validation
data/03_Under pulse-wise external torque/01_Assisting_direction,210113_037.txt,210113-4-1,300,50.0,044d1dcb7bbad1ca29124c9f3d0bae56bdb5a2e386db0ae8e36b0c46a0a683b8,data/03_Under pulse-wise external torque/01_Assisting_direction/traces_4000Hz/210113_037.txt,validation
data/03_Under pulse-wise external torque/01_Assisting_direction,210113_038.txt,210113-4-1,300,50.0,044d1dcb7bbad1ca29124c9f3d0bae56bdb5a2e386db0ae8e36b0c46a0a683b8,data/03_Under pulse-wise external torque/01_Assisting_direction/traces_4000Hz/210113_038.txt,validation
data/03_Under pulse-wise external torque/01_Assisting_direction,210113_039.txt,210113-4-1,300,50.0,044d1dcb7bbad1ca29124c9f3d0bae56bdb5a2e386db0ae8e36b0c46a0a683b8,data/03_Under pulse-wise external torque/01_Assisting_direction/traces_4000Hz/210113_039.txt,validation
data/03_Under pulse-wise external torque/01_Assisting_direction,210115_002.txt,210115-1-2,200,40.0,80bc29a058ef8dc7467832f7d80923496c56a1cce0c7e7b328c77d08ef015644,data/03_Under pulse-wise external torque/01_Assisting_direction/traces_4000Hz/210115_002.txt,discovery
data/03_Under pulse-wise external torque/01_Assisting_direction,210115_008.txt,210115-2-2,300,40.0,0d84403139270a3193d22023f5cae68270c7fa3a7db297b2043462fed75d8fad,data/03_Under pulse-wise external torque/01_Assisting_direction/traces_4000Hz/210115_008.txt,validation
data/03_Under pulse-wise external torque/01_Assisting_direction,210115_009.txt,210115-2-2,300,35.0,0d84403139270a3193d22023f5cae68270c7fa3a7db297b2043462fed75d8fad,data/03_Under pulse-wise external torque/01_Assisting_direction/traces_4000Hz/210115_009.txt,validation
data/03_Under pulse-wise external torque/01_Assisting_direction,210115_010.txt,210115-2-2,300,30.0,0d84403139270a3193d22023f5cae68270c7fa3a7db297b2043462fed75d8fad,data/03_Under pulse-wise external torque/01_Assisting_direction/traces_4000Hz/210115_010.txt,validation
data/03_Under pulse-wise external torque/01_Assisting_direction,210115_011.txt,210115-2-2,300,30.0,0d84403139270a3193d22023f5cae68270c7fa3a7db297b2043462fed75d8fad,data/03_Under pulse-wise external torque/01_Assisting_direction/traces_4000Hz/210115_011.txt,validation
data/03_Under pulse-wise external torque/01_Assisting_direction,210115_014.txt,210115-2-4,300,40.0,86d7fe3b4f7408dd4e7a09acccffb33eb806a8f65ef840b0e5a2263821e36d84,data/03_Under pulse-wise external torque/01_Assisting_direction/traces_4000Hz/210115_014.txt,validation
data/03_Under pulse-wise external torque/01_Assisting_direction,210115_016.txt,210115-2-5,300,40.0,8c25bcfdfffbb491d1da1a95530d2781802de2d3174190118a4724b266cafef3,data/03_Under pulse-wise external torque/01_Assisting_direction/traces_4000Hz/210115_016.txt,validation
data/03_Under pulse-wise external torque/01_Assisting_direction,210115_017.txt,210115-2-5,300,40.0,8c25bcfdfffbb491d1da1a95530d2781802de2d3174190118a4724b266cafef3,data/03_Under pulse-wise external torque/01_Assisting_direction/traces_4000Hz/210115_017.txt,validation
data/03_Under pulse-wise external torque/01_Assisting_direction,210115_019.txt,210115-2-6,300,60.0,9d4e71509ad9ee183cf05b467ae46ae8c11d185a4027c57d1862e55621f39bb2,data/03_Under pulse-wise external torque/01_Assisting_direction/traces_4000Hz/210115_019.txt,discovery
data/03_Under pulse-wise external torque/01_Assisting_direction,210115_020.txt,210115-2-6,300,85.0,9d4e71509ad9ee183cf05b467ae46ae8c11d185a4027c57d1862e55621f39bb2,data/03_Under pulse-wise external torque/01_Assisting_direction/traces_4000Hz/210115_020.txt,discovery
data/03_Under pulse-wise external torque/01_Assisting_direction,210115_021.txt,210115-2-6,300,85.0,9d4e71509ad9ee183cf05b467ae46ae8c11d185a4027c57d1862e55621f39bb2,data/03_Under pulse-wise external torque/01_Assisting_direction/traces_4000Hz/210115_021.txt,discovery
data/03_Under pulse-wise external torque/01_Assisting_direction,210115_022.txt,210115-2-6,300,85.0,9d4e71509ad9ee183cf05b467ae46ae8c11d185a4027c57d1862e55621f39bb2,data/03_Under pulse-wise external torque/01_Assisting_direction/traces_4000Hz/210115_022.txt,discovery
data/03_Under pulse-wise external torque/01_Assisting_direction,210118_001.txt,210118-1-1,300,40.0,70c06293ea6a77a777c66e21a86b965b2a7b8b10c23678cead9a27a0be0c111c,data/03_Under pulse-wise external torque/01_Assisting_direction/traces_4000Hz/210118_001.txt,validation
data/03_Under pulse-wise external torque/01_Assisting_direction,210118_003.txt,210118-1-2,300,50.0,2cec49d72106da49a10d0e456b999d8500059ce0b0331faf4f4945200264b725,data/03_Under pulse-wise external torque/01_Assisting_direction/traces_4000Hz/210118_003.txt,validation
data/03_Under pulse-wise external torque/01_Assisting_direction,210118_010.txt,210118-2-1,300,60.0,accb4c626e2593b10497c940dda3a42eb548b93023c6c8b16e2107ee48b754f5,data/03_Under pulse-wise external torque/01_Assisting_direction/traces_4000Hz/210118_010.txt,discovery
data/03_Under pulse-wise external torque/01_Assisting_direction,210118_011.txt,210118-2-1,300,45.0,accb4c626e2593b10497c940dda3a42eb548b93023c6c8b16e2107ee48b754f5,data/03_Under pulse-wise external torque/01_Assisting_direction/traces_4000Hz/210118_011.txt,discovery
data/03_Under pulse-wise external torque/01_Assisting_direction,210118_012.txt,210118-2-1,300,45.0,accb4c626e2593b10497c940dda3a42eb548b93023c6c8b16e2107ee48b754f5,data/03_Under pulse-wise external torque/01_Assisting_direction/traces_4000Hz/210118_012.txt,discovery
data/03_Under pulse-wise external torque/01_Assisting_direction,210118_013.txt,210118-2-1,300,45.0,accb4c626e2593b10497c940dda3a42eb548b93023c6c8b16e2107ee48b754f5,data/03_Under pulse-wise external torque/01_Assisting_direction/traces_4000Hz/210118_013.txt,discovery
data/03_Under pulse-wise external torque/01_Assisting_direction,210118_016.txt,210118-2-3,250,40.0,eeb9dd8ee9374ef249047168fff0a7ade861a8c30bf6e886f5124a7de309bc26,data/03_Under pulse-wise external torque/01_Assisting_direction/traces_4000Hz/210118_016.txt,discovery
data/03_Under pulse-wise external torque/01_Assisting_direction,210118_018.txt,210118-2-4,200,40.0,6fd90d7da97fc3f4928089b1e7f19b2bb75eda0dcca9f8dccf84e69c60c08d28,data/03_Under pulse-wise external torque/01_Assisting_direction/traces_4000Hz/210118_018.txt,validation
data/03_Under pulse-wise external torque/01_Assisting_direction,210118_019.txt,210118-2-4,250,45.0,6fd90d7da97fc3f4928089b1e7f19b2bb75eda0dcca9f8dccf84e69c60c08d28,data/03_Under pulse-wise external torque/01_Assisting_direction/traces_4000Hz/210118_019.txt,validation
data/03_Under pulse-wise external torque/01_Assisting_direction,210118_020.txt,210118-2-4,250,45.0,6fd90d7da97fc3f4928089b1e7f19b2bb75eda0dcca9f8dccf84e69c60c08d28,data/03_Under pulse-wise external torque/01_Assisting_direction/traces_4000Hz/210118_020.txt,validation
data/03_Under pulse-wise external torque/01_Assisting_direction,210118_024.txt,210118-3-1,200,33.0,03e9ea44820dbaff47523aeec65028cd11adb664ab132f4571c21e08d7855308,data/03_Under pulse-wise external torque/01_Assisting_direction/traces_4000Hz/210118_024.txt,discovery
data/03_Under pulse-wise external torque/01_Assisting_direction,210118_026.txt,210118-3-1,200,33.0,03e9ea44820dbaff47523aeec65028cd11adb664ab132f4571c21e08d7855308,data/03_Under pulse-wise external torque/01_Assisting_direction/traces_4000Hz/210118_026.txt,discovery
data/03_Under pulse-wise external torque/01_Assisting_direction,210118_027.txt,210118-3-1,200,33.0,03e9ea44820dbaff47523aeec65028cd11adb664ab132f4571c21e08d7855308,data/03_Under pulse-wise external torque/01_Assisting_direction/traces_4000Hz/210118_027.txt,discovery
data/03_Under pulse-wise external torque/01_Assisting_direction,210118_028.txt,210118-3-1,200,30.0,03e9ea44820dbaff47523aeec65028cd11adb664ab132f4571c21e08d7855308,data/03_Under pulse-wise external torque/01_Assisting_direction/traces_4000Hz/210118_028.txt,discovery
data/03_Under pulse-wise external torque/01_Assisting_direction,210118_031.txt,210118-3-3,200,40.0,8870fb446bf7084b3605d82326fd44a07ac898666dd15e4c5e9632d33efa036b,data/03_Under pulse-wise external torque/01_Assisting_direction/traces_4000Hz/210118_031.txt,discovery
data/03_Under pulse-wise external torque/01_Assisting_direction,210118_032.txt,210118-3-3,200,40.0,8870fb446bf7084b3605d82326fd44a07ac898666dd15e4c5e9632d33efa036b,data/03_Under pulse-wise external torque/01_Assisting_direction/traces_4000Hz/210118_032.txt,discovery
data/03_Under pulse-wise external torque/01_Assisting_direction,210118_033.txt,210118-3-3,200,40.0,8870fb446bf7084b3605d82326fd44a07ac898666dd15e4c5e9632d33efa036b,data/03_Under pulse-wise external torque/01_Assisting_direction/traces_4000Hz/210118_033.txt,discovery
data/03_Under pulse-wise external torque/01_Assisting_direction,210118_035.txt,210118-4-1,250,40.0,28c162bda226de436f6836227229063176315e9d2d2b58dda2c248a1642044a4,data/03_Under pulse-wise external torque/01_Assisting_direction/traces_4000Hz/210118_035.txt,validation
data/03_Under pulse-wise external torque/01_Assisting_direction,210118_036.txt,210118-4-1,250,47.0,28c162bda226de436f6836227229063176315e9d2d2b58dda2c248a1642044a4,data/03_Under pulse-wise external torque/01_Assisting_direction/traces_4000Hz/210118_036.txt,validation
data/03_Under pulse-wise external torque/01_Assisting_direction,210118_038.txt,210118-4-2,200,30.0,01ccb99031864e0681e2a3823cf99a01cb062ba24249e48f602814fa6469c553,data/03_Under pulse-wise external torque/01_Assisting_direction/traces_4000Hz/210118_038.txt,discovery
data/03_Under pulse-wise external torque/01_Assisting_direction,210118_039.txt,210118-4-2,200,32.0,01ccb99031864e0681e2a3823cf99a01cb062ba24249e48f602814fa6469c553,data/03_Under pulse-wise external torque/01_Assisting_direction/traces_4000Hz/210118_039.txt,discovery
data/03_Under pulse-wise external torque/01_Assisting_direction,210118_040.txt,210118-4-2,200,35.0,01ccb99031864e0681e2a3823cf99a01cb062ba24249e48f602814fa6469c553,data/03_Under pulse-wise external torque/01_Assisting_direction/traces_4000Hz/210118_040.txt,discovery
data/03_Under pulse-wise external torque/01_Assisting_direction,210118_041.txt,210118-4-2,200,30.0,01ccb99031864e0681e2a3823cf99a01cb062ba24249e48f602814fa6469c553,data/03_Under pulse-wise external torque/01_Assisting_direction/traces_4000Hz/210118_041.txt,discovery
data/03_Under pulse-wise external torque/01_Assisting_direction,210118_043.txt,210118-4-3,300,45.0,310d8c8bc0f4af25f3f12b8722f63466f247157f04443c2a1659dd33dfe0d19c,data/03_Under pulse-wise external torque/01_Assisting_direction/traces_4000Hz/210118_043.txt,validation
data/03_Under pulse-wise external torque/01_Assisting_direction,210118_044.txt,210118-4-3,300,44.0,310d8c8bc0f4af25f3f12b8722f63466f247157f04443c2a1659dd33dfe0d19c,data/03_Under pulse-wise external torque/01_Assisting_direction/traces_4000Hz/210118_044.txt,validation
data/03_Under pulse-wise external torque/01_Assisting_direction,210118_046.txt,210118-4-4,200,25.0,c2dbbc11f6d6fb35cd83e3481706c9325bf3c33868cb2d95228f29588636f213,data/03_Under pulse-wise external torque/01_Assisting_direction/traces_4000Hz/210118_046.txt,validation
data/03_Under pulse-wise external torque/01_Assisting_direction,210118_047.txt,210118-4-4,200,20.0,c2dbbc11f6d6fb35cd83e3481706c9325bf3c33868cb2d95228f29588636f213,data/03_Under pulse-wise external torque/01_Assisting_direction/traces_4000Hz/210118_047.txt,validation
data/02_Under constant external torque/02_Hindering torque for 15 seconds,210119_024.txt,210119-4-3,300,5.0,d11e874b1edd2cc291d89414de7f7dbb14bb38110b3b1da663689cdfb428b3b4,data/02_Under constant external torque/02_Hindering torque for 15 seconds/traces_4000Hz/210119_024.txt,validation
data/02_Under constant external torque/02_Hindering torque for 15 seconds,210119_034.txt,210119-5-1,300,5.0,785159ae57405dd44053a61eb60bba36dce963706b88a934a830859efbe78a3d,data/02_Under constant external torque/02_Hindering torque for 15 seconds/traces_4000Hz/210119_034.txt,discovery
data/02_Under constant external torque/02_Hindering torque for 15 seconds,210119_035.txt,210119-5-2,200,5.0,cabf4bf49f66395dced4cf64021b17dac7ecb55285db510d2bac9c79fdc4fcae,data/02_Under constant external torque/02_Hindering torque for 15 seconds/traces_4000Hz/210119_035.txt,discovery
data/02_Under constant external torque/02_Hindering torque for 15 seconds,210119_038.txt,210119-5-3,200,5.0,6cb7bf66ce5cd6cde5b47fa404e64617e5e8c2201c59cef1b566109eaf9e4406,data/02_Under constant external torque/02_Hindering torque for 15 seconds/traces_4000Hz/210119_038.txt,discovery
data/02_Under constant external torque/02_Hindering torque for 15 seconds,210119_039.txt,210119-5-4,200,5.0,b04ab589d1e4c52a9bfa273e784a8b4958018bd93da022d07c271427266da27c,data/02_Under constant external torque/02_Hindering torque for 15 seconds/traces_4000Hz/210119_039.txt,validation
data/02_Under constant external torque/02_Hindering torque for 15 seconds,210119_045.txt,210119-6-3,300,5.0,2aec2c1ce837c1722be4e55131dd2e54d5769d98f9ddc60f331be7bd90d15abe,data/02_Under constant external torque/02_Hindering torque for 15 seconds/traces_4000Hz/210119_045.txt,discovery
data/02_Under constant external torque/02_Hindering torque for 15 seconds,210119_049.txt,210119-6-5,300,5.0,bf6a606e03753cbd24fc98439647f99c24542938fbd9bb84acca7b770271bb58,data/02_Under constant external torque/02_Hindering torque for 15 seconds/traces_4000Hz/210119_049.txt,discovery
data/02_Under constant external torque/02_Hindering torque for 15 seconds,210119_051.txt,210119-6-7,200,5.0,f6ebc498655692c0c82f66791916e1e951f9cfea02c51e59b7f71ef92a600a3a,data/02_Under constant external torque/02_Hindering torque for 15 seconds/traces_4000Hz/210119_051.txt,discovery
data/02_Under constant external torque/02_Hindering torque for 15 seconds,210119_056.txt,210119-6-9,200,5.0,42f01059574626b70ff58ae1f569337c86bffa576736ae5482340776481713ae,data/02_Under constant external torque/02_Hindering torque for 15 seconds/traces_4000Hz/210119_056.txt,validation
data/02_Under constant external torque/02_Hindering torque for 15 seconds,210210_014.txt,210210-1-9,300,15.0,e2438322edbf2845c3f69df9a5aed691dee5dab42e96fac68cc8685f877e0149,data/02_Under constant external torque/02_Hindering torque for 15 seconds/traces_4000Hz/210210_014.txt,discovery
data/02_Under constant external torque/02_Hindering torque for 15 seconds,210210_026.txt,210210-3-1,300,15.0,d4bf0e22e985dc84b88016b3b25c9e9abf0836ecc36f0f968a03e57c4c47c5c6,data/02_Under constant external torque/02_Hindering torque for 15 seconds/traces_4000Hz/210210_026.txt,discovery
data/02_Under constant external torque/02_Hindering torque for 15 seconds,210210_047.txt,210210-4-3,250,15.0,bfa6bae47ca4675da8c84ba1a86c64e8782bb1577022fdcab42f1aaf4d1c3e5f,data/02_Under constant external torque/02_Hindering torque for 15 seconds/traces_4000Hz/210210_047.txt,discovery
data/02_Under constant external torque/02_Hindering torque for 15 seconds,210210_051.txt,210210-4-5,300,15.0,fff7c6d573b6775267b48e750baea4686b0465eea7856deca43b237398b4ab9c,data/02_Under constant external torque/02_Hindering torque for 15 seconds/traces_4000Hz/210210_051.txt,validation
data/02_Under constant external torque/02_Hindering torque for 15 seconds,210210_057.txt,210210-5-5,300,15.0,1dd79868e2a9324d4bef83a025a70aeb41bfbe9c0ac34abb6c5c42b6dd528296,data/02_Under constant external torque/02_Hindering torque for 15 seconds/traces_4000Hz/210210_057.txt,discovery
data/02_Under constant external torque/02_Hindering torque for 15 seconds,210210_061.txt,210210-5-8,300,15.0,62ce846f4d12a9ebb14094d8e1127e9d6ebf2a091909ae043d76aca91fcab1d0,data/02_Under constant external torque/02_Hindering torque for 15 seconds/traces_4000Hz/210210_061.txt,validation
data/02_Under constant external torque/02_Hindering torque for 15 seconds,210210_062.txt,210210-5-9,300,15.0,15dc7fd6595e9198975baebdcb29e6a5c687d4fa8c5937bbba6b839889c9859d,data/02_Under constant external torque/02_Hindering torque for 15 seconds/traces_4000Hz/210210_062.txt,discovery
data/02_Under constant external torque/02_Hindering torque for 15 seconds,210210_072.txt,210210-6-6,300,15.0,d20b5b3b7558b06ab565141932faebede3cadac79390e618ef6768c2cc9e6557,data/02_Under constant external torque/02_Hindering torque for 15 seconds/traces_4000Hz/210210_072.txt,validation
data/02_Under constant external torque/02_Hindering torque for 15 seconds,210210_078.txt,210210-6-12,300,15.0,a17809381c0a0bdbed2d874800dbd5c7c6a325a8a30a1be34d741127f0304bba,data/02_Under constant external torque/02_Hindering torque for 15 seconds/traces_4000Hz/210210_078.txt,discovery
data/02_Under constant external torque/01_Assisting torque for 15 seconds,210119_025.txt,210119-4-3,300,5.0,d11e874b1edd2cc291d89414de7f7dbb14bb38110b3b1da663689cdfb428b3b4,data/02_Under constant external torque/01_Assisting torque for 15 seconds/traces_4000Hz/210119_025.txt,validation
data/02_Under constant external torque/01_Assisting torque for 15 seconds,210119_033.txt,210119-5-1,300,5.0,785159ae57405dd44053a61eb60bba36dce963706b88a934a830859efbe78a3d,data/02_Under constant external torque/01_Assisting torque for 15 seconds/traces_4000Hz/210119_033.txt,discovery
data/02_Under constant external torque/01_Assisting torque for 15 seconds,210119_036.txt,210119-5-2,200,5.0,cabf4bf49f66395dced4cf64021b17dac7ecb55285db510d2bac9c79fdc4fcae,data/02_Under constant external torque/01_Assisting torque for 15 seconds/traces_4000Hz/210119_036.txt,discovery
data/02_Under constant external torque/01_Assisting torque for 15 seconds,210119_037.txt,210119-5-3,200,5.0,6cb7bf66ce5cd6cde5b47fa404e64617e5e8c2201c59cef1b566109eaf9e4406,data/02_Under constant external torque/01_Assisting torque for 15 seconds/traces_4000Hz/210119_037.txt,discovery
data/02_Under constant external torque/01_Assisting torque for 15 seconds,210119_040.txt,210119-5-4,300,5.0,b04ab589d1e4c52a9bfa273e784a8b4958018bd93da022d07c271427266da27c,data/02_Under constant external torque/01_Assisting torque for 15 seconds/traces_4000Hz/210119_040.txt,validation
data/02_Under constant external torque/01_Assisting torque for 15 seconds,210119_041.txt,210119-5-5,200,5.0,672163ea032b3f3d1e054f0792cb5fef7b908210081732b912b9d9180d011476,data/02_Under constant external torque/01_Assisting torque for 15 seconds/traces_4000Hz/210119_041.txt,discovery
data/02_Under constant external torque/01_Assisting torque for 15 seconds,210119_046.txt,210119-6-3,300,5.0,2aec2c1ce837c1722be4e55131dd2e54d5769d98f9ddc60f331be7bd90d15abe,data/02_Under constant external torque/01_Assisting torque for 15 seconds/traces_4000Hz/210119_046.txt,discovery
data/02_Under constant external torque/01_Assisting torque for 15 seconds,210119_048.txt,210119-6-5,300,5.0,bf6a606e03753cbd24fc98439647f99c24542938fbd9bb84acca7b770271bb58,data/02_Under constant external torque/01_Assisting torque for 15 seconds/traces_4000Hz/210119_048.txt,discovery
data/02_Under constant external torque/01_Assisting torque for 15 seconds,210119_052.txt,210119-6-7,200,5.0,f6ebc498655692c0c82f66791916e1e951f9cfea02c51e59b7f71ef92a600a3a,data/02_Under constant external torque/01_Assisting torque for 15 seconds/traces_4000Hz/210119_052.txt,discovery
data/02_Under constant external torque/01_Assisting torque for 15 seconds,210119_053.txt,210119-6-8,200,5.0,6b250524777cf79afeacfeeba21fe8d44731cd0fad62f1ce79bd5471e038e5d6,data/02_Under constant external torque/01_Assisting torque for 15 seconds/traces_4000Hz/210119_053.txt,discovery
data/02_Under constant external torque/01_Assisting torque for 15 seconds,210208_008.txt,210208-1-3,300,5.0,7491ec93f3e6dcdf8f464cb76509a1b8e794934bbc03a94a911c375633813245,data/02_Under constant external torque/01_Assisting torque for 15 seconds/traces_4000Hz/210208_008.txt,validation
data/02_Under constant external torque/01_Assisting torque for 15 seconds,210208_101.txt,210208-2-2,250,1.0,6d6548eca88f4d2e11e8cf4cfbbdc67a0c8fbef884f9f95d73cde9d360ac00c8,data/02_Under constant external torque/01_Assisting torque for 15 seconds/traces_4000Hz/210208_101.txt,discovery
data/02_Under constant external torque/01_Assisting torque for 15 seconds,210209_005.txt,210209-1-5,300,1.0,e123324c1c86fb64586275929ba341927d9b629527207236d4aa6f5411c0227d,data/02_Under constant external torque/01_Assisting torque for 15 seconds/traces_4000Hz/210209_005.txt,discovery
data/02_Under constant external torque/01_Assisting torque for 15 seconds,210209_006.txt,210209-1-5,300,1.0,e123324c1c86fb64586275929ba341927d9b629527207236d4aa6f5411c0227d,data/02_Under constant external torque/01_Assisting torque for 15 seconds/traces_4000Hz/210209_006.txt,discovery
data/02_Under constant external torque/01_Assisting torque for 15 seconds,210210_008.txt,210210-1-6,250,15.0,2f000f17a60e50765a75806e3ff2d685cb917028d4752efc478ee9a3088453cc,data/02_Under constant external torque/01_Assisting torque for 15 seconds/traces_4000Hz/210210_008.txt,validation
data/02_Under constant external torque/01_Assisting torque for 15 seconds,210210_009.txt,210210-1-7,250,15.0,db7d19714400cd28fa24bc3ba28de4302f3eb8fb0b6cac204c7e44f1f8298133,data/02_Under constant external torque/01_Assisting torque for 15 seconds/traces_4000Hz/210210_009.txt,validation
data/02_Under constant external torque/01_Assisting torque for 15 seconds,210210_013.txt,210210-1-9,300,15.0,e2438322edbf2845c3f69df9a5aed691dee5dab42e96fac68cc8685f877e0149,data/02_Under constant external torque/01_Assisting torque for 15 seconds/traces_4000Hz/210210_013.txt,discovery
data/02_Under constant external torque/01_Assisting torque for 15 seconds,210210_017.txt,210210-2-1,200,15.0,b9361a737b2c0fd3546a4907e89d024b1587ddfbceafdfa5ae73239da7946046,data/02_Under constant external torque/01_Assisting torque for 15 seconds/traces_4000Hz/210210_017.txt,validation
data/02_Under constant external torque/01_Assisting torque for 15 seconds,210210_025.txt,210210-3-1,300,15.0,d4bf0e22e985dc84b88016b3b25c9e9abf0836ecc36f0f968a03e57c4c47c5c6,data/02_Under constant external torque/01_Assisting torque for 15 seconds/traces_4000Hz/210210_025.txt,discovery
data/02_Under constant external torque/01_Assisting torque for 15 seconds,210210_037.txt,210210-3-9,250,15.0,3856721421db473547d3de1ba94f82e4da4d5a5ab73b5121e2a2b66c83d734e9,data/02_Under constant external torque/01_Assisting torque for 15 seconds/traces_4000Hz/210210_037.txt,discovery
data/02_Under constant external torque/01_Assisting torque for 15 seconds,210210_042.txt,210210-4-1,300,15.0,8db6240fbde65911e7a5b8cad4bedd8566505730660654898f8b8b5c0b2cf1f8,data/02_Under constant external torque/01_Assisting torque for 15 seconds/traces_4000Hz/210210_042.txt,validation
data/02_Under constant external torque/01_Assisting torque for 15 seconds,210210_045.txt,210210-4-2,250,15.0,4a2fd07ff892ed433cb9b8b4a190a38606cc3c48f20d7ad58f25a13775a6afd1,data/02_Under constant external torque/01_Assisting torque for 15 seconds/traces_4000Hz/210210_045.txt,validation
data/02_Under constant external torque/01_Assisting torque for 15 seconds,210210_048.txt,210210-4-3,250,15.0,bfa6bae47ca4675da8c84ba1a86c64e8782bb1577022fdcab42f1aaf4d1c3e5f,data/02_Under constant external torque/01_Assisting torque for 15 seconds/traces_4000Hz/210210_048.txt,discovery
data/02_Under constant external torque/01_Assisting torque for 15 seconds,210210_050.txt,210210-4-5,300,15.0,fff7c6d573b6775267b48e750baea4686b0465eea7856deca43b237398b4ab9c,data/02_Under constant external torque/01_Assisting torque for 15 seconds/traces_4000Hz/210210_050.txt,validation
data/02_Under constant external torque/01_Assisting torque for 15 seconds,210211_008.txt,210211-1-7,300,1.0,eab9540bbb37132f129c1e8a6890eccef6ac89f179feca7b485765a91869d80c,data/02_Under constant external torque/01_Assisting torque for 15 seconds/traces_4000Hz/210211_008.txt,validation
data/02_Under constant external torque/01_Assisting torque for 15 seconds,210211_018.txt,210211-2-3,250,1.0,c5e2229ff01930972aa600edc6f7c003b3123b122e44ac6a5283dc5f45b3d847,data/02_Under constant external torque/01_Assisting torque for 15 seconds/traces_4000Hz/210211_018.txt,validation
data/02_Under constant external torque/03_Hindering torque for 60 seconds,210120_026.txt,210120-3-4,150,150.0,3a4949331657d32dd4c04f2d5d70756009656ecf334338332e8fd21e396ee088,data/02_Under constant external torque/03_Hindering torque for 60 seconds/traces_4000Hz/210120_026.txt,validation
data/02_Under constant external torque/03_Hindering torque for 60 seconds,210126_007.txt,210126-1-3,300,300.0,4274184193bc94007f834338b4aa944dc4f8702b9313ca1d84fd6ca77bb6cb6d,data/02_Under constant external torque/03_Hindering torque for 60 seconds/traces_4000Hz/210126_007.txt,validation
data/02_Under constant external torque/03_Hindering torque for 60 seconds,210126_008.txt,210126-1-3,300,300.0,4274184193bc94007f834338b4aa944dc4f8702b9313ca1d84fd6ca77bb6cb6d,data/02_Under constant external torque/03_Hindering torque for 60 seconds/traces_4000Hz/210126_008.txt,validation
data/02_Under constant external torque/03_Hindering torque for 60 seconds,210126_012.txt,210126-2-1,250,250.0,4c37cf064c915531aa6d03ff83cde244781deb5c84a0a56c74073dddb2cd1c7d,data/02_Under constant external torque/03_Hindering torque for 60 seconds/traces_4000Hz/210126_012.txt,discovery
