N33Dynamics.absolutelyContinuous_increment_ge {f : Real → Real} {a b δ : Real} (hab : @LE.le.{0} Real Real.instLE a b)
  (hf : @AbsolutelyContinuousOnInterval.{0} Real Real.pseudoMetricSpace f a b)
  (hderiv :
    @Filter.Eventually.{0} Real
      (fun (u : Real) =>
        @Membership.mem.{0, 0} Real (Set.{0} Real) (@Set.instMembership.{0} Real)
            (@Set.Icc.{0} Real Real.instPreorder a b) u →
          @LE.le.{0} Real Real.instLE δ
            (@deriv.{0, 0} Real (@DenselyNormedField.toNontriviallyNormedField.{0} Real Real.denselyNormedField) Real
              Real.instAddCommGroup
              (@NormedSpace.toModule.{0, 0} Real Real Real.normedField
                (@NonUnitalSeminormedRing.toSeminormedAddCommGroup.{0} Real
                  (@NonUnitalSeminormedCommRing.toNonUnitalSeminormedRing.{0} Real
                    (@SeminormedCommRing.toNonUnitalSeminormedCommRing.{0} Real
                      (@NormedCommRing.toSeminormedCommRing.{0} Real Real.normedCommRing))))
                (@InnerProductSpace.toNormedSpace.{0, 0} Real Real Real.instRCLike
                  (@NonUnitalSeminormedRing.toSeminormedAddCommGroup.{0} Real
                    (@NonUnitalSeminormedCommRing.toNonUnitalSeminormedRing.{0} Real
                      (@SeminormedCommRing.toNonUnitalSeminormedCommRing.{0} Real
                        (@NormedCommRing.toSeminormedCommRing.{0} Real Real.normedCommRing))))
                  (@RCLike.toInnerProductSpaceReal.{0} Real Real.instRCLike)))
              (@UniformSpace.toTopologicalSpace.{0} Real
                (@PseudoMetricSpace.toUniformSpace.{0} Real Real.pseudoMetricSpace))
              f u))
      (@MeasureTheory.ae.{0, 0} Real
        (@MeasureTheory.Measure.{0} Real (@MeasureTheory.MeasureSpace.toMeasurableSpace.{0} Real Real.measureSpace))
        (@MeasureTheory.Measure.instFunLike.{0} Real
          (@MeasureTheory.MeasureSpace.toMeasurableSpace.{0} Real Real.measureSpace))
        (@MeasureTheory.Measure.instOuterMeasureClass.{0} Real
          (@MeasureTheory.MeasureSpace.toMeasurableSpace.{0} Real Real.measureSpace))
        (@MeasureTheory.MeasureSpace.volume.{0} Real Real.measureSpace))) :
  @LE.le.{0} Real Real.instLE
    (@HMul.hMul.{0, 0, 0} Real Real Real (@instHMul.{0} Real Real.instMul) δ
      (@HSub.hSub.{0, 0, 0} Real Real Real (@instHSub.{0} Real Real.instSub) b a))
    (@HSub.hSub.{0, 0, 0} Real Real Real (@instHSub.{0} Real Real.instSub) (f b) (f a))
theorem N33Dynamics.absolutelyContinuous_increment_ge : ∀ {f : Real → Real} {a b δ : Real}
  (hab : @LE.le.{0} Real Real.instLE a b) (hf : @AbsolutelyContinuousOnInterval.{0} Real Real.pseudoMetricSpace f a b)
  (hderiv :
    @Filter.Eventually.{0} Real
      (fun (u : Real) =>
        @Membership.mem.{0, 0} Real (Set.{0} Real) (@Set.instMembership.{0} Real)
            (@Set.Icc.{0} Real Real.instPreorder a b) u →
          @LE.le.{0} Real Real.instLE δ
            (@deriv.{0, 0} Real (@DenselyNormedField.toNontriviallyNormedField.{0} Real Real.denselyNormedField) Real
              Real.instAddCommGroup
              (@NormedSpace.toModule.{0, 0} Real Real Real.normedField
                (@NonUnitalSeminormedRing.toSeminormedAddCommGroup.{0} Real
                  (@NonUnitalSeminormedCommRing.toNonUnitalSeminormedRing.{0} Real
                    (@SeminormedCommRing.toNonUnitalSeminormedCommRing.{0} Real
                      (@NormedCommRing.toSeminormedCommRing.{0} Real Real.normedCommRing))))
                (@InnerProductSpace.toNormedSpace.{0, 0} Real Real Real.instRCLike
                  (@NonUnitalSeminormedRing.toSeminormedAddCommGroup.{0} Real
                    (@NonUnitalSeminormedCommRing.toNonUnitalSeminormedRing.{0} Real
                      (@SeminormedCommRing.toNonUnitalSeminormedCommRing.{0} Real
                        (@NormedCommRing.toSeminormedCommRing.{0} Real Real.normedCommRing))))
                  (@RCLike.toInnerProductSpaceReal.{0} Real Real.instRCLike)))
              (@UniformSpace.toTopologicalSpace.{0} Real
                (@PseudoMetricSpace.toUniformSpace.{0} Real Real.pseudoMetricSpace))
              f u))
      (@MeasureTheory.ae.{0, 0} Real
        (@MeasureTheory.Measure.{0} Real (@MeasureTheory.MeasureSpace.toMeasurableSpace.{0} Real Real.measureSpace))
        (@MeasureTheory.Measure.instFunLike.{0} Real
          (@MeasureTheory.MeasureSpace.toMeasurableSpace.{0} Real Real.measureSpace))
        (@MeasureTheory.Measure.instOuterMeasureClass.{0} Real
          (@MeasureTheory.MeasureSpace.toMeasurableSpace.{0} Real Real.measureSpace))
        (@MeasureTheory.MeasureSpace.volume.{0} Real Real.measureSpace))),
  @LE.le.{0} Real Real.instLE
    (@HMul.hMul.{0, 0, 0} Real Real Real (@instHMul.{0} Real Real.instMul) δ
      (@HSub.hSub.{0, 0, 0} Real Real Real (@instHSub.{0} Real Real.instSub) b a))
    (@HSub.hSub.{0, 0, 0} Real Real Real (@instHSub.{0} Real Real.instSub) (f b) (f a)) :=
fun {f : Real → Real} {a b δ : Real} (hab : @LE.le.{0} Real Real.instLE a b)
    (hf : @AbsolutelyContinuousOnInterval.{0} Real Real.pseudoMetricSpace f a b)
    (hderiv :
      @Filter.Eventually.{0} Real
        (fun (u : Real) =>
          @Membership.mem.{0, 0} Real (Set.{0} Real) (@Set.instMembership.{0} Real)
              (@Set.Icc.{0} Real Real.instPreorder a b) u →
            @LE.le.{0} Real Real.instLE δ
              (@deriv.{0, 0} Real (@DenselyNormedField.toNontriviallyNormedField.{0} Real Real.denselyNormedField) Real
                Real.instAddCommGroup
                (@NormedSpace.toModule.{0, 0} Real Real Real.normedField
                  (@NonUnitalSeminormedRing.toSeminormedAddCommGroup.{0} Real
                    (@NonUnitalSeminormedCommRing.toNonUnitalSeminormedRing.{0} Real
                      (@SeminormedCommRing.toNonUnitalSeminormedCommRing.{0} Real
                        (@NormedCommRing.toSeminormedCommRing.{0} Real Real.normedCommRing))))
                  (@InnerProductSpace.toNormedSpace.{0, 0} Real Real Real.instRCLike
                    (@NonUnitalSeminormedRing.toSeminormedAddCommGroup.{0} Real
                      (@NonUnitalSeminormedCommRing.toNonUnitalSeminormedRing.{0} Real
                        (@SeminormedCommRing.toNonUnitalSeminormedCommRing.{0} Real
                          (@NormedCommRing.toSeminormedCommRing.{0} Real Real.normedCommRing))))
                    (@RCLike.toInnerProductSpaceReal.{0} Real Real.instRCLike)))
                (@UniformSpace.toTopologicalSpace.{0} Real
                  (@PseudoMetricSpace.toUniformSpace.{0} Real Real.pseudoMetricSpace))
                f u))
        (@MeasureTheory.ae.{0, 0} Real
          (@MeasureTheory.Measure.{0} Real (@MeasureTheory.MeasureSpace.toMeasurableSpace.{0} Real Real.measureSpace))
          (@MeasureTheory.Measure.instFunLike.{0} Real
            (@MeasureTheory.MeasureSpace.toMeasurableSpace.{0} Real Real.measureSpace))
          (@MeasureTheory.Measure.instOuterMeasureClass.{0} Real
            (@MeasureTheory.MeasureSpace.toMeasurableSpace.{0} Real Real.measureSpace))
          (@MeasureTheory.MeasureSpace.volume.{0} Real Real.measureSpace))) =>
  have hderivRestrict :
    @Filter.EventuallyLE.{0, 0} Real Real Real.instLE
      (@MeasureTheory.ae.{0, 0} Real
        (@MeasureTheory.Measure.{0} Real (@MeasureTheory.MeasureSpace.toMeasurableSpace.{0} Real Real.measureSpace))
        (@MeasureTheory.Measure.instFunLike.{0} Real
          (@MeasureTheory.MeasureSpace.toMeasurableSpace.{0} Real Real.measureSpace))
        (@MeasureTheory.Measure.instOuterMeasureClass.{0} Real
          (@MeasureTheory.MeasureSpace.toMeasurableSpace.{0} Real Real.measureSpace))
        (@MeasureTheory.Measure.restrict.{0} Real
          (@MeasureTheory.MeasureSpace.toMeasurableSpace.{0} Real Real.measureSpace)
          (@MeasureTheory.MeasureSpace.volume.{0} Real Real.measureSpace) (@Set.Icc.{0} Real Real.instPreorder a b)))
      (fun (x : Real) => δ)
      (@deriv.{0, 0} Real (@DenselyNormedField.toNontriviallyNormedField.{0} Real Real.denselyNormedField) Real
        Real.instAddCommGroup
        (@NormedSpace.toModule.{0, 0} Real Real Real.normedField
          (@NonUnitalSeminormedRing.toSeminormedAddCommGroup.{0} Real
            (@NonUnitalSeminormedCommRing.toNonUnitalSeminormedRing.{0} Real
              (@SeminormedCommRing.toNonUnitalSeminormedCommRing.{0} Real
                (@NormedCommRing.toSeminormedCommRing.{0} Real Real.normedCommRing))))
          (@InnerProductSpace.toNormedSpace.{0, 0} Real Real Real.instRCLike
            (@NonUnitalSeminormedRing.toSeminormedAddCommGroup.{0} Real
              (@NonUnitalSeminormedCommRing.toNonUnitalSeminormedRing.{0} Real
                (@SeminormedCommRing.toNonUnitalSeminormedCommRing.{0} Real
                  (@NormedCommRing.toSeminormedCommRing.{0} Real Real.normedCommRing))))
            (@RCLike.toInnerProductSpaceReal.{0} Real Real.instRCLike)))
        (@UniformSpace.toTopologicalSpace.{0} Real (@PseudoMetricSpace.toUniformSpace.{0} Real Real.pseudoMetricSpace))
        f) :=
    @id.{0}
      (@Filter.EventuallyLE.{0, 0} Real Real Real.instLE
        (@MeasureTheory.ae.{0, 0} Real
          (@MeasureTheory.Measure.{0} Real (@MeasureTheory.MeasureSpace.toMeasurableSpace.{0} Real Real.measureSpace))
          (@MeasureTheory.Measure.instFunLike.{0} Real
            (@MeasureTheory.MeasureSpace.toMeasurableSpace.{0} Real Real.measureSpace))
          (@MeasureTheory.Measure.instOuterMeasureClass.{0} Real
            (@MeasureTheory.MeasureSpace.toMeasurableSpace.{0} Real Real.measureSpace))
          (@MeasureTheory.Measure.restrict.{0} Real
            (@MeasureTheory.MeasureSpace.toMeasurableSpace.{0} Real Real.measureSpace)
            (@MeasureTheory.MeasureSpace.volume.{0} Real Real.measureSpace) (@Set.Icc.{0} Real Real.instPreorder a b)))
        (fun (x : Real) => δ)
        (@deriv.{0, 0} Real (@DenselyNormedField.toNontriviallyNormedField.{0} Real Real.denselyNormedField) Real
          Real.instAddCommGroup
          (@NormedSpace.toModule.{0, 0} Real Real Real.normedField
            (@NonUnitalSeminormedRing.toSeminormedAddCommGroup.{0} Real
              (@NonUnitalSeminormedCommRing.toNonUnitalSeminormedRing.{0} Real
                (@SeminormedCommRing.toNonUnitalSeminormedCommRing.{0} Real
                  (@NormedCommRing.toSeminormedCommRing.{0} Real Real.normedCommRing))))
            (@InnerProductSpace.toNormedSpace.{0, 0} Real Real Real.instRCLike
              (@NonUnitalSeminormedRing.toSeminormedAddCommGroup.{0} Real
                (@NonUnitalSeminormedCommRing.toNonUnitalSeminormedRing.{0} Real
                  (@SeminormedCommRing.toNonUnitalSeminormedCommRing.{0} Real
                    (@NormedCommRing.toSeminormedCommRing.{0} Real Real.normedCommRing))))
              (@RCLike.toInnerProductSpaceReal.{0} Real Real.instRCLike)))
          (@UniformSpace.toTopologicalSpace.{0} Real
            (@PseudoMetricSpace.toUniformSpace.{0} Real Real.pseudoMetricSpace))
          f))
      (@Eq.mpr.{0}
        (@Filter.Eventually.{0} Real
          (fun (u : Real) =>
            @LE.le.{0} Real Real.instLE δ
              (@deriv.{0, 0} Real (@DenselyNormedField.toNontriviallyNormedField.{0} Real Real.denselyNormedField) Real
                Real.instAddCommGroup
                (@NormedSpace.toModule.{0, 0} Real Real Real.normedField
                  (@NonUnitalSeminormedRing.toSeminormedAddCommGroup.{0} Real
                    (@NonUnitalSeminormedCommRing.toNonUnitalSeminormedRing.{0} Real
                      (@SeminormedCommRing.toNonUnitalSeminormedCommRing.{0} Real
                        (@NormedCommRing.toSeminormedCommRing.{0} Real Real.normedCommRing))))
                  (@InnerProductSpace.toNormedSpace.{0, 0} Real Real Real.instRCLike
                    (@NonUnitalSeminormedRing.toSeminormedAddCommGroup.{0} Real
                      (@NonUnitalSeminormedCommRing.toNonUnitalSeminormedRing.{0} Real
                        (@SeminormedCommRing.toNonUnitalSeminormedCommRing.{0} Real
                          (@NormedCommRing.toSeminormedCommRing.{0} Real Real.normedCommRing))))
                    (@RCLike.toInnerProductSpaceReal.{0} Real Real.instRCLike)))
                (@UniformSpace.toTopologicalSpace.{0} Real
                  (@PseudoMetricSpace.toUniformSpace.{0} Real Real.pseudoMetricSpace))
                f u))
          (@MeasureTheory.ae.{0, 0} Real
            (@MeasureTheory.Measure.{0} Real (@MeasureTheory.MeasureSpace.toMeasurableSpace.{0} Real Real.measureSpace))
            (@MeasureTheory.Measure.instFunLike.{0} Real
              (@MeasureTheory.MeasureSpace.toMeasurableSpace.{0} Real Real.measureSpace))
            (@MeasureTheory.Measure.instOuterMeasureClass.{0} Real
              (@MeasureTheory.MeasureSpace.toMeasurableSpace.{0} Real Real.measureSpace))
            (@MeasureTheory.Measure.restrict.{0} Real
              (@MeasureTheory.MeasureSpace.toMeasurableSpace.{0} Real Real.measureSpace)
              (@MeasureTheory.MeasureSpace.volume.{0} Real Real.measureSpace)
              (@Set.Icc.{0} Real Real.instPreorder a b))))
        (@Filter.Eventually.{0} Real
          (fun (x : Real) =>
            @Membership.mem.{0, 0} Real (Set.{0} Real) (@Set.instMembership.{0} Real)
                (@Set.Icc.{0} Real Real.instPreorder a b) x →
              @LE.le.{0} Real Real.instLE δ
                (@deriv.{0, 0} Real (@DenselyNormedField.toNontriviallyNormedField.{0} Real Real.denselyNormedField)
                  Real Real.instAddCommGroup
                  (@NormedSpace.toModule.{0, 0} Real Real Real.normedField
                    (@NonUnitalSeminormedRing.toSeminormedAddCommGroup.{0} Real
                      (@NonUnitalSeminormedCommRing.toNonUnitalSeminormedRing.{0} Real
                        (@SeminormedCommRing.toNonUnitalSeminormedCommRing.{0} Real
                          (@NormedCommRing.toSeminormedCommRing.{0} Real Real.normedCommRing))))
                    (@InnerProductSpace.toNormedSpace.{0, 0} Real Real Real.instRCLike
                      (@NonUnitalSeminormedRing.toSeminormedAddCommGroup.{0} Real
                        (@NonUnitalSeminormedCommRing.toNonUnitalSeminormedRing.{0} Real
                          (@SeminormedCommRing.toNonUnitalSeminormedCommRing.{0} Real
                            (@NormedCommRing.toSeminormedCommRing.{0} Real Real.normedCommRing))))
                      (@RCLike.toInnerProductSpaceReal.{0} Real Real.instRCLike)))
                  (@UniformSpace.toTopologicalSpace.{0} Real
                    (@PseudoMetricSpace.toUniformSpace.{0} Real Real.pseudoMetricSpace))
                  f x))
          (@MeasureTheory.ae.{0, 0} Real
            (@MeasureTheory.Measure.{0} Real (@MeasureTheory.MeasureSpace.toMeasurableSpace.{0} Real Real.measureSpace))
            (@MeasureTheory.Measure.instFunLike.{0} Real
              (@MeasureTheory.MeasureSpace.toMeasurableSpace.{0} Real Real.measureSpace))
            (@MeasureTheory.Measure.instOuterMeasureClass.{0} Real
              (@MeasureTheory.MeasureSpace.toMeasurableSpace.{0} Real Real.measureSpace))
            (@MeasureTheory.MeasureSpace.volume.{0} Real Real.measureSpace)))
        (@id.{0}
          (@Eq.{1} Prop
            (@Filter.Eventually.{0} Real
              (fun (u : Real) =>
                @LE.le.{0} Real Real.instLE δ
                  (@deriv.{0, 0} Real (@DenselyNormedField.toNontriviallyNormedField.{0} Real Real.denselyNormedField)
                    Real Real.instAddCommGroup
                    (@NormedSpace.toModule.{0, 0} Real Real Real.normedField
                      (@NonUnitalSeminormedRing.toSeminormedAddCommGroup.{0} Real
                        (@NonUnitalSeminormedCommRing.toNonUnitalSeminormedRing.{0} Real
                          (@SeminormedCommRing.toNonUnitalSeminormedCommRing.{0} Real
                            (@NormedCommRing.toSeminormedCommRing.{0} Real Real.normedCommRing))))
                      (@InnerProductSpace.toNormedSpace.{0, 0} Real Real Real.instRCLike
                        (@NonUnitalSeminormedRing.toSeminormedAddCommGroup.{0} Real
                          (@NonUnitalSeminormedCommRing.toNonUnitalSeminormedRing.{0} Real
                            (@SeminormedCommRing.toNonUnitalSeminormedCommRing.{0} Real
                              (@NormedCommRing.toSeminormedCommRing.{0} Real Real.normedCommRing))))
                        (@RCLike.toInnerProductSpaceReal.{0} Real Real.instRCLike)))
                    (@UniformSpace.toTopologicalSpace.{0} Real
                      (@PseudoMetricSpace.toUniformSpace.{0} Real Real.pseudoMetricSpace))
                    f u))
              (@MeasureTheory.ae.{0, 0} Real
                (@MeasureTheory.Measure.{0} Real
                  (@MeasureTheory.MeasureSpace.toMeasurableSpace.{0} Real Real.measureSpace))
                (@MeasureTheory.Measure.instFunLike.{0} Real
                  (@MeasureTheory.MeasureSpace.toMeasurableSpace.{0} Real Real.measureSpace))
                (@MeasureTheory.Measure.instOuterMeasureClass.{0} Real
                  (@MeasureTheory.MeasureSpace.toMeasurableSpace.{0} Real Real.measureSpace))
                (@MeasureTheory.Measure.restrict.{0} Real
                  (@MeasureTheory.MeasureSpace.toMeasurableSpace.{0} Real Real.measureSpace)
                  (@MeasureTheory.MeasureSpace.volume.{0} Real Real.measureSpace)
                  (@Set.Icc.{0} Real Real.instPreorder a b))))
            (@Filter.Eventually.{0} Real
              (fun (x : Real) =>
                @Membership.mem.{0, 0} Real (Set.{0} Real) (@Set.instMembership.{0} Real)
                    (@Set.Icc.{0} Real Real.instPreorder a b) x →
                  @LE.le.{0} Real Real.instLE δ
                    (@deriv.{0, 0} Real (@DenselyNormedField.toNontriviallyNormedField.{0} Real Real.denselyNormedField)
                      Real Real.instAddCommGroup
                      (@NormedSpace.toModule.{0, 0} Real Real Real.normedField
                        (@NonUnitalSeminormedRing.toSeminormedAddCommGroup.{0} Real
                          (@NonUnitalSeminormedCommRing.toNonUnitalSeminormedRing.{0} Real
                            (@SeminormedCommRing.toNonUnitalSeminormedCommRing.{0} Real
                              (@NormedCommRing.toSeminormedCommRing.{0} Real Real.normedCommRing))))
                        (@InnerProductSpace.toNormedSpace.{0, 0} Real Real Real.instRCLike
                          (@NonUnitalSeminormedRing.toSeminormedAddCommGroup.{0} Real
                            (@NonUnitalSeminormedCommRing.toNonUnitalSeminormedRing.{0} Real
                              (@SeminormedCommRing.toNonUnitalSeminormedCommRing.{0} Real
                                (@NormedCommRing.toSeminormedCommRing.{0} Real Real.normedCommRing))))
                          (@RCLike.toInnerProductSpaceReal.{0} Real Real.instRCLike)))
                      (@UniformSpace.toTopologicalSpace.{0} Real
                        (@PseudoMetricSpace.toUniformSpace.{0} Real Real.pseudoMetricSpace))
                      f x))
              (@MeasureTheory.ae.{0, 0} Real
                (@MeasureTheory.Measure.{0} Real
                  (@MeasureTheory.MeasureSpace.toMeasurableSpace.{0} Real Real.measureSpace))
                (@MeasureTheory.Measure.instFunLike.{0} Real
                  (@MeasureTheory.MeasureSpace.toMeasurableSpace.{0} Real Real.measureSpace))
                (@MeasureTheory.Measure.instOuterMeasureClass.{0} Real
                  (@MeasureTheory.MeasureSpace.toMeasurableSpace.{0} Real Real.measureSpace))
                (@MeasureTheory.MeasureSpace.volume.{0} Real Real.measureSpace))))
          (@congrArg.{1, 1} Prop Prop
            (@Filter.Eventually.{0} Real
              (fun (x : Real) =>
                @LE.le.{0} Real Real.instLE δ
                  (@deriv.{0, 0} Real (@DenselyNormedField.toNontriviallyNormedField.{0} Real Real.denselyNormedField)
                    Real Real.instAddCommGroup
                    (@NormedSpace.toModule.{0, 0} Real Real Real.normedField
                      (@NonUnitalSeminormedRing.toSeminormedAddCommGroup.{0} Real
                        (@NonUnitalSeminormedCommRing.toNonUnitalSeminormedRing.{0} Real
                          (@SeminormedCommRing.toNonUnitalSeminormedCommRing.{0} Real
                            (@NormedCommRing.toSeminormedCommRing.{0} Real Real.normedCommRing))))
                      (@InnerProductSpace.toNormedSpace.{0, 0} Real Real Real.instRCLike
                        (@NonUnitalSeminormedRing.toSeminormedAddCommGroup.{0} Real
                          (@NonUnitalSeminormedCommRing.toNonUnitalSeminormedRing.{0} Real
                            (@SeminormedCommRing.toNonUnitalSeminormedCommRing.{0} Real
                              (@NormedCommRing.toSeminormedCommRing.{0} Real Real.normedCommRing))))
                        (@RCLike.toInnerProductSpaceReal.{0} Real Real.instRCLike)))
                    (@UniformSpace.toTopologicalSpace.{0} Real
                      (@PseudoMetricSpace.toUniformSpace.{0} Real Real.pseudoMetricSpace))
                    f x))
              (@MeasureTheory.ae.{0, 0} Real
                (@MeasureTheory.Measure.{0} Real
                  (@MeasureTheory.MeasureSpace.toMeasurableSpace.{0} Real Real.measureSpace))
                (@MeasureTheory.Measure.instFunLike.{0} Real
                  (@MeasureTheory.MeasureSpace.toMeasurableSpace.{0} Real Real.measureSpace))
                (@MeasureTheory.Measure.instOuterMeasureClass.{0} Real
                  (@MeasureTheory.MeasureSpace.toMeasurableSpace.{0} Real Real.measureSpace))
                (@MeasureTheory.Measure.restrict.{0} Real
                  (@MeasureTheory.MeasureSpace.toMeasurableSpace.{0} Real Real.measureSpace)
                  (@MeasureTheory.MeasureSpace.volume.{0} Real Real.measureSpace)
                  (@Set.Icc.{0} Real Real.instPreorder a b))))
            (@Filter.Eventually.{0} Real
              (fun (x : Real) =>
                @Membership.mem.{0, 0} Real (Set.{0} Real) (@Set.instMembership.{0} Real)
                    (@Set.Icc.{0} Real Real.instPreorder a b) x →
                  @LE.le.{0} Real Real.instLE δ
                    (@deriv.{0, 0} Real (@DenselyNormedField.toNontriviallyNormedField.{0} Real Real.denselyNormedField)
                      Real Real.instAddCommGroup
                      (@NormedSpace.toModule.{0, 0} Real Real Real.normedField
                        (@NonUnitalSeminormedRing.toSeminormedAddCommGroup.{0} Real
                          (@NonUnitalSeminormedCommRing.toNonUnitalSeminormedRing.{0} Real
                            (@SeminormedCommRing.toNonUnitalSeminormedCommRing.{0} Real
                              (@NormedCommRing.toSeminormedCommRing.{0} Real Real.normedCommRing))))
                        (@InnerProductSpace.toNormedSpace.{0, 0} Real Real Real.instRCLike
                          (@NonUnitalSeminormedRing.toSeminormedAddCommGroup.{0} Real
                            (@NonUnitalSeminormedCommRing.toNonUnitalSeminormedRing.{0} Real
                              (@SeminormedCommRing.toNonUnitalSeminormedCommRing.{0} Real
                                (@NormedCommRing.toSeminormedCommRing.{0} Real Real.normedCommRing))))
                          (@RCLike.toInnerProductSpaceReal.{0} Real Real.instRCLike)))
                      (@UniformSpace.toTopologicalSpace.{0} Real
                        (@PseudoMetricSpace.toUniformSpace.{0} Real Real.pseudoMetricSpace))
                      f x))
              (@MeasureTheory.ae.{0, 0} Real
                (@MeasureTheory.Measure.{0} Real
                  (@MeasureTheory.MeasureSpace.toMeasurableSpace.{0} Real Real.measureSpace))
                (@MeasureTheory.Measure.instFunLike.{0} Real
                  (@MeasureTheory.MeasureSpace.toMeasurableSpace.{0} Real Real.measureSpace))
                (@MeasureTheory.Measure.instOuterMeasureClass.{0} Real
                  (@MeasureTheory.MeasureSpace.toMeasurableSpace.{0} Real Real.measureSpace))
                (@MeasureTheory.MeasureSpace.volume.{0} Real Real.measureSpace)))
            (fun (_a : Prop) => _a)
            (@propext
              (@Filter.Eventually.{0} Real
                (fun (x : Real) =>
                  @LE.le.{0} Real Real.instLE δ
                    (@deriv.{0, 0} Real (@DenselyNormedField.toNontriviallyNormedField.{0} Real Real.denselyNormedField)
                      Real Real.instAddCommGroup
                      (@NormedSpace.toModule.{0, 0} Real Real Real.normedField
                        (@NonUnitalSeminormedRing.toSeminormedAddCommGroup.{0} Real
                          (@NonUnitalSeminormedCommRing.toNonUnitalSeminormedRing.{0} Real
                            (@SeminormedCommRing.toNonUnitalSeminormedCommRing.{0} Real
                              (@NormedCommRing.toSeminormedCommRing.{0} Real Real.normedCommRing))))
                        (@InnerProductSpace.toNormedSpace.{0, 0} Real Real Real.instRCLike
                          (@NonUnitalSeminormedRing.toSeminormedAddCommGroup.{0} Real
                            (@NonUnitalSeminormedCommRing.toNonUnitalSeminormedRing.{0} Real
                              (@SeminormedCommRing.toNonUnitalSeminormedCommRing.{0} Real
                                (@NormedCommRing.toSeminormedCommRing.{0} Real Real.normedCommRing))))
                          (@RCLike.toInnerProductSpaceReal.{0} Real Real.instRCLike)))
                      (@UniformSpace.toTopologicalSpace.{0} Real
                        (@PseudoMetricSpace.toUniformSpace.{0} Real Real.pseudoMetricSpace))
                      f x))
                (@MeasureTheory.ae.{0, 0} Real
                  (@MeasureTheory.Measure.{0} Real
                    (@MeasureTheory.MeasureSpace.toMeasurableSpace.{0} Real Real.measureSpace))
                  (@MeasureTheory.Measure.instFunLike.{0} Real
                    (@MeasureTheory.MeasureSpace.toMeasurableSpace.{0} Real Real.measureSpace))
                  (@MeasureTheory.Measure.instOuterMeasureClass.{0} Real
                    (@MeasureTheory.MeasureSpace.toMeasurableSpace.{0} Real Real.measureSpace))
                  (@MeasureTheory.Measure.restrict.{0} Real
                    (@MeasureTheory.MeasureSpace.toMeasurableSpace.{0} Real Real.measureSpace)
                    (@MeasureTheory.MeasureSpace.volume.{0} Real Real.measureSpace)
                    (@Set.Icc.{0} Real Real.instPreorder a b))))
              (@Filter.Eventually.{0} Real
                (fun (x : Real) =>
                  @Membership.mem.{0, 0} Real (Set.{0} Real) (@Set.instMembership.{0} Real)
                      (@Set.Icc.{0} Real Real.instPreorder a b) x →
                    @LE.le.{0} Real Real.instLE δ
                      (@deriv.{0, 0} Real
                        (@DenselyNormedField.toNontriviallyNormedField.{0} Real Real.denselyNormedField) Real
                        Real.instAddCommGroup
                        (@NormedSpace.toModule.{0, 0} Real Real Real.normedField
                          (@NonUnitalSeminormedRing.toSeminormedAddCommGroup.{0} Real
                            (@NonUnitalSeminormedCommRing.toNonUnitalSeminormedRing.{0} Real
                              (@SeminormedCommRing.toNonUnitalSeminormedCommRing.{0} Real
                                (@NormedCommRing.toSeminormedCommRing.{0} Real Real.normedCommRing))))
                          (@InnerProductSpace.toNormedSpace.{0, 0} Real Real Real.instRCLike
                            (@NonUnitalSeminormedRing.toSeminormedAddCommGroup.{0} Real
                              (@NonUnitalSeminormedCommRing.toNonUnitalSeminormedRing.{0} Real
                                (@SeminormedCommRing.toNonUnitalSeminormedCommRing.{0} Real
                                  (@NormedCommRing.toSeminormedCommRing.{0} Real Real.normedCommRing))))
                            (@RCLike.toInnerProductSpaceReal.{0} Real Real.instRCLike)))
                        (@UniformSpace.toTopologicalSpace.{0} Real
                          (@PseudoMetricSpace.toUniformSpace.{0} Real Real.pseudoMetricSpace))
                        f x))
                (@MeasureTheory.ae.{0, 0} Real
                  (@MeasureTheory.Measure.{0} Real
                    (@MeasureTheory.MeasureSpace.toMeasurableSpace.{0} Real Real.measureSpace))
                  (@MeasureTheory.Measure.instFunLike.{0} Real
                    (@MeasureTheory.MeasureSpace.toMeasurableSpace.{0} Real Real.measureSpace))
                  (@MeasureTheory.Measure.instOuterMeasureClass.{0} Real
                    (@MeasureTheory.MeasureSpace.toMeasurableSpace.{0} Real Real.measureSpace))
                  (@MeasureTheory.MeasureSpace.volume.{0} Real Real.measureSpace)))
              (@MeasureTheory.ae_restrict_iff'.{0} Real
                (@MeasureTheory.MeasureSpace.toMeasurableSpace.{0} Real Real.measureSpace)
                (@MeasureTheory.MeasureSpace.volume.{0} Real Real.measureSpace)
                (@Set.Icc.{0} Real Real.instPreorder a b)
                (fun (u : Real) =>
                  @LE.le.{0} Real Real.instLE δ
                    (@deriv.{0, 0} Real (@DenselyNormedField.toNontriviallyNormedField.{0} Real Real.denselyNormedField)
                      Real Real.instAddCommGroup
                      (@NormedSpace.toModule.{0, 0} Real Real Real.normedField
                        (@NonUnitalSeminormedRing.toSeminormedAddCommGroup.{0} Real
                          (@NonUnitalSeminormedCommRing.toNonUnitalSeminormedRing.{0} Real
                            (@SeminormedCommRing.toNonUnitalSeminormedCommRing.{0} Real
                              (@NormedCommRing.toSeminormedCommRing.{0} Real Real.normedCommRing))))
                        (@InnerProductSpace.toNormedSpace.{0, 0} Real Real Real.instRCLike
                          (@NonUnitalSeminormedRing.toSeminormedAddCommGroup.{0} Real
                            (@NonUnitalSeminormedCommRing.toNonUnitalSeminormedRing.{0} Real
                              (@SeminormedCommRing.toNonUnitalSeminormedCommRing.{0} Real
                                (@NormedCommRing.toSeminormedCommRing.{0} Real Real.normedCommRing))))
                          (@RCLike.toInnerProductSpaceReal.{0} Real Real.instRCLike)))
                      (@UniformSpace.toTopologicalSpace.{0} Real
                        (@PseudoMetricSpace.toUniformSpace.{0} Real Real.pseudoMetricSpace))
                      f u))
                (@measurableSet_Icc.{0} Real
                  (@UniformSpace.toTopologicalSpace.{0} Real
                    (@PseudoMetricSpace.toUniformSpace.{0} Real Real.pseudoMetricSpace))
                  (@MeasureTheory.MeasureSpace.toMeasurableSpace.{0} Real Real.measureSpace)
                  (@BorelSpace.opensMeasurable.{0} Real
                    (@UniformSpace.toTopologicalSpace.{0} Real
                      (@PseudoMetricSpace.toUniformSpace.{0} Real Real.pseudoMetricSpace))
                    (@MeasureTheory.MeasureSpace.toMeasurableSpace.{0} Real Real.measureSpace) Real.borelSpace)
                  Real.instPreorder a b
                  (@HasSolidNorm.orderClosedTopology.{0} Real Real.normedAddCommGroup Real.lattice instHasSolidNormReal
                    Real.instIsOrderedAddMonoid))))))
        hderiv);
  have hConst :
    @IntervalIntegrable.{0} Real
      (@UniformSpace.toTopologicalSpace.{0} Real (@PseudoMetricSpace.toUniformSpace.{0} Real Real.pseudoMetricSpace))
      (@NormedAddGroup.toENormedAddMonoid.{0} Real
        (@NormedAddCommGroup.toNormedAddGroup.{0} Real Real.normedAddCommGroup))
      (fun (x : Real) => δ) (@MeasureTheory.MeasureSpace.volume.{0} Real Real.measureSpace) a b :=
    @intervalIntegrable_const.{0} Real Real.normedAddCommGroup a b
      (@MeasureTheory.MeasureSpace.volume.{0} Real Real.measureSpace) Real.locallyFinite_volume δ
      (@enorm_ne_top.{0} Real
        (@SeminormedAddGroup.toNNNorm.{0} Real
          (@SeminormedAddCommGroup.toSeminormedAddGroup.{0} Real
            (@NormedAddCommGroup.toSeminormedAddCommGroup.{0} Real Real.normedAddCommGroup)))
        δ);
  have hIntegral :
    @LE.le.{0} Real Real.instLE
      (@intervalIntegral.{0} Real Real.normedAddCommGroup
        (@InnerProductSpace.toNormedSpace.{0, 0} Real Real Real.instRCLike
          (@NormedAddCommGroup.toSeminormedAddCommGroup.{0} Real Real.normedAddCommGroup)
          (@RCLike.toInnerProductSpaceReal.{0} Real Real.instRCLike))
        (fun (u : Real) => δ) a b (@MeasureTheory.MeasureSpace.volume.{0} Real Real.measureSpace))
      (@intervalIntegral.{0} Real Real.normedAddCommGroup
        (@InnerProductSpace.toNormedSpace.{0, 0} Real Real Real.instRCLike
          (@NormedAddCommGroup.toSeminormedAddCommGroup.{0} Real Real.normedAddCommGroup)
          (@RCLike.toInnerProductSpaceReal.{0} Real Real.instRCLike))
        (fun (u : Real) =>
          @deriv.{0, 0} Real (@DenselyNormedField.toNontriviallyNormedField.{0} Real Real.denselyNormedField) Real
            Real.instAddCommGroup
            (@NormedSpace.toModule.{0, 0} Real Real Real.normedField
              (@NonUnitalSeminormedRing.toSeminormedAddCommGroup.{0} Real
                (@NonUnitalSeminormedCommRing.toNonUnitalSeminormedRing.{0} Real
                  (@SeminormedCommRing.toNonUnitalSeminormedCommRing.{0} Real
                    (@NormedCommRing.toSeminormedCommRing.{0} Real Real.normedCommRing))))
              (@InnerProductSpace.toNormedSpace.{0, 0} Real Real Real.instRCLike
                (@NonUnitalSeminormedRing.toSeminormedAddCommGroup.{0} Real
                  (@NonUnitalSeminormedCommRing.toNonUnitalSeminormedRing.{0} Real
                    (@SeminormedCommRing.toNonUnitalSeminormedCommRing.{0} Real
                      (@NormedCommRing.toSeminormedCommRing.{0} Real Real.normedCommRing))))
                (@RCLike.toInnerProductSpaceReal.{0} Real Real.instRCLike)))
            (@UniformSpace.toTopologicalSpace.{0} Real
              (@PseudoMetricSpace.toUniformSpace.{0} Real Real.pseudoMetricSpace))
            f u)
        a b (@MeasureTheory.MeasureSpace.volume.{0} Real Real.measureSpace)) :=
    @intervalIntegral.integral_mono_ae_restrict (fun (x : Real) => δ)
      (@deriv.{0, 0} Real (@DenselyNormedField.toNontriviallyNormedField.{0} Real Real.denselyNormedField) Real
        Real.instAddCommGroup
        (@NormedSpace.toModule.{0, 0} Real Real Real.normedField
          (@NonUnitalSeminormedRing.toSeminormedAddCommGroup.{0} Real
            (@NonUnitalSeminormedCommRing.toNonUnitalSeminormedRing.{0} Real
              (@SeminormedCommRing.toNonUnitalSeminormedCommRing.{0} Real
                (@NormedCommRing.toSeminormedCommRing.{0} Real Real.normedCommRing))))
          (@InnerProductSpace.toNormedSpace.{0, 0} Real Real Real.instRCLike
            (@NonUnitalSeminormedRing.toSeminormedAddCommGroup.{0} Real
              (@NonUnitalSeminormedCommRing.toNonUnitalSeminormedRing.{0} Real
                (@SeminormedCommRing.toNonUnitalSeminormedCommRing.{0} Real
                  (@NormedCommRing.toSeminormedCommRing.{0} Real Real.normedCommRing))))
            (@RCLike.toInnerProductSpaceReal.{0} Real Real.instRCLike)))
        (@UniformSpace.toTopologicalSpace.{0} Real (@PseudoMetricSpace.toUniformSpace.{0} Real Real.pseudoMetricSpace))
        f)
      a b (@MeasureTheory.MeasureSpace.volume.{0} Real Real.measureSpace) hab hConst
      (@AbsolutelyContinuousOnInterval.intervalIntegrable_deriv f a b hf) hderivRestrict;
  @Eq.mpr.{0}
    (@LE.le.{0} Real Real.instLE
      (@HMul.hMul.{0, 0, 0} Real Real Real (@instHMul.{0} Real Real.instMul) δ
        (@HSub.hSub.{0, 0, 0} Real Real Real (@instHSub.{0} Real Real.instSub) b a))
      (@HSub.hSub.{0, 0, 0} Real Real Real (@instHSub.{0} Real Real.instSub) (f b) (f a)))
    (@LE.le.{0} Real Real.instLE
      (@HMul.hMul.{0, 0, 0} Real Real Real (@instHMul.{0} Real Real.instMul) δ
        (@HSub.hSub.{0, 0, 0} Real Real Real (@instHSub.{0} Real Real.instSub) b a))
      (@HSub.hSub.{0, 0, 0} Real Real Real (@instHSub.{0} Real Real.instSub) (f b) (f a)))
    (@id.{0}
      (@Eq.{1} Prop
        (@LE.le.{0} Real Real.instLE
          (@HMul.hMul.{0, 0, 0} Real Real Real (@instHMul.{0} Real Real.instMul) δ
            (@HSub.hSub.{0, 0, 0} Real Real Real (@instHSub.{0} Real Real.instSub) b a))
          (@HSub.hSub.{0, 0, 0} Real Real Real (@instHSub.{0} Real Real.instSub) (f b) (f a)))
        (@LE.le.{0} Real Real.instLE
          (@HMul.hMul.{0, 0, 0} Real Real Real (@instHMul.{0} Real Real.instMul) δ
            (@HSub.hSub.{0, 0, 0} Real Real Real (@instHSub.{0} Real Real.instSub) b a))
          (@HSub.hSub.{0, 0, 0} Real Real Real (@instHSub.{0} Real Real.instSub) (f b) (f a))))
      (@ge_iff_le._simp_1.{0} Real Real.instLE
        (@HSub.hSub.{0, 0, 0} Real Real Real (@instHSub.{0} Real Real.instSub) (f b) (f a))
        (@HMul.hMul.{0, 0, 0} Real Real Real (@instHMul.{0} Real Real.instMul) δ
          (@HSub.hSub.{0, 0, 0} Real Real Real (@instHSub.{0} Real Real.instSub) b a))))
    (@Eq.mp.{0}
      (@LE.le.{0} Real Real.instLE
        (@HSMul.hSMul.{0, 0, 0} Real Real Real
          (@instHSMul.{0, 0} Real Real
            (@SMulZeroClass.toSMul.{0, 0} Real Real
              (@AddZero.toZero.{0} Real
                (@AddZeroClass.toAddZero.{0} Real
                  (@AddMonoid.toAddZeroClass.{0} Real
                    (@ESeminormedAddMonoid.toAddMonoid.{0} Real
                      (@UniformSpace.toTopologicalSpace.{0} Real
                        (@PseudoMetricSpace.toUniformSpace.{0} Real
                          (@SeminormedAddCommGroup.toPseudoMetricSpace.{0} Real
                            (@NormedAddCommGroup.toSeminormedAddCommGroup.{0} Real Real.normedAddCommGroup))))
                      (@ESeminormedAddCommMonoid.toESeminormedAddMonoid.{0} Real
                        (@UniformSpace.toTopologicalSpace.{0} Real
                          (@PseudoMetricSpace.toUniformSpace.{0} Real
                            (@SeminormedAddCommGroup.toPseudoMetricSpace.{0} Real
                              (@NormedAddCommGroup.toSeminormedAddCommGroup.{0} Real Real.normedAddCommGroup))))
                        (@ENormedAddCommMonoid.toESeminormedAddCommMonoid.{0} Real
                          (@UniformSpace.toTopologicalSpace.{0} Real
                            (@PseudoMetricSpace.toUniformSpace.{0} Real
                              (@SeminormedAddCommGroup.toPseudoMetricSpace.{0} Real
                                (@NormedAddCommGroup.toSeminormedAddCommGroup.{0} Real Real.normedAddCommGroup))))
                          (@NormedAddCommGroup.toENormedAddCommMonoid.{0} Real Real.normedAddCommGroup)))))))
              (@DistribSMul.toSMulZeroClass.{0, 0} Real Real
                (@AddMonoid.toAddZeroClass.{0} Real
                  (@ESeminormedAddMonoid.toAddMonoid.{0} Real
                    (@UniformSpace.toTopologicalSpace.{0} Real
                      (@PseudoMetricSpace.toUniformSpace.{0} Real
                        (@SeminormedAddCommGroup.toPseudoMetricSpace.{0} Real
                          (@NormedAddCommGroup.toSeminormedAddCommGroup.{0} Real Real.normedAddCommGroup))))
                    (@ESeminormedAddCommMonoid.toESeminormedAddMonoid.{0} Real
                      (@UniformSpace.toTopologicalSpace.{0} Real
                        (@PseudoMetricSpace.toUniformSpace.{0} Real
                          (@SeminormedAddCommGroup.toPseudoMetricSpace.{0} Real
                            (@NormedAddCommGroup.toSeminormedAddCommGroup.{0} Real Real.normedAddCommGroup))))
                      (@ENormedAddCommMonoid.toESeminormedAddCommMonoid.{0} Real
                        (@UniformSpace.toTopologicalSpace.{0} Real
                          (@PseudoMetricSpace.toUniformSpace.{0} Real
                            (@SeminormedAddCommGroup.toPseudoMetricSpace.{0} Real
                              (@NormedAddCommGroup.toSeminormedAddCommGroup.{0} Real Real.normedAddCommGroup))))
                        (@NormedAddCommGroup.toENormedAddCommMonoid.{0} Real Real.normedAddCommGroup)))))
                (@DistribMulAction.toDistribSMul.{0, 0} Real Real Real.instMonoid
                  (@ESeminormedAddMonoid.toAddMonoid.{0} Real
                    (@UniformSpace.toTopologicalSpace.{0} Real
                      (@PseudoMetricSpace.toUniformSpace.{0} Real
                        (@SeminormedAddCommGroup.toPseudoMetricSpace.{0} Real
                          (@NormedAddCommGroup.toSeminormedAddCommGroup.{0} Real Real.normedAddCommGroup))))
                    (@ESeminormedAddCommMonoid.toESeminormedAddMonoid.{0} Real
                      (@UniformSpace.toTopologicalSpace.{0} Real
                        (@PseudoMetricSpace.toUniformSpace.{0} Real
                          (@SeminormedAddCommGroup.toPseudoMetricSpace.{0} Real
                            (@NormedAddCommGroup.toSeminormedAddCommGroup.{0} Real Real.normedAddCommGroup))))
                      (@ENormedAddCommMonoid.toESeminormedAddCommMonoid.{0} Real
                        (@UniformSpace.toTopologicalSpace.{0} Real
                          (@PseudoMetricSpace.toUniformSpace.{0} Real
                            (@SeminormedAddCommGroup.toPseudoMetricSpace.{0} Real
                              (@NormedAddCommGroup.toSeminormedAddCommGroup.{0} Real Real.normedAddCommGroup))))
                        (@NormedAddCommGroup.toENormedAddCommMonoid.{0} Real Real.normedAddCommGroup))))
                  (@Module.toDistribMulAction.{0, 0} Real Real Real.semiring
                    (@ESeminormedAddCommMonoid.toAddCommMonoid.{0} Real
                      (@UniformSpace.toTopologicalSpace.{0} Real
                        (@PseudoMetricSpace.toUniformSpace.{0} Real
                          (@SeminormedAddCommGroup.toPseudoMetricSpace.{0} Real
                            (@NormedAddCommGroup.toSeminormedAddCommGroup.{0} Real Real.normedAddCommGroup))))
                      (@ENormedAddCommMonoid.toESeminormedAddCommMonoid.{0} Real
                        (@UniformSpace.toTopologicalSpace.{0} Real
                          (@PseudoMetricSpace.toUniformSpace.{0} Real
                            (@SeminormedAddCommGroup.toPseudoMetricSpace.{0} Real
                              (@NormedAddCommGroup.toSeminormedAddCommGroup.{0} Real Real.normedAddCommGroup))))
                        (@NormedAddCommGroup.toENormedAddCommMonoid.{0} Real Real.normedAddCommGroup)))
                    (@NormedSpace.toModule.{0, 0} Real Real Real.normedField
                      (@NormedAddCommGroup.toSeminormedAddCommGroup.{0} Real Real.normedAddCommGroup)
                      (@InnerProductSpace.toNormedSpace.{0, 0} Real Real Real.instRCLike
                        (@NormedAddCommGroup.toSeminormedAddCommGroup.{0} Real Real.normedAddCommGroup)
                        (@RCLike.toInnerProductSpaceReal.{0} Real Real.instRCLike))))))))
          (@HSub.hSub.{0, 0, 0} Real Real Real (@instHSub.{0} Real Real.instSub) b a) δ)
        (@HSub.hSub.{0, 0, 0} Real Real Real (@instHSub.{0} Real Real.instSub) (f b) (f a)))
      (@LE.le.{0} Real Real.instLE
        (@HMul.hMul.{0, 0, 0} Real Real Real
          (@instHMul.{0} Real
            (@CommMagma.toMul.{0} Real
              (@NonUnitalNonAssocCommSemiring.toCommMagma.{0} Real
                (@NonUnitalNonAssocCommRing.toNonUnitalNonAssocCommSemiring.{0} Real
                  (@NonUnitalCommRing.toNonUnitalNonAssocCommRing.{0} Real
                    (@NonUnitalNormedCommRing.toNonUnitalCommRing.{0} Real
                      (@NormedCommRing.toNonUnitalNormedCommRing.{0} Real Real.normedCommRing)))))))
          δ (@HSub.hSub.{0, 0, 0} Real Real Real (@instHSub.{0} Real Real.instSub) b a))
        (@HSub.hSub.{0, 0, 0} Real Real Real (@instHSub.{0} Real Real.instSub) (f b) (f a)))
      (@congrFun'.{1, 1} Real Prop
        (@LE.le.{0} Real Real.instLE
          (@HSMul.hSMul.{0, 0, 0} Real Real Real
            (@instHSMul.{0, 0} Real Real
              (@SMulZeroClass.toSMul.{0, 0} Real Real
                (@AddZero.toZero.{0} Real
                  (@AddZeroClass.toAddZero.{0} Real
                    (@AddMonoid.toAddZeroClass.{0} Real
                      (@ESeminormedAddMonoid.toAddMonoid.{0} Real
                        (@UniformSpace.toTopologicalSpace.{0} Real
                          (@PseudoMetricSpace.toUniformSpace.{0} Real
                            (@SeminormedAddCommGroup.toPseudoMetricSpace.{0} Real
                              (@NormedAddCommGroup.toSeminormedAddCommGroup.{0} Real Real.normedAddCommGroup))))
                        (@ESeminormedAddCommMonoid.toESeminormedAddMonoid.{0} Real
                          (@UniformSpace.toTopologicalSpace.{0} Real
                            (@PseudoMetricSpace.toUniformSpace.{0} Real
                              (@SeminormedAddCommGroup.toPseudoMetricSpace.{0} Real
                                (@NormedAddCommGroup.toSeminormedAddCommGroup.{0} Real Real.normedAddCommGroup))))
                          (@ENormedAddCommMonoid.toESeminormedAddCommMonoid.{0} Real
                            (@UniformSpace.toTopologicalSpace.{0} Real
                              (@PseudoMetricSpace.toUniformSpace.{0} Real
                                (@SeminormedAddCommGroup.toPseudoMetricSpace.{0} Real
                                  (@NormedAddCommGroup.toSeminormedAddCommGroup.{0} Real Real.normedAddCommGroup))))
                            (@NormedAddCommGroup.toENormedAddCommMonoid.{0} Real Real.normedAddCommGroup)))))))
                (@DistribSMul.toSMulZeroClass.{0, 0} Real Real
                  (@AddMonoid.toAddZeroClass.{0} Real
                    (@ESeminormedAddMonoid.toAddMonoid.{0} Real
                      (@UniformSpace.toTopologicalSpace.{0} Real
                        (@PseudoMetricSpace.toUniformSpace.{0} Real
                          (@SeminormedAddCommGroup.toPseudoMetricSpace.{0} Real
                            (@NormedAddCommGroup.toSeminormedAddCommGroup.{0} Real Real.normedAddCommGroup))))
                      (@ESeminormedAddCommMonoid.toESeminormedAddMonoid.{0} Real
                        (@UniformSpace.toTopologicalSpace.{0} Real
                          (@PseudoMetricSpace.toUniformSpace.{0} Real
                            (@SeminormedAddCommGroup.toPseudoMetricSpace.{0} Real
                              (@NormedAddCommGroup.toSeminormedAddCommGroup.{0} Real Real.normedAddCommGroup))))
                        (@ENormedAddCommMonoid.toESeminormedAddCommMonoid.{0} Real
                          (@UniformSpace.toTopologicalSpace.{0} Real
                            (@PseudoMetricSpace.toUniformSpace.{0} Real
                              (@SeminormedAddCommGroup.toPseudoMetricSpace.{0} Real
                                (@NormedAddCommGroup.toSeminormedAddCommGroup.{0} Real Real.normedAddCommGroup))))
                          (@NormedAddCommGroup.toENormedAddCommMonoid.{0} Real Real.normedAddCommGroup)))))
                  (@DistribMulAction.toDistribSMul.{0, 0} Real Real Real.instMonoid
                    (@ESeminormedAddMonoid.toAddMonoid.{0} Real
                      (@UniformSpace.toTopologicalSpace.{0} Real
                        (@PseudoMetricSpace.toUniformSpace.{0} Real
                          (@SeminormedAddCommGroup.toPseudoMetricSpace.{0} Real
                            (@NormedAddCommGroup.toSeminormedAddCommGroup.{0} Real Real.normedAddCommGroup))))
                      (@ESeminormedAddCommMonoid.toESeminormedAddMonoid.{0} Real
                        (@UniformSpace.toTopologicalSpace.{0} Real
                          (@PseudoMetricSpace.toUniformSpace.{0} Real
                            (@SeminormedAddCommGroup.toPseudoMetricSpace.{0} Real
                              (@NormedAddCommGroup.toSeminormedAddCommGroup.{0} Real Real.normedAddCommGroup))))
                        (@ENormedAddCommMonoid.toESeminormedAddCommMonoid.{0} Real
                          (@UniformSpace.toTopologicalSpace.{0} Real
                            (@PseudoMetricSpace.toUniformSpace.{0} Real
                              (@SeminormedAddCommGroup.toPseudoMetricSpace.{0} Real
                                (@NormedAddCommGroup.toSeminormedAddCommGroup.{0} Real Real.normedAddCommGroup))))
                          (@NormedAddCommGroup.toENormedAddCommMonoid.{0} Real Real.normedAddCommGroup))))
                    (@Module.toDistribMulAction.{0, 0} Real Real Real.semiring
                      (@ESeminormedAddCommMonoid.toAddCommMonoid.{0} Real
                        (@UniformSpace.toTopologicalSpace.{0} Real
                          (@PseudoMetricSpace.toUniformSpace.{0} Real
                            (@SeminormedAddCommGroup.toPseudoMetricSpace.{0} Real
                              (@NormedAddCommGroup.toSeminormedAddCommGroup.{0} Real Real.normedAddCommGroup))))
                        (@ENormedAddCommMonoid.toESeminormedAddCommMonoid.{0} Real
                          (@UniformSpace.toTopologicalSpace.{0} Real
                            (@PseudoMetricSpace.toUniformSpace.{0} Real
                              (@SeminormedAddCommGroup.toPseudoMetricSpace.{0} Real
                                (@NormedAddCommGroup.toSeminormedAddCommGroup.{0} Real Real.normedAddCommGroup))))
                          (@NormedAddCommGroup.toENormedAddCommMonoid.{0} Real Real.normedAddCommGroup)))
                      (@NormedSpace.toModule.{0, 0} Real Real Real.normedField
                        (@NormedAddCommGroup.toSeminormedAddCommGroup.{0} Real Real.normedAddCommGroup)
                        (@InnerProductSpace.toNormedSpace.{0, 0} Real Real Real.instRCLike
                          (@NormedAddCommGroup.toSeminormedAddCommGroup.{0} Real Real.normedAddCommGroup)
                          (@RCLike.toInnerProductSpaceReal.{0} Real Real.instRCLike))))))))
            (@HSub.hSub.{0, 0, 0} Real Real Real (@instHSub.{0} Real Real.instSub) b a) δ))
        (@LE.le.{0} Real Real.instLE
          (@HMul.hMul.{0, 0, 0} Real Real Real
            (@instHMul.{0} Real
              (@CommMagma.toMul.{0} Real
                (@NonUnitalNonAssocCommSemiring.toCommMagma.{0} Real
                  (@NonUnitalNonAssocCommRing.toNonUnitalNonAssocCommSemiring.{0} Real
                    (@NonUnitalCommRing.toNonUnitalNonAssocCommRing.{0} Real
                      (@NonUnitalNormedCommRing.toNonUnitalCommRing.{0} Real
                        (@NormedCommRing.toNonUnitalNormedCommRing.{0} Real Real.normedCommRing)))))))
            δ (@HSub.hSub.{0, 0, 0} Real Real Real (@instHSub.{0} Real Real.instSub) b a)))
        (@congrArg.{1, 1} Real (Real → Prop)
          (@HSMul.hSMul.{0, 0, 0} Real Real Real
            (@instHSMul.{0, 0} Real Real
              (@SMulZeroClass.toSMul.{0, 0} Real Real
                (@AddZero.toZero.{0} Real
                  (@AddZeroClass.toAddZero.{0} Real
                    (@AddMonoid.toAddZeroClass.{0} Real
                      (@ESeminormedAddMonoid.toAddMonoid.{0} Real
                        (@UniformSpace.toTopologicalSpace.{0} Real
                          (@PseudoMetricSpace.toUniformSpace.{0} Real
                            (@SeminormedAddCommGroup.toPseudoMetricSpace.{0} Real
                              (@NormedAddCommGroup.toSeminormedAddCommGroup.{0} Real Real.normedAddCommGroup))))
                        (@ESeminormedAddCommMonoid.toESeminormedAddMonoid.{0} Real
                          (@UniformSpace.toTopologicalSpace.{0} Real
                            (@PseudoMetricSpace.toUniformSpace.{0} Real
                              (@SeminormedAddCommGroup.toPseudoMetricSpace.{0} Real
                                (@NormedAddCommGroup.toSeminormedAddCommGroup.{0} Real Real.normedAddCommGroup))))
                          (@ENormedAddCommMonoid.toESeminormedAddCommMonoid.{0} Real
                            (@UniformSpace.toTopologicalSpace.{0} Real
                              (@PseudoMetricSpace.toUniformSpace.{0} Real
                                (@SeminormedAddCommGroup.toPseudoMetricSpace.{0} Real
                                  (@NormedAddCommGroup.toSeminormedAddCommGroup.{0} Real Real.normedAddCommGroup))))
                            (@NormedAddCommGroup.toENormedAddCommMonoid.{0} Real Real.normedAddCommGroup)))))))
                (@DistribSMul.toSMulZeroClass.{0, 0} Real Real
                  (@AddMonoid.toAddZeroClass.{0} Real
                    (@ESeminormedAddMonoid.toAddMonoid.{0} Real
                      (@UniformSpace.toTopologicalSpace.{0} Real
                        (@PseudoMetricSpace.toUniformSpace.{0} Real
                          (@SeminormedAddCommGroup.toPseudoMetricSpace.{0} Real
                            (@NormedAddCommGroup.toSeminormedAddCommGroup.{0} Real Real.normedAddCommGroup))))
                      (@ESeminormedAddCommMonoid.toESeminormedAddMonoid.{0} Real
                        (@UniformSpace.toTopologicalSpace.{0} Real
                          (@PseudoMetricSpace.toUniformSpace.{0} Real
                            (@SeminormedAddCommGroup.toPseudoMetricSpace.{0} Real
                              (@NormedAddCommGroup.toSeminormedAddCommGroup.{0} Real Real.normedAddCommGroup))))
                        (@ENormedAddCommMonoid.toESeminormedAddCommMonoid.{0} Real
                          (@UniformSpace.toTopologicalSpace.{0} Real
                            (@PseudoMetricSpace.toUniformSpace.{0} Real
                              (@SeminormedAddCommGroup.toPseudoMetricSpace.{0} Real
                                (@NormedAddCommGroup.toSeminormedAddCommGroup.{0} Real Real.normedAddCommGroup))))
                          (@NormedAddCommGroup.toENormedAddCommMonoid.{0} Real Real.normedAddCommGroup)))))
                  (@DistribMulAction.toDistribSMul.{0, 0} Real Real Real.instMonoid
                    (@ESeminormedAddMonoid.toAddMonoid.{0} Real
                      (@UniformSpace.toTopologicalSpace.{0} Real
                        (@PseudoMetricSpace.toUniformSpace.{0} Real
                          (@SeminormedAddCommGroup.toPseudoMetricSpace.{0} Real
                            (@NormedAddCommGroup.toSeminormedAddCommGroup.{0} Real Real.normedAddCommGroup))))
                      (@ESeminormedAddCommMonoid.toESeminormedAddMonoid.{0} Real
                        (@UniformSpace.toTopologicalSpace.{0} Real
                          (@PseudoMetricSpace.toUniformSpace.{0} Real
                            (@SeminormedAddCommGroup.toPseudoMetricSpace.{0} Real
                              (@NormedAddCommGroup.toSeminormedAddCommGroup.{0} Real Real.normedAddCommGroup))))
                        (@ENormedAddCommMonoid.toESeminormedAddCommMonoid.{0} Real
                          (@UniformSpace.toTopologicalSpace.{0} Real
                            (@PseudoMetricSpace.toUniformSpace.{0} Real
                              (@SeminormedAddCommGroup.toPseudoMetricSpace.{0} Real
                                (@NormedAddCommGroup.toSeminormedAddCommGroup.{0} Real Real.normedAddCommGroup))))
                          (@NormedAddCommGroup.toENormedAddCommMonoid.{0} Real Real.normedAddCommGroup))))
                    (@Module.toDistribMulAction.{0, 0} Real Real Real.semiring
                      (@ESeminormedAddCommMonoid.toAddCommMonoid.{0} Real
                        (@UniformSpace.toTopologicalSpace.{0} Real
                          (@PseudoMetricSpace.toUniformSpace.{0} Real
                            (@SeminormedAddCommGroup.toPseudoMetricSpace.{0} Real
                              (@NormedAddCommGroup.toSeminormedAddCommGroup.{0} Real Real.normedAddCommGroup))))
                        (@ENormedAddCommMonoid.toESeminormedAddCommMonoid.{0} Real
                          (@UniformSpace.toTopologicalSpace.{0} Real
                            (@PseudoMetricSpace.toUniformSpace.{0} Real
                              (@SeminormedAddCommGroup.toPseudoMetricSpace.{0} Real
                                (@NormedAddCommGroup.toSeminormedAddCommGroup.{0} Real Real.normedAddCommGroup))))
                          (@NormedAddCommGroup.toENormedAddCommMonoid.{0} Real Real.normedAddCommGroup)))
                      (@NormedSpace.toModule.{0, 0} Real Real Real.normedField
                        (@NormedAddCommGroup.toSeminormedAddCommGroup.{0} Real Real.normedAddCommGroup)
                        (@InnerProductSpace.toNormedSpace.{0, 0} Real Real Real.instRCLike
                          (@NormedAddCommGroup.toSeminormedAddCommGroup.{0} Real Real.normedAddCommGroup)
                          (@RCLike.toInnerProductSpaceReal.{0} Real Real.instRCLike))))))))
            (@HSub.hSub.{0, 0, 0} Real Real Real (@instHSub.{0} Real Real.instSub) b a) δ)
          (@HMul.hMul.{0, 0, 0} Real Real Real
            (@instHMul.{0} Real
              (@CommMagma.toMul.{0} Real
                (@NonUnitalNonAssocCommSemiring.toCommMagma.{0} Real
                  (@NonUnitalNonAssocCommRing.toNonUnitalNonAssocCommSemiring.{0} Real
                    (@NonUnitalCommRing.toNonUnitalNonAssocCommRing.{0} Real
                      (@NonUnitalNormedCommRing.toNonUnitalCommRing.{0} Real
                        (@NormedCommRing.toNonUnitalNormedCommRing.{0} Real Real.normedCommRing)))))))
            δ (@HSub.hSub.{0, 0, 0} Real Real Real (@instHSub.{0} Real Real.instSub) b a))
          (@LE.le.{0} Real Real.instLE)
          (@mul_comm.{0} Real
            (@NonUnitalNonAssocCommSemiring.toCommMagma.{0} Real
              (@NonUnitalNonAssocCommRing.toNonUnitalNonAssocCommSemiring.{0} Real
                (@NonUnitalCommRing.toNonUnitalNonAssocCommRing.{0} Real
                  (@NonUnitalNormedCommRing.toNonUnitalCommRing.{0} Real
                    (@NormedCommRing.toNonUnitalNormedCommRing.{0} Real Real.normedCommRing)))))
            (@HSub.hSub.{0, 0, 0} Real Real Real (@instHSub.{0} Real Real.instSub) b a) δ))
        (@HSub.hSub.{0, 0, 0} Real Real Real (@instHSub.{0} Real Real.instSub) (f b) (f a)))
      (@Eq.mp.{0}
        (@LE.le.{0} Real Real.instLE
          (@HSMul.hSMul.{0, 0, 0} Real Real Real
            (@instHSMul.{0, 0} Real Real
              (@SMulZeroClass.toSMul.{0, 0} Real Real
                (@AddZero.toZero.{0} Real
                  (@AddZeroClass.toAddZero.{0} Real
                    (@AddMonoid.toAddZeroClass.{0} Real
                      (@ESeminormedAddMonoid.toAddMonoid.{0} Real
                        (@UniformSpace.toTopologicalSpace.{0} Real
                          (@PseudoMetricSpace.toUniformSpace.{0} Real
                            (@SeminormedAddCommGroup.toPseudoMetricSpace.{0} Real
                              (@NormedAddCommGroup.toSeminormedAddCommGroup.{0} Real Real.normedAddCommGroup))))
                        (@ESeminormedAddCommMonoid.toESeminormedAddMonoid.{0} Real
                          (@UniformSpace.toTopologicalSpace.{0} Real
                            (@PseudoMetricSpace.toUniformSpace.{0} Real
                              (@SeminormedAddCommGroup.toPseudoMetricSpace.{0} Real
                                (@NormedAddCommGroup.toSeminormedAddCommGroup.{0} Real Real.normedAddCommGroup))))
                          (@ENormedAddCommMonoid.toESeminormedAddCommMonoid.{0} Real
                            (@UniformSpace.toTopologicalSpace.{0} Real
                              (@PseudoMetricSpace.toUniformSpace.{0} Real
                                (@SeminormedAddCommGroup.toPseudoMetricSpace.{0} Real
                                  (@NormedAddCommGroup.toSeminormedAddCommGroup.{0} Real Real.normedAddCommGroup))))
                            (@NormedAddCommGroup.toENormedAddCommMonoid.{0} Real Real.normedAddCommGroup)))))))
                (@DistribSMul.toSMulZeroClass.{0, 0} Real Real
                  (@AddMonoid.toAddZeroClass.{0} Real
                    (@ESeminormedAddMonoid.toAddMonoid.{0} Real
                      (@UniformSpace.toTopologicalSpace.{0} Real
                        (@PseudoMetricSpace.toUniformSpace.{0} Real
                          (@SeminormedAddCommGroup.toPseudoMetricSpace.{0} Real
                            (@NormedAddCommGroup.toSeminormedAddCommGroup.{0} Real Real.normedAddCommGroup))))
                      (@ESeminormedAddCommMonoid.toESeminormedAddMonoid.{0} Real
                        (@UniformSpace.toTopologicalSpace.{0} Real
                          (@PseudoMetricSpace.toUniformSpace.{0} Real
                            (@SeminormedAddCommGroup.toPseudoMetricSpace.{0} Real
                              (@NormedAddCommGroup.toSeminormedAddCommGroup.{0} Real Real.normedAddCommGroup))))
                        (@ENormedAddCommMonoid.toESeminormedAddCommMonoid.{0} Real
                          (@UniformSpace.toTopologicalSpace.{0} Real
                            (@PseudoMetricSpace.toUniformSpace.{0} Real
                              (@SeminormedAddCommGroup.toPseudoMetricSpace.{0} Real
                                (@NormedAddCommGroup.toSeminormedAddCommGroup.{0} Real Real.normedAddCommGroup))))
                          (@NormedAddCommGroup.toENormedAddCommMonoid.{0} Real Real.normedAddCommGroup)))))
                  (@DistribMulAction.toDistribSMul.{0, 0} Real Real Real.instMonoid
                    (@ESeminormedAddMonoid.toAddMonoid.{0} Real
                      (@UniformSpace.toTopologicalSpace.{0} Real
                        (@PseudoMetricSpace.toUniformSpace.{0} Real
                          (@SeminormedAddCommGroup.toPseudoMetricSpace.{0} Real
                            (@NormedAddCommGroup.toSeminormedAddCommGroup.{0} Real Real.normedAddCommGroup))))
                      (@ESeminormedAddCommMonoid.toESeminormedAddMonoid.{0} Real
                        (@UniformSpace.toTopologicalSpace.{0} Real
                          (@PseudoMetricSpace.toUniformSpace.{0} Real
                            (@SeminormedAddCommGroup.toPseudoMetricSpace.{0} Real
                              (@NormedAddCommGroup.toSeminormedAddCommGroup.{0} Real Real.normedAddCommGroup))))
                        (@ENormedAddCommMonoid.toESeminormedAddCommMonoid.{0} Real
                          (@UniformSpace.toTopologicalSpace.{0} Real
                            (@PseudoMetricSpace.toUniformSpace.{0} Real
                              (@SeminormedAddCommGroup.toPseudoMetricSpace.{0} Real
                                (@NormedAddCommGroup.toSeminormedAddCommGroup.{0} Real Real.normedAddCommGroup))))
                          (@NormedAddCommGroup.toENormedAddCommMonoid.{0} Real Real.normedAddCommGroup))))
                    (@Module.toDistribMulAction.{0, 0} Real Real Real.semiring
                      (@ESeminormedAddCommMonoid.toAddCommMonoid.{0} Real
                        (@UniformSpace.toTopologicalSpace.{0} Real
                          (@PseudoMetricSpace.toUniformSpace.{0} Real
                            (@SeminormedAddCommGroup.toPseudoMetricSpace.{0} Real
                              (@NormedAddCommGroup.toSeminormedAddCommGroup.{0} Real Real.normedAddCommGroup))))
                        (@ENormedAddCommMonoid.toESeminormedAddCommMonoid.{0} Real
                          (@UniformSpace.toTopologicalSpace.{0} Real
                            (@PseudoMetricSpace.toUniformSpace.{0} Real
                              (@SeminormedAddCommGroup.toPseudoMetricSpace.{0} Real
                                (@NormedAddCommGroup.toSeminormedAddCommGroup.{0} Real Real.normedAddCommGroup))))
                          (@NormedAddCommGroup.toENormedAddCommMonoid.{0} Real Real.normedAddCommGroup)))
                      (@NormedSpace.toModule.{0, 0} Real Real Real.normedField
                        (@NormedAddCommGroup.toSeminormedAddCommGroup.{0} Real Real.normedAddCommGroup)
                        (@InnerProductSpace.toNormedSpace.{0, 0} Real Real Real.instRCLike
                          (@NormedAddCommGroup.toSeminormedAddCommGroup.{0} Real Real.normedAddCommGroup)
                          (@RCLike.toInnerProductSpaceReal.{0} Real Real.instRCLike))))))))
            (@HSub.hSub.{0, 0, 0} Real Real Real (@instHSub.{0} Real Real.instSub) b a) δ)
          (@intervalIntegral.{0} Real Real.normedAddCommGroup
            (@InnerProductSpace.toNormedSpace.{0, 0} Real Real Real.instRCLike
              (@NormedAddCommGroup.toSeminormedAddCommGroup.{0} Real Real.normedAddCommGroup)
              (@RCLike.toInnerProductSpaceReal.{0} Real Real.instRCLike))
            (fun (x : Real) =>
              @deriv.{0, 0} Real (@DenselyNormedField.toNontriviallyNormedField.{0} Real Real.denselyNormedField) Real
                Real.instAddCommGroup
                (@NormedSpace.toModule.{0, 0} Real Real Real.normedField
                  (@NonUnitalSeminormedRing.toSeminormedAddCommGroup.{0} Real
                    (@NonUnitalSeminormedCommRing.toNonUnitalSeminormedRing.{0} Real
                      (@SeminormedCommRing.toNonUnitalSeminormedCommRing.{0} Real
                        (@NormedCommRing.toSeminormedCommRing.{0} Real Real.normedCommRing))))
                  (@InnerProductSpace.toNormedSpace.{0, 0} Real Real Real.instRCLike
                    (@NonUnitalSeminormedRing.toSeminormedAddCommGroup.{0} Real
                      (@NonUnitalSeminormedCommRing.toNonUnitalSeminormedRing.{0} Real
                        (@SeminormedCommRing.toNonUnitalSeminormedCommRing.{0} Real
                          (@NormedCommRing.toSeminormedCommRing.{0} Real Real.normedCommRing))))
                    (@RCLike.toInnerProductSpaceReal.{0} Real Real.instRCLike)))
                (@UniformSpace.toTopologicalSpace.{0} Real
                  (@PseudoMetricSpace.toUniformSpace.{0} Real Real.pseudoMetricSpace))
                f x)
            a b (@MeasureTheory.MeasureSpace.volume.{0} Real Real.measureSpace)))
        (@LE.le.{0} Real Real.instLE
          (@HSMul.hSMul.{0, 0, 0} Real Real Real
            (@instHSMul.{0, 0} Real Real
              (@SMulZeroClass.toSMul.{0, 0} Real Real
                (@AddZero.toZero.{0} Real
                  (@AddZeroClass.toAddZero.{0} Real
                    (@AddMonoid.toAddZeroClass.{0} Real
                      (@ESeminormedAddMonoid.toAddMonoid.{0} Real
                        (@UniformSpace.toTopologicalSpace.{0} Real
                          (@PseudoMetricSpace.toUniformSpace.{0} Real
                            (@SeminormedAddCommGroup.toPseudoMetricSpace.{0} Real
                              (@NormedAddCommGroup.toSeminormedAddCommGroup.{0} Real Real.normedAddCommGroup))))
                        (@ESeminormedAddCommMonoid.toESeminormedAddMonoid.{0} Real
                          (@UniformSpace.toTopologicalSpace.{0} Real
                            (@PseudoMetricSpace.toUniformSpace.{0} Real
                              (@SeminormedAddCommGroup.toPseudoMetricSpace.{0} Real
                                (@NormedAddCommGroup.toSeminormedAddCommGroup.{0} Real Real.normedAddCommGroup))))
                          (@ENormedAddCommMonoid.toESeminormedAddCommMonoid.{0} Real
                            (@UniformSpace.toTopologicalSpace.{0} Real
                              (@PseudoMetricSpace.toUniformSpace.{0} Real
                                (@SeminormedAddCommGroup.toPseudoMetricSpace.{0} Real
                                  (@NormedAddCommGroup.toSeminormedAddCommGroup.{0} Real Real.normedAddCommGroup))))
                            (@NormedAddCommGroup.toENormedAddCommMonoid.{0} Real Real.normedAddCommGroup)))))))
                (@DistribSMul.toSMulZeroClass.{0, 0} Real Real
                  (@AddMonoid.toAddZeroClass.{0} Real
                    (@ESeminormedAddMonoid.toAddMonoid.{0} Real
                      (@UniformSpace.toTopologicalSpace.{0} Real
                        (@PseudoMetricSpace.toUniformSpace.{0} Real
                          (@SeminormedAddCommGroup.toPseudoMetricSpace.{0} Real
                            (@NormedAddCommGroup.toSeminormedAddCommGroup.{0} Real Real.normedAddCommGroup))))
                      (@ESeminormedAddCommMonoid.toESeminormedAddMonoid.{0} Real
                        (@UniformSpace.toTopologicalSpace.{0} Real
                          (@PseudoMetricSpace.toUniformSpace.{0} Real
                            (@SeminormedAddCommGroup.toPseudoMetricSpace.{0} Real
                              (@NormedAddCommGroup.toSeminormedAddCommGroup.{0} Real Real.normedAddCommGroup))))
                        (@ENormedAddCommMonoid.toESeminormedAddCommMonoid.{0} Real
                          (@UniformSpace.toTopologicalSpace.{0} Real
                            (@PseudoMetricSpace.toUniformSpace.{0} Real
                              (@SeminormedAddCommGroup.toPseudoMetricSpace.{0} Real
                                (@NormedAddCommGroup.toSeminormedAddCommGroup.{0} Real Real.normedAddCommGroup))))
                          (@NormedAddCommGroup.toENormedAddCommMonoid.{0} Real Real.normedAddCommGroup)))))
                  (@DistribMulAction.toDistribSMul.{0, 0} Real Real Real.instMonoid
                    (@ESeminormedAddMonoid.toAddMonoid.{0} Real
                      (@UniformSpace.toTopologicalSpace.{0} Real
                        (@PseudoMetricSpace.toUniformSpace.{0} Real
                          (@SeminormedAddCommGroup.toPseudoMetricSpace.{0} Real
                            (@NormedAddCommGroup.toSeminormedAddCommGroup.{0} Real Real.normedAddCommGroup))))
                      (@ESeminormedAddCommMonoid.toESeminormedAddMonoid.{0} Real
                        (@UniformSpace.toTopologicalSpace.{0} Real
                          (@PseudoMetricSpace.toUniformSpace.{0} Real
                            (@SeminormedAddCommGroup.toPseudoMetricSpace.{0} Real
                              (@NormedAddCommGroup.toSeminormedAddCommGroup.{0} Real Real.normedAddCommGroup))))
                        (@ENormedAddCommMonoid.toESeminormedAddCommMonoid.{0} Real
                          (@UniformSpace.toTopologicalSpace.{0} Real
                            (@PseudoMetricSpace.toUniformSpace.{0} Real
                              (@SeminormedAddCommGroup.toPseudoMetricSpace.{0} Real
                                (@NormedAddCommGroup.toSeminormedAddCommGroup.{0} Real Real.normedAddCommGroup))))
                          (@NormedAddCommGroup.toENormedAddCommMonoid.{0} Real Real.normedAddCommGroup))))
                    (@Module.toDistribMulAction.{0, 0} Real Real Real.semiring
                      (@ESeminormedAddCommMonoid.toAddCommMonoid.{0} Real
                        (@UniformSpace.toTopologicalSpace.{0} Real
                          (@PseudoMetricSpace.toUniformSpace.{0} Real
                            (@SeminormedAddCommGroup.toPseudoMetricSpace.{0} Real
                              (@NormedAddCommGroup.toSeminormedAddCommGroup.{0} Real Real.normedAddCommGroup))))
                        (@ENormedAddCommMonoid.toESeminormedAddCommMonoid.{0} Real
                          (@UniformSpace.toTopologicalSpace.{0} Real
                            (@PseudoMetricSpace.toUniformSpace.{0} Real
                              (@SeminormedAddCommGroup.toPseudoMetricSpace.{0} Real
                                (@NormedAddCommGroup.toSeminormedAddCommGroup.{0} Real Real.normedAddCommGroup))))
                          (@NormedAddCommGroup.toENormedAddCommMonoid.{0} Real Real.normedAddCommGroup)))
                      (@NormedSpace.toModule.{0, 0} Real Real Real.normedField
                        (@NormedAddCommGroup.toSeminormedAddCommGroup.{0} Real Real.normedAddCommGroup)
                        (@InnerProductSpace.toNormedSpace.{0, 0} Real Real Real.instRCLike
                          (@NormedAddCommGroup.toSeminormedAddCommGroup.{0} Real Real.normedAddCommGroup)
                          (@RCLike.toInnerProductSpaceReal.{0} Real Real.instRCLike))))))))
            (@HSub.hSub.{0, 0, 0} Real Real Real (@instHSub.{0} Real Real.instSub) b a) δ)
          (@HSub.hSub.{0, 0, 0} Real Real Real (@instHSub.{0} Real Real.instSub) (f b) (f a)))
        (@congrArg.{1, 1} Real Prop
          (@intervalIntegral.{0} Real Real.normedAddCommGroup
            (@InnerProductSpace.toNormedSpace.{0, 0} Real Real Real.instRCLike
              (@NormedAddCommGroup.toSeminormedAddCommGroup.{0} Real Real.normedAddCommGroup)
              (@RCLike.toInnerProductSpaceReal.{0} Real Real.instRCLike))
            (fun (x : Real) =>
              @deriv.{0, 0} Real (@DenselyNormedField.toNontriviallyNormedField.{0} Real Real.denselyNormedField) Real
                Real.instAddCommGroup
                (@NormedSpace.toModule.{0, 0} Real Real Real.normedField
                  (@NonUnitalSeminormedRing.toSeminormedAddCommGroup.{0} Real
                    (@NonUnitalSeminormedCommRing.toNonUnitalSeminormedRing.{0} Real
                      (@SeminormedCommRing.toNonUnitalSeminormedCommRing.{0} Real
                        (@NormedCommRing.toSeminormedCommRing.{0} Real Real.normedCommRing))))
                  (@InnerProductSpace.toNormedSpace.{0, 0} Real Real Real.instRCLike
                    (@NonUnitalSeminormedRing.toSeminormedAddCommGroup.{0} Real
                      (@NonUnitalSeminormedCommRing.toNonUnitalSeminormedRing.{0} Real
                        (@SeminormedCommRing.toNonUnitalSeminormedCommRing.{0} Real
                          (@NormedCommRing.toSeminormedCommRing.{0} Real Real.normedCommRing))))
                    (@RCLike.toInnerProductSpaceReal.{0} Real Real.instRCLike)))
                (@UniformSpace.toTopologicalSpace.{0} Real
                  (@PseudoMetricSpace.toUniformSpace.{0} Real Real.pseudoMetricSpace))
                f x)
            a b (@MeasureTheory.MeasureSpace.volume.{0} Real Real.measureSpace))
          (@HSub.hSub.{0, 0, 0} Real Real Real (@instHSub.{0} Real Real.instSub) (f b) (f a))
          (fun (_a : Real) =>
            @LE.le.{0} Real Real.instLE
              (@HSMul.hSMul.{0, 0, 0} Real Real Real
                (@instHSMul.{0, 0} Real Real
                  (@SMulZeroClass.toSMul.{0, 0} Real Real
                    (@AddZero.toZero.{0} Real
                      (@AddZeroClass.toAddZero.{0} Real
                        (@AddMonoid.toAddZeroClass.{0} Real
                          (@ESeminormedAddMonoid.toAddMonoid.{0} Real
                            (@UniformSpace.toTopologicalSpace.{0} Real
                              (@PseudoMetricSpace.toUniformSpace.{0} Real
                                (@SeminormedAddCommGroup.toPseudoMetricSpace.{0} Real
                                  (@NormedAddCommGroup.toSeminormedAddCommGroup.{0} Real Real.normedAddCommGroup))))
                            (@ESeminormedAddCommMonoid.toESeminormedAddMonoid.{0} Real
                              (@UniformSpace.toTopologicalSpace.{0} Real
                                (@PseudoMetricSpace.toUniformSpace.{0} Real
                                  (@SeminormedAddCommGroup.toPseudoMetricSpace.{0} Real
                                    (@NormedAddCommGroup.toSeminormedAddCommGroup.{0} Real Real.normedAddCommGroup))))
                              (@ENormedAddCommMonoid.toESeminormedAddCommMonoid.{0} Real
                                (@UniformSpace.toTopologicalSpace.{0} Real
                                  (@PseudoMetricSpace.toUniformSpace.{0} Real
                                    (@SeminormedAddCommGroup.toPseudoMetricSpace.{0} Real
                                      (@NormedAddCommGroup.toSeminormedAddCommGroup.{0} Real Real.normedAddCommGroup))))
                                (@NormedAddCommGroup.toENormedAddCommMonoid.{0} Real Real.normedAddCommGroup)))))))
                    (@DistribSMul.toSMulZeroClass.{0, 0} Real Real
                      (@AddMonoid.toAddZeroClass.{0} Real
                        (@ESeminormedAddMonoid.toAddMonoid.{0} Real
                          (@UniformSpace.toTopologicalSpace.{0} Real
                            (@PseudoMetricSpace.toUniformSpace.{0} Real
                              (@SeminormedAddCommGroup.toPseudoMetricSpace.{0} Real
                                (@NormedAddCommGroup.toSeminormedAddCommGroup.{0} Real Real.normedAddCommGroup))))
                          (@ESeminormedAddCommMonoid.toESeminormedAddMonoid.{0} Real
                            (@UniformSpace.toTopologicalSpace.{0} Real
                              (@PseudoMetricSpace.toUniformSpace.{0} Real
                                (@SeminormedAddCommGroup.toPseudoMetricSpace.{0} Real
                                  (@NormedAddCommGroup.toSeminormedAddCommGroup.{0} Real Real.normedAddCommGroup))))
                            (@ENormedAddCommMonoid.toESeminormedAddCommMonoid.{0} Real
                              (@UniformSpace.toTopologicalSpace.{0} Real
                                (@PseudoMetricSpace.toUniformSpace.{0} Real
                                  (@SeminormedAddCommGroup.toPseudoMetricSpace.{0} Real
                                    (@NormedAddCommGroup.toSeminormedAddCommGroup.{0} Real Real.normedAddCommGroup))))
                              (@NormedAddCommGroup.toENormedAddCommMonoid.{0} Real Real.normedAddCommGroup)))))
                      (@DistribMulAction.toDistribSMul.{0, 0} Real Real Real.instMonoid
                        (@ESeminormedAddMonoid.toAddMonoid.{0} Real
                          (@UniformSpace.toTopologicalSpace.{0} Real
                            (@PseudoMetricSpace.toUniformSpace.{0} Real
                              (@SeminormedAddCommGroup.toPseudoMetricSpace.{0} Real
                                (@NormedAddCommGroup.toSeminormedAddCommGroup.{0} Real Real.normedAddCommGroup))))
                          (@ESeminormedAddCommMonoid.toESeminormedAddMonoid.{0} Real
                            (@UniformSpace.toTopologicalSpace.{0} Real
                              (@PseudoMetricSpace.toUniformSpace.{0} Real
                                (@SeminormedAddCommGroup.toPseudoMetricSpace.{0} Real
                                  (@NormedAddCommGroup.toSeminormedAddCommGroup.{0} Real Real.normedAddCommGroup))))
                            (@ENormedAddCommMonoid.toESeminormedAddCommMonoid.{0} Real
                              (@UniformSpace.toTopologicalSpace.{0} Real
                                (@PseudoMetricSpace.toUniformSpace.{0} Real
                                  (@SeminormedAddCommGroup.toPseudoMetricSpace.{0} Real
                                    (@NormedAddCommGroup.toSeminormedAddCommGroup.{0} Real Real.normedAddCommGroup))))
                              (@NormedAddCommGroup.toENormedAddCommMonoid.{0} Real Real.normedAddCommGroup))))
                        (@Module.toDistribMulAction.{0, 0} Real Real Real.semiring
                          (@ESeminormedAddCommMonoid.toAddCommMonoid.{0} Real
                            (@UniformSpace.toTopologicalSpace.{0} Real
                              (@PseudoMetricSpace.toUniformSpace.{0} Real
                                (@SeminormedAddCommGroup.toPseudoMetricSpace.{0} Real
                                  (@NormedAddCommGroup.toSeminormedAddCommGroup.{0} Real Real.normedAddCommGroup))))
                            (@ENormedAddCommMonoid.toESeminormedAddCommMonoid.{0} Real
                              (@UniformSpace.toTopologicalSpace.{0} Real
                                (@PseudoMetricSpace.toUniformSpace.{0} Real
                                  (@SeminormedAddCommGroup.toPseudoMetricSpace.{0} Real
                                    (@NormedAddCommGroup.toSeminormedAddCommGroup.{0} Real Real.normedAddCommGroup))))
                              (@NormedAddCommGroup.toENormedAddCommMonoid.{0} Real Real.normedAddCommGroup)))
                          (@NormedSpace.toModule.{0, 0} Real Real Real.normedField
                            (@NormedAddCommGroup.toSeminormedAddCommGroup.{0} Real Real.normedAddCommGroup)
                            (@InnerProductSpace.toNormedSpace.{0, 0} Real Real Real.instRCLike
                              (@NormedAddCommGroup.toSeminormedAddCommGroup.{0} Real Real.normedAddCommGroup)
                              (@RCLike.toInnerProductSpaceReal.{0} Real Real.instRCLike))))))))
                (@HSub.hSub.{0, 0, 0} Real Real Real (@instHSub.{0} Real Real.instSub) b a) δ)
              _a)
          (@AbsolutelyContinuousOnInterval.integral_deriv_eq_sub f a b hf))
        (@Eq.mp.{0}
          (@LE.le.{0} Real Real.instLE
            (@intervalIntegral.{0} Real Real.normedAddCommGroup
              (@InnerProductSpace.toNormedSpace.{0, 0} Real Real Real.instRCLike
                (@NormedAddCommGroup.toSeminormedAddCommGroup.{0} Real Real.normedAddCommGroup)
                (@RCLike.toInnerProductSpaceReal.{0} Real Real.instRCLike))
              (fun (x : Real) => δ) a b (@MeasureTheory.MeasureSpace.volume.{0} Real Real.measureSpace))
            (@intervalIntegral.{0} Real Real.normedAddCommGroup
              (@InnerProductSpace.toNormedSpace.{0, 0} Real Real Real.instRCLike
                (@NormedAddCommGroup.toSeminormedAddCommGroup.{0} Real Real.normedAddCommGroup)
                (@RCLike.toInnerProductSpaceReal.{0} Real Real.instRCLike))
              (fun (u : Real) =>
                @deriv.{0, 0} Real (@DenselyNormedField.toNontriviallyNormedField.{0} Real Real.denselyNormedField) Real
                  Real.instAddCommGroup
                  (@NormedSpace.toModule.{0, 0} Real Real Real.normedField
                    (@NonUnitalSeminormedRing.toSeminormedAddCommGroup.{0} Real
                      (@NonUnitalSeminormedCommRing.toNonUnitalSeminormedRing.{0} Real
                        (@SeminormedCommRing.toNonUnitalSeminormedCommRing.{0} Real
                          (@NormedCommRing.toSeminormedCommRing.{0} Real Real.normedCommRing))))
                    (@InnerProductSpace.toNormedSpace.{0, 0} Real Real Real.instRCLike
                      (@NonUnitalSeminormedRing.toSeminormedAddCommGroup.{0} Real
                        (@NonUnitalSeminormedCommRing.toNonUnitalSeminormedRing.{0} Real
                          (@SeminormedCommRing.toNonUnitalSeminormedCommRing.{0} Real
                            (@NormedCommRing.toSeminormedCommRing.{0} Real Real.normedCommRing))))
                      (@RCLike.toInnerProductSpaceReal.{0} Real Real.instRCLike)))
                  (@UniformSpace.toTopologicalSpace.{0} Real
                    (@PseudoMetricSpace.toUniformSpace.{0} Real Real.pseudoMetricSpace))
                  f u)
              a b (@MeasureTheory.MeasureSpace.volume.{0} Real Real.measureSpace)))
          (@LE.le.{0} Real Real.instLE
            (@HSMul.hSMul.{0, 0, 0} Real Real Real
              (@instHSMul.{0, 0} Real Real
                (@SMulZeroClass.toSMul.{0, 0} Real Real
                  (@AddZero.toZero.{0} Real
                    (@AddZeroClass.toAddZero.{0} Real
                      (@AddMonoid.toAddZeroClass.{0} Real
                        (@ESeminormedAddMonoid.toAddMonoid.{0} Real
                          (@UniformSpace.toTopologicalSpace.{0} Real
                            (@PseudoMetricSpace.toUniformSpace.{0} Real
                              (@SeminormedAddCommGroup.toPseudoMetricSpace.{0} Real
                                (@NormedAddCommGroup.toSeminormedAddCommGroup.{0} Real Real.normedAddCommGroup))))
                          (@ESeminormedAddCommMonoid.toESeminormedAddMonoid.{0} Real
                            (@UniformSpace.toTopologicalSpace.{0} Real
                              (@PseudoMetricSpace.toUniformSpace.{0} Real
                                (@SeminormedAddCommGroup.toPseudoMetricSpace.{0} Real
                                  (@NormedAddCommGroup.toSeminormedAddCommGroup.{0} Real Real.normedAddCommGroup))))
                            (@ENormedAddCommMonoid.toESeminormedAddCommMonoid.{0} Real
                              (@UniformSpace.toTopologicalSpace.{0} Real
                                (@PseudoMetricSpace.toUniformSpace.{0} Real
                                  (@SeminormedAddCommGroup.toPseudoMetricSpace.{0} Real
                                    (@NormedAddCommGroup.toSeminormedAddCommGroup.{0} Real Real.normedAddCommGroup))))
                              (@NormedAddCommGroup.toENormedAddCommMonoid.{0} Real Real.normedAddCommGroup)))))))
                  (@DistribSMul.toSMulZeroClass.{0, 0} Real Real
                    (@AddMonoid.toAddZeroClass.{0} Real
                      (@ESeminormedAddMonoid.toAddMonoid.{0} Real
                        (@UniformSpace.toTopologicalSpace.{0} Real
                          (@PseudoMetricSpace.toUniformSpace.{0} Real
                            (@SeminormedAddCommGroup.toPseudoMetricSpace.{0} Real
                              (@NormedAddCommGroup.toSeminormedAddCommGroup.{0} Real Real.normedAddCommGroup))))
                        (@ESeminormedAddCommMonoid.toESeminormedAddMonoid.{0} Real
                          (@UniformSpace.toTopologicalSpace.{0} Real
                            (@PseudoMetricSpace.toUniformSpace.{0} Real
                              (@SeminormedAddCommGroup.toPseudoMetricSpace.{0} Real
                                (@NormedAddCommGroup.toSeminormedAddCommGroup.{0} Real Real.normedAddCommGroup))))
                          (@ENormedAddCommMonoid.toESeminormedAddCommMonoid.{0} Real
                            (@UniformSpace.toTopologicalSpace.{0} Real
                              (@PseudoMetricSpace.toUniformSpace.{0} Real
                                (@SeminormedAddCommGroup.toPseudoMetricSpace.{0} Real
                                  (@NormedAddCommGroup.toSeminormedAddCommGroup.{0} Real Real.normedAddCommGroup))))
                            (@NormedAddCommGroup.toENormedAddCommMonoid.{0} Real Real.normedAddCommGroup)))))
                    (@DistribMulAction.toDistribSMul.{0, 0} Real Real Real.instMonoid
                      (@ESeminormedAddMonoid.toAddMonoid.{0} Real
                        (@UniformSpace.toTopologicalSpace.{0} Real
                          (@PseudoMetricSpace.toUniformSpace.{0} Real
                            (@SeminormedAddCommGroup.toPseudoMetricSpace.{0} Real
                              (@NormedAddCommGroup.toSeminormedAddCommGroup.{0} Real Real.normedAddCommGroup))))
                        (@ESeminormedAddCommMonoid.toESeminormedAddMonoid.{0} Real
                          (@UniformSpace.toTopologicalSpace.{0} Real
                            (@PseudoMetricSpace.toUniformSpace.{0} Real
                              (@SeminormedAddCommGroup.toPseudoMetricSpace.{0} Real
                                (@NormedAddCommGroup.toSeminormedAddCommGroup.{0} Real Real.normedAddCommGroup))))
                          (@ENormedAddCommMonoid.toESeminormedAddCommMonoid.{0} Real
                            (@UniformSpace.toTopologicalSpace.{0} Real
                              (@PseudoMetricSpace.toUniformSpace.{0} Real
                                (@SeminormedAddCommGroup.toPseudoMetricSpace.{0} Real
                                  (@NormedAddCommGroup.toSeminormedAddCommGroup.{0} Real Real.normedAddCommGroup))))
                            (@NormedAddCommGroup.toENormedAddCommMonoid.{0} Real Real.normedAddCommGroup))))
                      (@Module.toDistribMulAction.{0, 0} Real Real Real.semiring
                        (@ESeminormedAddCommMonoid.toAddCommMonoid.{0} Real
                          (@UniformSpace.toTopologicalSpace.{0} Real
                            (@PseudoMetricSpace.toUniformSpace.{0} Real
                              (@SeminormedAddCommGroup.toPseudoMetricSpace.{0} Real
                                (@NormedAddCommGroup.toSeminormedAddCommGroup.{0} Real Real.normedAddCommGroup))))
                          (@ENormedAddCommMonoid.toESeminormedAddCommMonoid.{0} Real
                            (@UniformSpace.toTopologicalSpace.{0} Real
                              (@PseudoMetricSpace.toUniformSpace.{0} Real
                                (@SeminormedAddCommGroup.toPseudoMetricSpace.{0} Real
                                  (@NormedAddCommGroup.toSeminormedAddCommGroup.{0} Real Real.normedAddCommGroup))))
                            (@NormedAddCommGroup.toENormedAddCommMonoid.{0} Real Real.normedAddCommGroup)))
                        (@NormedSpace.toModule.{0, 0} Real Real Real.normedField
                          (@NormedAddCommGroup.toSeminormedAddCommGroup.{0} Real Real.normedAddCommGroup)
                          (@InnerProductSpace.toNormedSpace.{0, 0} Real Real Real.instRCLike
                            (@NormedAddCommGroup.toSeminormedAddCommGroup.{0} Real Real.normedAddCommGroup)
                            (@RCLike.toInnerProductSpaceReal.{0} Real Real.instRCLike))))))))
              (@HSub.hSub.{0, 0, 0} Real Real Real (@instHSub.{0} Real Real.instSub) b a) δ)
            (@intervalIntegral.{0} Real Real.normedAddCommGroup
              (@InnerProductSpace.toNormedSpace.{0, 0} Real Real Real.instRCLike
                (@NormedAddCommGroup.toSeminormedAddCommGroup.{0} Real Real.normedAddCommGroup)
                (@RCLike.toInnerProductSpaceReal.{0} Real Real.instRCLike))
              (fun (u : Real) =>
                @deriv.{0, 0} Real (@DenselyNormedField.toNontriviallyNormedField.{0} Real Real.denselyNormedField) Real
                  Real.instAddCommGroup
                  (@NormedSpace.toModule.{0, 0} Real Real Real.normedField
                    (@NonUnitalSeminormedRing.toSeminormedAddCommGroup.{0} Real
                      (@NonUnitalSeminormedCommRing.toNonUnitalSeminormedRing.{0} Real
                        (@SeminormedCommRing.toNonUnitalSeminormedCommRing.{0} Real
                          (@NormedCommRing.toSeminormedCommRing.{0} Real Real.normedCommRing))))
                    (@InnerProductSpace.toNormedSpace.{0, 0} Real Real Real.instRCLike
                      (@NonUnitalSeminormedRing.toSeminormedAddCommGroup.{0} Real
                        (@NonUnitalSeminormedCommRing.toNonUnitalSeminormedRing.{0} Real
                          (@SeminormedCommRing.toNonUnitalSeminormedCommRing.{0} Real
                            (@NormedCommRing.toSeminormedCommRing.{0} Real Real.normedCommRing))))
                      (@RCLike.toInnerProductSpaceReal.{0} Real Real.instRCLike)))
                  (@UniformSpace.toTopologicalSpace.{0} Real
                    (@PseudoMetricSpace.toUniformSpace.{0} Real Real.pseudoMetricSpace))
                  f u)
              a b (@MeasureTheory.MeasureSpace.volume.{0} Real Real.measureSpace)))
          (@congrArg.{1, 1} Real Prop
            (@intervalIntegral.{0} Real Real.normedAddCommGroup
              (@InnerProductSpace.toNormedSpace.{0, 0} Real Real Real.instRCLike
                (@NormedAddCommGroup.toSeminormedAddCommGroup.{0} Real Real.normedAddCommGroup)
                (@RCLike.toInnerProductSpaceReal.{0} Real Real.instRCLike))
              (fun (x : Real) => δ) a b (@MeasureTheory.MeasureSpace.volume.{0} Real Real.measureSpace))
            (@HSMul.hSMul.{0, 0, 0} Real Real Real
              (@instHSMul.{0, 0} Real Real
                (@SMulZeroClass.toSMul.{0, 0} Real Real
                  (@AddZero.toZero.{0} Real
                    (@AddZeroClass.toAddZero.{0} Real
                      (@AddMonoid.toAddZeroClass.{0} Real
                        (@ESeminormedAddMonoid.toAddMonoid.{0} Real
                          (@UniformSpace.toTopologicalSpace.{0} Real
                            (@PseudoMetricSpace.toUniformSpace.{0} Real
                              (@SeminormedAddCommGroup.toPseudoMetricSpace.{0} Real
                                (@NormedAddCommGroup.toSeminormedAddCommGroup.{0} Real Real.normedAddCommGroup))))
                          (@ESeminormedAddCommMonoid.toESeminormedAddMonoid.{0} Real
                            (@UniformSpace.toTopologicalSpace.{0} Real
                              (@PseudoMetricSpace.toUniformSpace.{0} Real
                                (@SeminormedAddCommGroup.toPseudoMetricSpace.{0} Real
                                  (@NormedAddCommGroup.toSeminormedAddCommGroup.{0} Real Real.normedAddCommGroup))))
                            (@ENormedAddCommMonoid.toESeminormedAddCommMonoid.{0} Real
                              (@UniformSpace.toTopologicalSpace.{0} Real
                                (@PseudoMetricSpace.toUniformSpace.{0} Real
                                  (@SeminormedAddCommGroup.toPseudoMetricSpace.{0} Real
                                    (@NormedAddCommGroup.toSeminormedAddCommGroup.{0} Real Real.normedAddCommGroup))))
                              (@NormedAddCommGroup.toENormedAddCommMonoid.{0} Real Real.normedAddCommGroup)))))))
                  (@DistribSMul.toSMulZeroClass.{0, 0} Real Real
                    (@AddMonoid.toAddZeroClass.{0} Real
                      (@ESeminormedAddMonoid.toAddMonoid.{0} Real
                        (@UniformSpace.toTopologicalSpace.{0} Real
                          (@PseudoMetricSpace.toUniformSpace.{0} Real
                            (@SeminormedAddCommGroup.toPseudoMetricSpace.{0} Real
                              (@NormedAddCommGroup.toSeminormedAddCommGroup.{0} Real Real.normedAddCommGroup))))
                        (@ESeminormedAddCommMonoid.toESeminormedAddMonoid.{0} Real
                          (@UniformSpace.toTopologicalSpace.{0} Real
                            (@PseudoMetricSpace.toUniformSpace.{0} Real
                              (@SeminormedAddCommGroup.toPseudoMetricSpace.{0} Real
                                (@NormedAddCommGroup.toSeminormedAddCommGroup.{0} Real Real.normedAddCommGroup))))
                          (@ENormedAddCommMonoid.toESeminormedAddCommMonoid.{0} Real
                            (@UniformSpace.toTopologicalSpace.{0} Real
                              (@PseudoMetricSpace.toUniformSpace.{0} Real
                                (@SeminormedAddCommGroup.toPseudoMetricSpace.{0} Real
                                  (@NormedAddCommGroup.toSeminormedAddCommGroup.{0} Real Real.normedAddCommGroup))))
                            (@NormedAddCommGroup.toENormedAddCommMonoid.{0} Real Real.normedAddCommGroup)))))
                    (@DistribMulAction.toDistribSMul.{0, 0} Real Real Real.instMonoid
                      (@ESeminormedAddMonoid.toAddMonoid.{0} Real
                        (@UniformSpace.toTopologicalSpace.{0} Real
                          (@PseudoMetricSpace.toUniformSpace.{0} Real
                            (@SeminormedAddCommGroup.toPseudoMetricSpace.{0} Real
                              (@NormedAddCommGroup.toSeminormedAddCommGroup.{0} Real Real.normedAddCommGroup))))
                        (@ESeminormedAddCommMonoid.toESeminormedAddMonoid.{0} Real
                          (@UniformSpace.toTopologicalSpace.{0} Real
                            (@PseudoMetricSpace.toUniformSpace.{0} Real
                              (@SeminormedAddCommGroup.toPseudoMetricSpace.{0} Real
                                (@NormedAddCommGroup.toSeminormedAddCommGroup.{0} Real Real.normedAddCommGroup))))
                          (@ENormedAddCommMonoid.toESeminormedAddCommMonoid.{0} Real
                            (@UniformSpace.toTopologicalSpace.{0} Real
                              (@PseudoMetricSpace.toUniformSpace.{0} Real
                                (@SeminormedAddCommGroup.toPseudoMetricSpace.{0} Real
                                  (@NormedAddCommGroup.toSeminormedAddCommGroup.{0} Real Real.normedAddCommGroup))))
                            (@NormedAddCommGroup.toENormedAddCommMonoid.{0} Real Real.normedAddCommGroup))))
                      (@Module.toDistribMulAction.{0, 0} Real Real Real.semiring
                        (@ESeminormedAddCommMonoid.toAddCommMonoid.{0} Real
                          (@UniformSpace.toTopologicalSpace.{0} Real
                            (@PseudoMetricSpace.toUniformSpace.{0} Real
                              (@SeminormedAddCommGroup.toPseudoMetricSpace.{0} Real
                                (@NormedAddCommGroup.toSeminormedAddCommGroup.{0} Real Real.normedAddCommGroup))))
                          (@ENormedAddCommMonoid.toESeminormedAddCommMonoid.{0} Real
                            (@UniformSpace.toTopologicalSpace.{0} Real
                              (@PseudoMetricSpace.toUniformSpace.{0} Real
                                (@SeminormedAddCommGroup.toPseudoMetricSpace.{0} Real
                                  (@NormedAddCommGroup.toSeminormedAddCommGroup.{0} Real Real.normedAddCommGroup))))
                            (@NormedAddCommGroup.toENormedAddCommMonoid.{0} Real Real.normedAddCommGroup)))
                        (@NormedSpace.toModule.{0, 0} Real Real Real.normedField
                          (@NormedAddCommGroup.toSeminormedAddCommGroup.{0} Real Real.normedAddCommGroup)
                          (@InnerProductSpace.toNormedSpace.{0, 0} Real Real Real.instRCLike
                            (@NormedAddCommGroup.toSeminormedAddCommGroup.{0} Real Real.normedAddCommGroup)
                            (@RCLike.toInnerProductSpaceReal.{0} Real Real.instRCLike))))))))
              (@HSub.hSub.{0, 0, 0} Real Real Real (@instHSub.{0} Real Real.instSub) b a) δ)
            (fun (_a : Real) =>
              @LE.le.{0} Real Real.instLE _a
                (@intervalIntegral.{0} Real Real.normedAddCommGroup
                  (@InnerProductSpace.toNormedSpace.{0, 0} Real Real Real.instRCLike
                    (@NormedAddCommGroup.toSeminormedAddCommGroup.{0} Real Real.normedAddCommGroup)
                    (@RCLike.toInnerProductSpaceReal.{0} Real Real.instRCLike))
                  (fun (u : Real) =>
                    @deriv.{0, 0} Real (@DenselyNormedField.toNontriviallyNormedField.{0} Real Real.denselyNormedField)
                      Real Real.instAddCommGroup
                      (@NormedSpace.toModule.{0, 0} Real Real Real.normedField
                        (@NonUnitalSeminormedRing.toSeminormedAddCommGroup.{0} Real
                          (@NonUnitalSeminormedCommRing.toNonUnitalSeminormedRing.{0} Real
                            (@SeminormedCommRing.toNonUnitalSeminormedCommRing.{0} Real
                              (@NormedCommRing.toSeminormedCommRing.{0} Real Real.normedCommRing))))
                        (@InnerProductSpace.toNormedSpace.{0, 0} Real Real Real.instRCLike
                          (@NonUnitalSeminormedRing.toSeminormedAddCommGroup.{0} Real
                            (@NonUnitalSeminormedCommRing.toNonUnitalSeminormedRing.{0} Real
                              (@SeminormedCommRing.toNonUnitalSeminormedCommRing.{0} Real
                                (@NormedCommRing.toSeminormedCommRing.{0} Real Real.normedCommRing))))
                          (@RCLike.toInnerProductSpaceReal.{0} Real Real.instRCLike)))
                      (@UniformSpace.toTopologicalSpace.{0} Real
                        (@PseudoMetricSpace.toUniformSpace.{0} Real Real.pseudoMetricSpace))
                      f u)
                  a b (@MeasureTheory.MeasureSpace.volume.{0} Real Real.measureSpace)))
            (@intervalIntegral.integral_const.{0} Real Real.normedAddCommGroup
              (@InnerProductSpace.toNormedSpace.{0, 0} Real Real Real.instRCLike
                (@NormedAddCommGroup.toSeminormedAddCommGroup.{0} Real Real.normedAddCommGroup)
                (@RCLike.toInnerProductSpaceReal.{0} Real Real.instRCLike))
              a b Real.instCompleteSpace δ))
          hIntegral)))
'N33Dynamics.absolutelyContinuous_increment_ge' depends on axioms: [propext, Classical.choice, Quot.sound]
N33Dynamics.absolutelyContinuous_superlevel_forward_invariant {f : Real → Real} {a b M : Real}
  (hab : @LE.le.{0} Real Real.instLE a b) (hf : @AbsolutelyContinuousOnInterval.{0} Real Real.pseudoMetricSpace f a b)
  (hderiv :
    @Filter.Eventually.{0} Real
      (fun (u : Real) =>
        @Membership.mem.{0, 0} Real (Set.{0} Real) (@Set.instMembership.{0} Real)
            (@Set.Icc.{0} Real Real.instPreorder a b) u →
          @LE.le.{0} Real Real.instLE (@OfNat.ofNat.{0} Real (nat_lit 0) (@Zero.toOfNat0.{0} Real Real.instZero))
            (@deriv.{0, 0} Real (@DenselyNormedField.toNontriviallyNormedField.{0} Real Real.denselyNormedField) Real
              Real.instAddCommGroup
              (@NormedSpace.toModule.{0, 0} Real Real Real.normedField
                (@NonUnitalSeminormedRing.toSeminormedAddCommGroup.{0} Real
                  (@NonUnitalSeminormedCommRing.toNonUnitalSeminormedRing.{0} Real
                    (@SeminormedCommRing.toNonUnitalSeminormedCommRing.{0} Real
                      (@NormedCommRing.toSeminormedCommRing.{0} Real Real.normedCommRing))))
                (@InnerProductSpace.toNormedSpace.{0, 0} Real Real Real.instRCLike
                  (@NonUnitalSeminormedRing.toSeminormedAddCommGroup.{0} Real
                    (@NonUnitalSeminormedCommRing.toNonUnitalSeminormedRing.{0} Real
                      (@SeminormedCommRing.toNonUnitalSeminormedCommRing.{0} Real
                        (@NormedCommRing.toSeminormedCommRing.{0} Real Real.normedCommRing))))
                  (@RCLike.toInnerProductSpaceReal.{0} Real Real.instRCLike)))
              (@UniformSpace.toTopologicalSpace.{0} Real
                (@PseudoMetricSpace.toUniformSpace.{0} Real Real.pseudoMetricSpace))
              f u))
      (@MeasureTheory.ae.{0, 0} Real
        (@MeasureTheory.Measure.{0} Real (@MeasureTheory.MeasureSpace.toMeasurableSpace.{0} Real Real.measureSpace))
        (@MeasureTheory.Measure.instFunLike.{0} Real
          (@MeasureTheory.MeasureSpace.toMeasurableSpace.{0} Real Real.measureSpace))
        (@MeasureTheory.Measure.instOuterMeasureClass.{0} Real
          (@MeasureTheory.MeasureSpace.toMeasurableSpace.{0} Real Real.measureSpace))
        (@MeasureTheory.MeasureSpace.volume.{0} Real Real.measureSpace)))
  (hstart : @LE.le.{0} Real Real.instLE M (f a)) : @LE.le.{0} Real Real.instLE M (f b)
theorem N33Dynamics.absolutelyContinuous_superlevel_forward_invariant : ∀ {f : Real → Real} {a b M : Real}
  (hab : @LE.le.{0} Real Real.instLE a b) (hf : @AbsolutelyContinuousOnInterval.{0} Real Real.pseudoMetricSpace f a b)
  (hderiv :
    @Filter.Eventually.{0} Real
      (fun (u : Real) =>
        @Membership.mem.{0, 0} Real (Set.{0} Real) (@Set.instMembership.{0} Real)
            (@Set.Icc.{0} Real Real.instPreorder a b) u →
          @LE.le.{0} Real Real.instLE (@OfNat.ofNat.{0} Real (nat_lit 0) (@Zero.toOfNat0.{0} Real Real.instZero))
            (@deriv.{0, 0} Real (@DenselyNormedField.toNontriviallyNormedField.{0} Real Real.denselyNormedField) Real
              Real.instAddCommGroup
              (@NormedSpace.toModule.{0, 0} Real Real Real.normedField
                (@NonUnitalSeminormedRing.toSeminormedAddCommGroup.{0} Real
                  (@NonUnitalSeminormedCommRing.toNonUnitalSeminormedRing.{0} Real
                    (@SeminormedCommRing.toNonUnitalSeminormedCommRing.{0} Real
                      (@NormedCommRing.toSeminormedCommRing.{0} Real Real.normedCommRing))))
                (@InnerProductSpace.toNormedSpace.{0, 0} Real Real Real.instRCLike
                  (@NonUnitalSeminormedRing.toSeminormedAddCommGroup.{0} Real
                    (@NonUnitalSeminormedCommRing.toNonUnitalSeminormedRing.{0} Real
                      (@SeminormedCommRing.toNonUnitalSeminormedCommRing.{0} Real
                        (@NormedCommRing.toSeminormedCommRing.{0} Real Real.normedCommRing))))
                  (@RCLike.toInnerProductSpaceReal.{0} Real Real.instRCLike)))
              (@UniformSpace.toTopologicalSpace.{0} Real
                (@PseudoMetricSpace.toUniformSpace.{0} Real Real.pseudoMetricSpace))
              f u))
      (@MeasureTheory.ae.{0, 0} Real
        (@MeasureTheory.Measure.{0} Real (@MeasureTheory.MeasureSpace.toMeasurableSpace.{0} Real Real.measureSpace))
        (@MeasureTheory.Measure.instFunLike.{0} Real
          (@MeasureTheory.MeasureSpace.toMeasurableSpace.{0} Real Real.measureSpace))
        (@MeasureTheory.Measure.instOuterMeasureClass.{0} Real
          (@MeasureTheory.MeasureSpace.toMeasurableSpace.{0} Real Real.measureSpace))
        (@MeasureTheory.MeasureSpace.volume.{0} Real Real.measureSpace)))
  (hstart : @LE.le.{0} Real Real.instLE M (f a)), @LE.le.{0} Real Real.instLE M (f b) :=
fun {f : ⋯} {a b M : ⋯} (hab : ⋯) (hf : ⋯) (hderiv : ⋯) (hstart : ⋯) =>
  have hinc : ⋯ :=
    @N33Dynamics.absolutelyContinuous_increment_ge f a b
      (@OfNat.ofNat.{0} Real (nat_lit 0) (@Zero.toOfNat0.{0} Real Real.instZero)) hab hf hderiv;
  @le_of_not_gt.{0} Real Real.linearOrder M (f b) fun (a_1 : ⋯) =>
    @Mathlib.Tactic.Linarith.lt_irrefl.{0} Real Real.instPreorder
      (@OfNat.ofNat.{0} Real (nat_lit 0) (@Zero.toOfNat0.{0} Real Real.instZero))
      (@Eq.mp.{0}
        (@LT.lt.{0} Real (@Preorder.toLT.{0} Real (@PartialOrder.toPreorder.{0} Real Real.partialOrder))
          (@HAdd.hAdd.{0, 0, 0} Real Real Real
            (@instHAdd.{0} Real (@AddSemigroup.toAdd.{0} Real (@AddMonoid.toAddSemigroup.{0} Real Real.instAddMonoid)))
            (@HAdd.hAdd.{0, 0, 0} Real Real Real
              (@instHAdd.{0} Real
                (@AddSemigroup.toAdd.{0} Real (@AddMonoid.toAddSemigroup.{0} Real Real.instAddMonoid)))
              (@HSub.hSub.{0, 0, 0} Real Real Real
                (@instHSub.{0} Real
                  (@SubNegMonoid.toSub.{0} Real
                    (@AddGroup.toSubNegMonoid.{0} Real
                      (@AddGroupWithOne.toAddGroup.{0} Real (@Ring.toAddGroupWithOne.{0} Real Real.instRing)))))
                M (f a))
              (@HSub.hSub.{0, 0, 0} Real Real Real
                (@instHSub.{0} Real
                  (@SubNegMonoid.toSub.{0} Real
                    (@AddGroup.toSubNegMonoid.{0} Real
                      (@AddGroupWithOne.toAddGroup.{0} Real (@Ring.toAddGroupWithOne.{0} Real Real.instRing)))))
                (@HMul.hMul.{0, 0, 0} Real Real Real (@instHMul.{0} Real Real.instMul)
                  (@OfNat.ofNat.{0} Real (nat_lit 0) (@Zero.toOfNat0.{0} Real Real.instZero))
                  (@HSub.hSub.{0, 0, 0} Real Real Real (@instHSub.{0} Real Real.instSub) b a))
                (@HSub.hSub.{0, 0, 0} Real Real Real (@instHSub.{0} Real Real.instSub) (f b) (f a))))
            (@HSub.hSub.{0, 0, 0} Real Real Real
              (@instHSub.{0} Real
                (@SubNegMonoid.toSub.{0} Real
                  (@AddGroup.toSubNegMonoid.{0} Real
                    (@AddGroupWithOne.toAddGroup.{0} Real (@Ring.toAddGroupWithOne.{0} Real Real.instRing)))))
              (f b) M))
          (@OfNat.ofNat.{0} Real (nat_lit 0)
            (@Zero.toOfNat0.{0} Real
              (@MulZeroClass.toZero.{0} Real
                (@NonUnitalNonAssocSemiring.toMulZeroClass.{0} Real
                  (@NonAssocSemiring.toNonUnitalNonAssocSemiring.{0} Real
                    (@Semiring.toNonAssocSemiring.{0} Real Real.semiring)))))))
        (@LT.lt.{0} Real (@Preorder.toLT.{0} Real (@PartialOrder.toPreorder.{0} Real Real.partialOrder))
          (@OfNat.ofNat.{0} Real (nat_lit 0) (@Zero.toOfNat0.{0} Real Real.instZero))
          (@OfNat.ofNat.{0} Real (nat_lit 0)
            (@Zero.toOfNat0.{0} Real
              (@MulZeroClass.toZero.{0} Real
                (@NonUnitalNonAssocSemiring.toMulZeroClass.{0} Real
                  (@NonAssocSemiring.toNonUnitalNonAssocSemiring.{0} Real
                    (@Semiring.toNonAssocSemiring.{0} Real Real.semiring)))))))
        (@congrArg.{1, 1} Real Prop
          (@HAdd.hAdd.{0, 0, 0} Real Real Real
            (@instHAdd.{0} Real (@AddSemigroup.toAdd.{0} Real (@AddMonoid.toAddSemigroup.{0} Real Real.instAddMonoid)))
            (@HAdd.hAdd.{0, 0, 0} Real Real Real
              (@instHAdd.{0} Real
                (@AddSemigroup.toAdd.{0} Real (@AddMonoid.toAddSemigroup.{0} Real Real.instAddMonoid)))
              (@HSub.hSub.{0, 0, 0} Real Real Real
                (@instHSub.{0} Real
                  (@SubNegMonoid.toSub.{0} Real
                    (@AddGroup.toSubNegMonoid.{0} Real
                      (@AddGroupWithOne.toAddGroup.{0} Real (@Ring.toAddGroupWithOne.{0} Real Real.instRing)))))
                M (f a))
              (@HSub.hSub.{0, 0, 0} Real Real Real
                (@instHSub.{0} Real
                  (@SubNegMonoid.toSub.{0} Real
                    (@AddGroup.toSubNegMonoid.{0} Real
                      (@AddGroupWithOne.toAddGroup.{0} Real (@Ring.toAddGroupWithOne.{0} Real Real.instRing)))))
                (@HMul.hMul.{0, 0, 0} Real Real Real (@instHMul.{0} Real Real.instMul)
                  (@OfNat.ofNat.{0} Real (nat_lit 0) (@Zero.toOfNat0.{0} Real Real.instZero))
                  (@HSub.hSub.{0, 0, 0} Real Real Real (@instHSub.{0} Real Real.instSub) b a))
                (@HSub.hSub.{0, 0, 0} Real Real Real (@instHSub.{0} Real Real.instSub) (f b) (f a))))
            (@HSub.hSub.{0, 0, 0} Real Real Real
              (@instHSub.{0} Real
                (@SubNegMonoid.toSub.{0} Real
                  (@AddGroup.toSubNegMonoid.{0} Real
                    (@AddGroupWithOne.toAddGroup.{0} Real (@Ring.toAddGroupWithOne.{0} Real Real.instRing)))))
              (f b) M))
          (@OfNat.ofNat.{0} Real (nat_lit 0) (@Zero.toOfNat0.{0} Real Real.instZero))
          (fun (_a : Real) =>
            @LT.lt.{0} Real (@Preorder.toLT.{0} Real (@PartialOrder.toPreorder.{0} Real Real.partialOrder)) _a
              (@OfNat.ofNat.{0} Real (nat_lit 0)
                (@Zero.toOfNat0.{0} Real
                  (@MulZeroClass.toZero.{0} Real
                    (@NonUnitalNonAssocSemiring.toMulZeroClass.{0} Real
                      (@NonAssocSemiring.toNonUnitalNonAssocSemiring.{0} Real
                        (@Semiring.toNonAssocSemiring.{0} Real Real.semiring)))))))
          (@Mathlib.Tactic.Ring.of_eq.{1} Real
            (@HAdd.hAdd.{0, 0, 0} Real Real Real
              (@instHAdd.{0} Real
                (@AddSemigroup.toAdd.{0} Real (@AddMonoid.toAddSemigroup.{0} Real Real.instAddMonoid)))
              (@HAdd.hAdd.{0, 0, 0} Real Real Real
                (@instHAdd.{0} Real
                  (@AddSemigroup.toAdd.{0} Real (@AddMonoid.toAddSemigroup.{0} Real Real.instAddMonoid)))
                (@HSub.hSub.{0, 0, 0} Real Real Real
                  (@instHSub.{0} Real
                    (@SubNegMonoid.toSub.{0} Real
                      (@AddGroup.toSubNegMonoid.{0} Real
                        (@AddGroupWithOne.toAddGroup.{0} Real (@Ring.toAddGroupWithOne.{0} Real Real.instRing)))))
                  M (f a))
                (@HSub.hSub.{0, 0, 0} Real Real Real
                  (@instHSub.{0} Real
                    (@SubNegMonoid.toSub.{0} Real
                      (@AddGroup.toSubNegMonoid.{0} Real
                        (@AddGroupWithOne.toAddGroup.{0} Real (@Ring.toAddGroupWithOne.{0} Real Real.instRing)))))
                  (@HMul.hMul.{0, 0, 0} Real Real Real (@instHMul.{0} Real Real.instMul)
                    (@OfNat.ofNat.{0} Real (nat_lit 0) (@Zero.toOfNat0.{0} Real Real.instZero))
                    (@HSub.hSub.{0, 0, 0} Real Real Real (@instHSub.{0} Real Real.instSub) b a))
                  (@HSub.hSub.{0, 0, 0} Real Real Real (@instHSub.{0} Real Real.instSub) (f b) (f a))))
              (@HSub.hSub.{0, 0, 0} Real Real Real
                (@instHSub.{0} Real
                  (@SubNegMonoid.toSub.{0} Real
                    (@AddGroup.toSubNegMonoid.{0} Real
                      (@AddGroupWithOne.toAddGroup.{0} Real (@Ring.toAddGroupWithOne.{0} Real Real.instRing)))))
                (f b) M))
            (@OfNat.ofNat.{0} Real (nat_lit 0) (@Zero.toOfNat0.{0} Real Real.instZero))
            (@OfNat.ofNat.{0} Real (nat_lit 0)
              (@Zero.toOfNat0.{0} Real
                (@MulZeroClass.toZero.{0} Real
                  (@NonUnitalNonAssocSemiring.toMulZeroClass.{0} Real
                    (@NonAssocSemiring.toNonUnitalNonAssocSemiring.{0} Real
                      (@Semiring.toNonAssocSemiring.{0} Real
                        (@CommSemiring.toSemiring.{0} Real Real.instCommSemiring)))))))
            (@Mathlib.Tactic.Ring.add_congr.{0} Real Real.instCommSemiring
              (@HAdd.hAdd.{0, 0, 0} Real Real Real
                (@instHAdd.{0} Real
                  (@AddSemigroup.toAdd.{0} Real (@AddMonoid.toAddSemigroup.{0} Real Real.instAddMonoid)))
                (@HSub.hSub.{0, 0, 0} Real Real Real
                  (@instHSub.{0} Real
                    (@SubNegMonoid.toSub.{0} Real
                      (@AddGroup.toSubNegMonoid.{0} Real
                        (@AddGroupWithOne.toAddGroup.{0} Real (@Ring.toAddGroupWithOne.{0} Real Real.instRing)))))
                  M (f a))
                (@HSub.hSub.{0, 0, 0} Real Real Real
                  (@instHSub.{0} Real
                    (@SubNegMonoid.toSub.{0} Real
                      (@AddGroup.toSubNegMonoid.{0} Real
                        (@AddGroupWithOne.toAddGroup.{0} Real (@Ring.toAddGroupWithOne.{0} Real Real.instRing)))))
                  (@HMul.hMul.{0, 0, 0} Real Real Real (@instHMul.{0} Real Real.instMul)
                    (@OfNat.ofNat.{0} Real (nat_lit 0) (@Zero.toOfNat0.{0} Real Real.instZero))
                    (@HSub.hSub.{0, 0, 0} Real Real Real (@instHSub.{0} Real Real.instSub) b a))
                  (@HSub.hSub.{0, 0, 0} Real Real Real (@instHSub.{0} Real Real.instSub) (f b) (f a))))
              (@HAdd.hAdd.{0, 0, 0} Real Real Real
                (@instHAdd.{0} Real
                  (@Distrib.toAdd.{0} Real
                    (@NonUnitalNonAssocSemiring.toDistrib.{0} Real
                      (@NonAssocSemiring.toNonUnitalNonAssocSemiring.{0} Real
                        (@Semiring.toNonAssocSemiring.{0} Real
                          (@CommSemiring.toSemiring.{0} Real Real.instCommSemiring))))))
                (@HMul.hMul.{0, 0, 0} Real Real Real
                  (@instHMul.{0} Real
                    (@Distrib.toMul.{0} Real
                      (@NonUnitalNonAssocSemiring.toDistrib.{0} Real
                        (@NonAssocSemiring.toNonUnitalNonAssocSemiring.{0} Real
                          (@Semiring.toNonAssocSemiring.{0} Real
                            (@CommSemiring.toSemiring.{0} Real Real.instCommSemiring))))))
                  (@HPow.hPow.{0, 0, 0} Real Nat Real
                    (@instHPow.{0, 0} Real Nat
                      (@Monoid.toNatPow.{0} Real
                        (@MonoidWithZero.toMonoid.{0} Real
                          (@Semiring.toMonoidWithZero.{0} Real
                            (@CommSemiring.toSemiring.{0} Real Real.instCommSemiring)))))
                    M
                    (@Nat.rawCast.{0} Nat
                      (@AddCommMonoidWithOne.toAddMonoidWithOne.{0} Nat
                        (@NonAssocSemiring.toAddCommMonoidWithOne.{0} Nat
                          (@Semiring.toNonAssocSemiring.{0} Nat
                            (@CommSemiring.toSemiring.{0} Nat Nat.instCommSemiring))))
                      (nat_lit 1)))
                  (@Nat.rawCast.{0} Real
                    (@AddCommMonoidWithOne.toAddMonoidWithOne.{0} Real
                      (@NonAssocSemiring.toAddCommMonoidWithOne.{0} Real
                        (@Semiring.toNonAssocSemiring.{0} Real
                          (@CommSemiring.toSemiring.{0} Real Real.instCommSemiring))))
                    (nat_lit 1)))
                (@HAdd.hAdd.{0, 0, 0} Real Real Real
                  (@instHAdd.{0} Real
                    (@Distrib.toAdd.{0} Real
                      (@NonUnitalNonAssocSemiring.toDistrib.{0} Real
                        (@NonAssocSemiring.toNonUnitalNonAssocSemiring.{0} Real
                          (@Semiring.toNonAssocSemiring.{0} Real
                            (@CommSemiring.toSemiring.{0} Real Real.instCommSemiring))))))
                  (@HMul.hMul.{0, 0, 0} Real Real Real
                    (@instHMul.{0} Real
                      (@Distrib.toMul.{0} Real
                        (@NonUnitalNonAssocSemiring.toDistrib.{0} Real
                          (@NonAssocSemiring.toNonUnitalNonAssocSemiring.{0} Real
                            (@Semiring.toNonAssocSemiring.{0} Real
                              (@CommSemiring.toSemiring.{0} Real Real.instCommSemiring))))))
                    (@HPow.hPow.{0, 0, 0} Real Nat Real
                      (@instHPow.{0, 0} Real Nat
                        (@Monoid.toNatPow.{0} Real
                          (@MonoidWithZero.toMonoid.{0} Real
                            (@Semiring.toMonoidWithZero.{0} Real
                              (@CommSemiring.toSemiring.{0} Real Real.instCommSemiring)))))
                      (f b)
                      (@Nat.rawCast.{0} Nat
                        (@AddCommMonoidWithOne.toAddMonoidWithOne.{0} Nat
                          (@NonAssocSemiring.toAddCommMonoidWithOne.{0} Nat
                            (@Semiring.toNonAssocSemiring.{0} Nat
                              (@CommSemiring.toSemiring.{0} Nat Nat.instCommSemiring))))
                        (nat_lit 1)))
                    (@Int.rawCast.{0} Real (@CommRing.toRing.{0} Real Real.commRing) (Int.negOfNat (nat_lit 1))))
                  (@OfNat.ofNat.{0} Real (nat_lit 0)
                    (@Zero.toOfNat0.{0} Real
                      (@MulZeroClass.toZero.{0} Real
                        (@NonUnitalNonAssocSemiring.toMulZeroClass.{0} Real
                          (@NonAssocSemiring.toNonUnitalNonAssocSemiring.{0} Real
                            (@Semiring.toNonAssocSemiring.{0} Real
                              (@CommSemiring.toSemiring.{0} Real Real.instCommSemiring)))))))))
              (@HSub.hSub.{0, 0, 0} Real Real Real
                (@instHSub.{0} Real
                  (@SubNegMonoid.toSub.{0} Real
                    (@AddGroup.toSubNegMonoid.{0} Real
                      (@AddGroupWithOne.toAddGroup.{0} Real (@Ring.toAddGroupWithOne.{0} Real Real.instRing)))))
                (f b) M)
              (@HAdd.hAdd.{0, 0, 0} Real Real Real
                (@instHAdd.{0} Real
                  (@Distrib.toAdd.{0} Real
                    (@NonUnitalNonAssocSemiring.toDistrib.{0} Real
                      (@NonAssocSemiring.toNonUnitalNonAssocSemiring.{0} Real
                        (@Semiring.toNonAssocSemiring.{0} Real
                          (@CommSemiring.toSemiring.{0} Real Real.instCommSemiring))))))
                (@HMul.hMul.{0, 0, 0} Real Real Real
                  (@instHMul.{0} Real
                    (@Distrib.toMul.{0} Real
                      (@NonUnitalNonAssocSemiring.toDistrib.{0} Real
                        (@NonAssocSemiring.toNonUnitalNonAssocSemiring.{0} Real
                          (@Semiring.toNonAssocSemiring.{0} Real
                            (@CommSemiring.toSemiring.{0} Real Real.instCommSemiring))))))
                  (@HPow.hPow.{0, 0, 0} Real Nat Real
                    (@instHPow.{0, 0} Real Nat
                      (@Monoid.toNatPow.{0} Real
                        (@MonoidWithZero.toMonoid.{0} Real
                          (@Semiring.toMonoidWithZero.{0} Real
                            (@CommSemiring.toSemiring.{0} Real Real.instCommSemiring)))))
                    M
                    (@Nat.rawCast.{0} Nat
                      (@AddCommMonoidWithOne.toAddMonoidWithOne.{0} Nat
                        (@NonAssocSemiring.toAddCommMonoidWithOne.{0} Nat
                          (@Semiring.toNonAssocSemiring.{0} Nat
                            (@CommSemiring.toSemiring.{0} Nat Nat.instCommSemiring))))
                      (nat_lit 1)))
                  (@Int.rawCast.{0} Real (@CommRing.toRing.{0} Real Real.commRing) (Int.negOfNat (nat_lit 1))))
                (@HAdd.hAdd.{0, 0, 0} Real Real Real
                  (@instHAdd.{0} Real
                    (@Distrib.toAdd.{0} Real
                      (@NonUnitalNonAssocSemiring.toDistrib.{0} Real
                        (@NonAssocSemiring.toNonUnitalNonAssocSemiring.{0} Real
                          (@Semiring.toNonAssocSemiring.{0} Real
                            (@CommSemiring.toSemiring.{0} Real Real.instCommSemiring))))))
                  (@HMul.hMul.{0, 0, 0} Real Real Real
                    (@instHMul.{0} Real
                      (@Distrib.toMul.{0} Real
                        (@NonUnitalNonAssocSemiring.toDistrib.{0} Real
                          (@NonAssocSemiring.toNonUnitalNonAssocSemiring.{0} Real
                            (@Semiring.toNonAssocSemiring.{0} Real
                              (@CommSemiring.toSemiring.{0} Real Real.instCommSemiring))))))
                    (@HPow.hPow.{0, 0, 0} Real Nat Real
                      (@instHPow.{0, 0} Real Nat
                        (@Monoid.toNatPow.{0} Real
                          (@MonoidWithZero.toMonoid.{0} Real
                            (@Semiring.toMonoidWithZero.{0} Real
                              (@CommSemiring.toSemiring.{0} Real Real.instCommSemiring)))))
                      (f b)
                      (@Nat.rawCast.{0} Nat
                        (@AddCommMonoidWithOne.toAddMonoidWithOne.{0} Nat
                          (@NonAssocSemiring.toAddCommMonoidWithOne.{0} Nat
                            (@Semiring.toNonAssocSemiring.{0} Nat
                              (@CommSemiring.toSemiring.{0} Nat Nat.instCommSemiring))))
                        (nat_lit 1)))
                    (@Nat.rawCast.{0} Real
                      (@AddCommMonoidWithOne.toAddMonoidWithOne.{0} Real
                        (@NonAssocSemiring.toAddCommMonoidWithOne.{0} Real
                          (@Semiring.toNonAssocSemiring.{0} Real
                            (@CommSemiring.toSemiring.{0} Real Real.instCommSemiring))))
                      (nat_lit 1)))
                  (@OfNat.ofNat.{0} Real (nat_lit 0)
                    (@Zero.toOfNat0.{0} Real
                      (@MulZeroClass.toZero.{0} Real
                        (@NonUnitalNonAssocSemiring.toMulZeroClass.{0} Real
                          (@NonAssocSemiring.toNonUnitalNonAssocSemiring.{0} Real
                            (@Semiring.toNonAssocSemiring.{0} Real
                              (@CommSemiring.toSemiring.{0} Real Real.instCommSemiring)))))))))
              (@OfNat.ofNat.{0} Real (nat_lit 0)
                (@Zero.toOfNat0.{0} Real
                  (@MulZeroClass.toZero.{0} Real
                    (@NonUnitalNonAssocSemiring.toMulZeroClass.{0} Real
                      (@NonAssocSemiring.toNonUnitalNonAssocSemiring.{0} Real
                        (@Semiring.toNonAssocSemiring.{0} Real
                          (@CommSemiring.toSemiring.{0} Real Real.instCommSemiring)))))))
              (@Mathlib.Tactic.Ring.add_congr.{0} Real Real.instCommSemiring
                (@HSub.hSub.{0, 0, 0} Real Real Real
                  (@instHSub.{0} Real
                    (@SubNegMonoid.toSub.{0} Real
                      (@AddGroup.toSubNegMonoid.{0} Real
                        (@AddGroupWithOne.toAddGroup.{0} Real (@Ring.toAddGroupWithOne.{0} Real Real.instRing)))))
                  M (f a))
                (@HAdd.hAdd.{0, 0, 0} Real Real Real
                  (@instHAdd.{0} Real
                    (@Distrib.toAdd.{0} Real
                      (@NonUnitalNonAssocSemiring.toDistrib.{0} Real
                        (@NonAssocSemiring.toNonUnitalNonAssocSemiring.{0} Real
                          (@Semiring.toNonAssocSemiring.{0} Real
                            (@CommSemiring.toSemiring.{0} Real Real.instCommSemiring))))))
                  (@HMul.hMul.{0, 0, 0} Real Real Real
                    (@instHMul.{0} Real
                      (@Distrib.toMul.{0} Real
                        (@NonUnitalNonAssocSemiring.toDistrib.{0} Real
                          (@NonAssocSemiring.toNonUnitalNonAssocSemiring.{0} Real
                            (@Semiring.toNonAssocSemiring.{0} Real
                              (@CommSemiring.toSemiring.{0} Real Real.instCommSemiring))))))
                    (@HPow.hPow.{0, 0, 0} Real Nat Real
                      (@instHPow.{0, 0} Real Nat
                        (@Monoid.toNatPow.{0} Real
                          (@MonoidWithZero.toMonoid.{0} Real
                            (@Semiring.toMonoidWithZero.{0} Real
                              (@CommSemiring.toSemiring.{0} Real Real.instCommSemiring)))))
                      M
                      (@Nat.rawCast.{0} Nat
                        (@AddCommMonoidWithOne.toAddMonoidWithOne.{0} Nat
                          (@NonAssocSemiring.toAddCommMonoidWithOne.{0} Nat
                            (@Semiring.toNonAssocSemiring.{0} Nat
                              (@CommSemiring.toSemiring.{0} Nat Nat.instCommSemiring))))
                        (nat_lit 1)))
                    (@Nat.rawCast.{0} Real
                      (@AddCommMonoidWithOne.toAddMonoidWithOne.{0} Real
                        (@NonAssocSemiring.toAddCommMonoidWithOne.{0} Real
                          (@Semiring.toNonAssocSemiring.{0} Real
                            (@CommSemiring.toSemiring.{0} Real Real.instCommSemiring))))
                      (nat_lit 1)))
                  (@HAdd.hAdd.{0, 0, 0} Real Real Real
                    (@instHAdd.{0} Real
                      (@Distrib.toAdd.{0} Real
                        (@NonUnitalNonAssocSemiring.toDistrib.{0} Real
                          (@NonAssocSemiring.toNonUnitalNonAssocSemiring.{0} Real
                            (@Semiring.toNonAssocSemiring.{0} Real
                              (@CommSemiring.toSemiring.{0} Real Real.instCommSemiring))))))
                    (@HMul.hMul.{0, 0, 0} Real Real Real
                      (@instHMul.{0} Real
                        (@Distrib.toMul.{0} Real
                          (@NonUnitalNonAssocSemiring.toDistrib.{0} Real
                            (@NonAssocSemiring.toNonUnitalNonAssocSemiring.{0} Real
                              (@Semiring.toNonAssocSemiring.{0} Real
                                (@CommSemiring.toSemiring.{0} Real Real.instCommSemiring))))))
                      (@HPow.hPow.{0, 0, 0} Real Nat Real
                        (@instHPow.{0, 0} Real Nat
                          (@Monoid.toNatPow.{0} Real
                            (@MonoidWithZero.toMonoid.{0} Real
                              (@Semiring.toMonoidWithZero.{0} Real
                                (@CommSemiring.toSemiring.{0} Real Real.instCommSemiring)))))
                        (f a)
                        (@Nat.rawCast.{0} Nat
                          (@AddCommMonoidWithOne.toAddMonoidWithOne.{0} Nat
                            (@NonAssocSemiring.toAddCommMonoidWithOne.{0} Nat
                              (@Semiring.toNonAssocSemiring.{0} Nat
                                (@CommSemiring.toSemiring.{0} Nat Nat.instCommSemiring))))
                          (nat_lit 1)))
                      (@Int.rawCast.{0} Real (@CommRing.toRing.{0} Real Real.commRing) (Int.negOfNat (nat_lit 1))))
                    (@OfNat.ofNat.{0} Real (nat_lit 0)
                      (@Zero.toOfNat0.{0} Real
                        (@MulZeroClass.toZero.{0} Real
                          (@NonUnitalNonAssocSemiring.toMulZeroClass.{0} Real
                            (@NonAssocSemiring.toNonUnitalNonAssocSemiring.{0} Real
                              (@Semiring.toNonAssocSemiring.{0} Real
                                (@CommSemiring.toSemiring.{0} Real Real.instCommSemiring)))))))))
                (@HSub.hSub.{0, 0, 0} Real Real Real
                  (@instHSub.{0} Real
                    (@SubNegMonoid.toSub.{0} Real
                      (@AddGroup.toSubNegMonoid.{0} Real
                        (@AddGroupWithOne.toAddGroup.{0} Real (@Ring.toAddGroupWithOne.{0} Real Real.instRing)))))
                  (@HMul.hMul.{0, 0, 0} Real Real Real (@instHMul.{0} Real Real.instMul)
                    (@OfNat.ofNat.{0} Real (nat_lit 0) (@Zero.toOfNat0.{0} Real Real.instZero))
                    (@HSub.hSub.{0, 0, 0} Real Real Real (@instHSub.{0} Real Real.instSub) b a))
                  (@HSub.hSub.{0, 0, 0} Real Real Real (@instHSub.{0} Real Real.instSub) (f b) (f a)))
                (@HAdd.hAdd.{0, 0, 0} Real Real Real
                  (@instHAdd.{0} Real
                    (@Distrib.toAdd.{0} Real
                      (@NonUnitalNonAssocSemiring.toDistrib.{0} Real
                        (@NonAssocSemiring.toNonUnitalNonAssocSemiring.{0} Real
                          (@Semiring.toNonAssocSemiring.{0} Real
                            (@CommSemiring.toSemiring.{0} Real Real.instCommSemiring))))))
                  (@HMul.hMul.{0, 0, 0} Real Real Real
                    (@instHMul.{0} Real
                      (@Distrib.toMul.{0} Real
                        (@NonUnitalNonAssocSemiring.toDistrib.{0} Real
                          (@NonAssocSemiring.toNonUnitalNonAssocSemiring.{0} Real
                            (@Semiring.toNonAssocSemiring.{0} Real
                              (@CommSemiring.toSemiring.{0} Real Real.instCommSemiring))))))
                    (@HPow.hPow.{0, 0, 0} Real Nat Real
                      (@instHPow.{0, 0} Real Nat
                        (@Monoid.toNatPow.{0} Real
                          (@MonoidWithZero.toMonoid.{0} Real
                            (@Semiring.toMonoidWithZero.{0} Real
                              (@CommSemiring.toSemiring.{0} Real Real.instCommSemiring)))))
                      (f a)
                      (@Nat.rawCast.{0} Nat
                        (@AddCommMonoidWithOne.toAddMonoidWithOne.{0} Nat
                          (@NonAssocSemiring.toAddCommMonoidWithOne.{0} Nat
                            (@Semiring.toNonAssocSemiring.{0} Nat
                              (@CommSemiring.toSemiring.{0} Nat Nat.instCommSemiring))))
                        (nat_lit 1)))
                    (@Nat.rawCast.{0} Real
                      (@Mathlib.Meta.NormNum.instAddMonoidWithOne.{0} Real (@CommRing.toRing.{0} Real Real.commRing))
                      (nat_lit 1)))
                  (@HAdd.hAdd.{0, 0, 0} Real Real Real
                    (@instHAdd.{0} Real
                      (@Distrib.toAdd.{0} Real
                        (@NonUnitalNonAssocSemiring.toDistrib.{0} Real
                          (@NonAssocSemiring.toNonUnitalNonAssocSemiring.{0} Real
                            (@Semiring.toNonAssocSemiring.{0} Real
                              (@CommSemiring.toSemiring.{0} Real Real.instCommSemiring))))))
                    (@HMul.hMul.{0, 0, 0} Real Real Real
                      (@instHMul.{0} Real
                        (@Distrib.toMul.{0} Real
                          (@NonUnitalNonAssocSemiring.toDistrib.{0} Real
                            (@NonAssocSemiring.toNonUnitalNonAssocSemiring.{0} Real
                              (@Semiring.toNonAssocSemiring.{0} Real
                                (@CommSemiring.toSemiring.{0} Real Real.instCommSemiring))))))
                      (@HPow.hPow.{0, 0, 0} Real Nat Real
                        (@instHPow.{0, 0} Real Nat
                          (@Monoid.toNatPow.{0} Real
                            (@MonoidWithZero.toMonoid.{0} Real
                              (@Semiring.toMonoidWithZero.{0} Real
                                (@CommSemiring.toSemiring.{0} Real Real.instCommSemiring)))))
                        (f b)
                        (@Nat.rawCast.{0} Nat
                          (@AddCommMonoidWithOne.toAddMonoidWithOne.{0} Nat
                            (@NonAssocSemiring.toAddCommMonoidWithOne.{0} Nat
                              (@Semiring.toNonAssocSemiring.{0} Nat
                                (@CommSemiring.toSemiring.{0} Nat Nat.instCommSemiring))))
                          (nat_lit 1)))
                      (@Int.rawCast.{0} Real (@CommRing.toRing.{0} Real Real.commRing) (Int.negOfNat (nat_lit 1))))
                    (@OfNat.ofNat.{0} Real (nat_lit 0)
                      (@Zero.toOfNat0.{0} Real
                        (@MulZeroClass.toZero.{0} Real
                          (@NonUnitalNonAssocSemiring.toMulZeroClass.{0} Real
                            (@NonAssocSemiring.toNonUnitalNonAssocSemiring.{0} Real
                              (@Semiring.toNonAssocSemiring.{0} Real
                                (@CommSemiring.toSemiring.{0} Real Real.instCommSemiring)))))))))
                (@HAdd.hAdd.{0, 0, 0} Real Real Real
                  (@instHAdd.{0} Real
                    (@Distrib.toAdd.{0} Real
                      (@NonUnitalNonAssocSemiring.toDistrib.{0} Real
                        (@NonAssocSemiring.toNonUnitalNonAssocSemiring.{0} Real
                          (@Semiring.toNonAssocSemiring.{0} Real
                            (@CommSemiring.toSemiring.{0} Real Real.instCommSemiring))))))
                  (@HMul.hMul.{0, 0, 0} Real Real Real
                    (@instHMul.{0} Real
                      (@Distrib.toMul.{0} Real
                        (@NonUnitalNonAssocSemiring.toDistrib.{0} Real
                          (@NonAssocSemiring.toNonUnitalNonAssocSemiring.{0} Real
                            (@Semiring.toNonAssocSemiring.{0} Real
                              (@CommSemiring.toSemiring.{0} Real Real.instCommSemiring))))))
                    (@HPow.hPow.{0, 0, 0} Real Nat Real
                      (@instHPow.{0, 0} Real Nat
                        (@Monoid.toNatPow.{0} Real
                          (@MonoidWithZero.toMonoid.{0} Real
                            (@Semiring.toMonoidWithZero.{0} Real
                              (@CommSemiring.toSemiring.{0} Real Real.instCommSemiring)))))
                      M
                      (@Nat.rawCast.{0} Nat
                        (@AddCommMonoidWithOne.toAddMonoidWithOne.{0} Nat
                          (@NonAssocSemiring.toAddCommMonoidWithOne.{0} Nat
                            (@Semiring.toNonAssocSemiring.{0} Nat
                              (@CommSemiring.toSemiring.{0} Nat Nat.instCommSemiring))))
                        (nat_lit 1)))
                    (@Nat.rawCast.{0} Real
                      (@AddCommMonoidWithOne.toAddMonoidWithOne.{0} Real
                        (@NonAssocSemiring.toAddCommMonoidWithOne.{0} Real
                          (@Semiring.toNonAssocSemiring.{0} Real
                            (@CommSemiring.toSemiring.{0} Real Real.instCommSemiring))))
                      (nat_lit 1)))
                  (@HAdd.hAdd.{0, 0, 0} Real Real Real
                    (@instHAdd.{0} Real
                      (@Distrib.toAdd.{0} Real
                        (@NonUnitalNonAssocSemiring.toDistrib.{0} Real
                          (@NonAssocSemiring.toNonUnitalNonAssocSemiring.{0} Real
                            (@Semiring.toNonAssocSemiring.{0} Real
                              (@CommSemiring.toSemiring.{0} Real Real.instCommSemiring))))))
                    (@HMul.hMul.{0, 0, 0} Real Real Real
                      (@instHMul.{0} Real
                        (@Distrib.toMul.{0} Real
                          (@NonUnitalNonAssocSemiring.toDistrib.{0} Real
                            (@NonAssocSemiring.toNonUnitalNonAssocSemiring.{0} Real
                              (@Semiring.toNonAssocSemiring.{0} Real
                                (@CommSemiring.toSemiring.{0} Real Real.instCommSemiring))))))
                      (@HPow.hPow.{0, 0, 0} Real Nat Real
                        (@instHPow.{0, 0} Real Nat
                          (@Monoid.toNatPow.{0} Real
                            (@MonoidWithZero.toMonoid.{0} Real
                              (@Semiring.toMonoidWithZero.{0} Real
                                (@CommSemiring.toSemiring.{0} Real Real.instCommSemiring)))))
                        (f b)
                        (@Nat.rawCast.{0} Nat
                          (@AddCommMonoidWithOne.toAddMonoidWithOne.{0} Nat
                            (@NonAssocSemiring.toAddCommMonoidWithOne.{0} Nat
                              (@Semiring.toNonAssocSemiring.{0} Nat
                                (@CommSemiring.toSemiring.{0} Nat Nat.instCommSemiring))))
                          (nat_lit 1)))
                      (@Int.rawCast.{0} Real (@CommRing.toRing.{0} Real Real.commRing) (Int.negOfNat (nat_lit 1))))
                    (@OfNat.ofNat.{0} Real (nat_lit 0)
                      (@Zero.toOfNat0.{0} Real
                        (@MulZeroClass.toZero.{0} Real
                          (@NonUnitalNonAssocSemiring.toMulZeroClass.{0} Real
                            (@NonAssocSemiring.toNonUnitalNonAssocSemiring.{0} Real
                              (@Semiring.toNonAssocSemiring.{0} Real
                                (@CommSemiring.toSemiring.{0} Real Real.instCommSemiring)))))))))
                (@Mathlib.Tactic.Ring.sub_congr.{0} Real Real.commRing M
                  (@HAdd.hAdd.{0, 0, 0} Real Real Real
                    (@instHAdd.{0} Real
                      (@Distrib.toAdd.{0} Real
                        (@NonUnitalNonAssocSemiring.toDistrib.{0} Real
                          (@NonAssocSemiring.toNonUnitalNonAssocSemiring.{0} Real
                            (@Semiring.toNonAssocSemiring.{0} Real
                              (@CommSemiring.toSemiring.{0} Real Real.instCommSemiring))))))
                    (@HMul.hMul.{0, 0, 0} Real Real Real
                      (@instHMul.{0} Real
                        (@Distrib.toMul.{0} Real
                          (@NonUnitalNonAssocSemiring.toDistrib.{0} Real
                            (@NonAssocSemiring.toNonUnitalNonAssocSemiring.{0} Real
                              (@Semiring.toNonAssocSemiring.{0} Real
                                (@CommSemiring.toSemiring.{0} Real Real.instCommSemiring))))))
                      (@HPow.hPow.{0, 0, 0} Real Nat Real
                        (@instHPow.{0, 0} Real Nat
                          (@Monoid.toNatPow.{0} Real
                            (@MonoidWithZero.toMonoid.{0} Real
                              (@Semiring.toMonoidWithZero.{0} Real
                                (@CommSemiring.toSemiring.{0} Real Real.instCommSemiring)))))
                        M
                        (@Nat.rawCast.{0} Nat
                          (@AddCommMonoidWithOne.toAddMonoidWithOne.{0} Nat
                            (@NonAssocSemiring.toAddCommMonoidWithOne.{0} Nat
                              (@Semiring.toNonAssocSemiring.{0} Nat
                                (@CommSemiring.toSemiring.{0} Nat Nat.instCommSemiring))))
                          (nat_lit 1)))
                      (@Nat.rawCast.{0} Real
                        (@AddCommMonoidWithOne.toAddMonoidWithOne.{0} Real
                          (@NonAssocSemiring.toAddCommMonoidWithOne.{0} Real
                            (@Semiring.toNonAssocSemiring.{0} Real
                              (@CommSemiring.toSemiring.{0} Real Real.instCommSemiring))))
                        (nat_lit 1)))
                    (@OfNat.ofNat.{0} Real (nat_lit 0)
                      (@Zero.toOfNat0.{0} Real
                        (@MulZeroClass.toZero.{0} Real
                          (@NonUnitalNonAssocSemiring.toMulZeroClass.{0} Real
                            (@NonAssocSemiring.toNonUnitalNonAssocSemiring.{0} Real
                              (@Semiring.toNonAssocSemiring.{0} Real
                                (@CommSemiring.toSemiring.{0} Real Real.instCommSemiring))))))))
                  (f a)
                  (@HAdd.hAdd.{0, 0, 0} Real Real Real
                    (@instHAdd.{0} Real
                      (@Distrib.toAdd.{0} Real
                        (@NonUnitalNonAssocSemiring.toDistrib.{0} Real
                          (@NonAssocSemiring.toNonUnitalNonAssocSemiring.{0} Real
                            (@Semiring.toNonAssocSemiring.{0} Real
                              (@CommSemiring.toSemiring.{0} Real Real.instCommSemiring))))))
                    (@HMul.hMul.{0, 0, 0} Real Real Real
                      (@instHMul.{0} Real
                        (@Distrib.toMul.{0} Real
                          (@NonUnitalNonAssocSemiring.toDistrib.{0} Real
                            (@NonAssocSemiring.toNonUnitalNonAssocSemiring.{0} Real
                              (@Semiring.toNonAssocSemiring.{0} Real
                                (@CommSemiring.toSemiring.{0} Real Real.instCommSemiring))))))
                      (@HPow.hPow.{0, 0, 0} Real Nat Real
                        (@instHPow.{0, 0} Real Nat
                          (@Monoid.toNatPow.{0} Real
                            (@MonoidWithZero.toMonoid.{0} Real
                              (@Semiring.toMonoidWithZero.{0} Real
                                (@CommSemiring.toSemiring.{0} Real Real.instCommSemiring)))))
                        (f a)
                        (@Nat.rawCast.{0} Nat
                          (@AddCommMonoidWithOne.toAddMonoidWithOne.{0} Nat
                            (@NonAssocSemiring.toAddCommMonoidWithOne.{0} Nat
                              (@Semiring.toNonAssocSemiring.{0} Nat
                                (@CommSemiring.toSemiring.{0} Nat Nat.instCommSemiring))))
                          (nat_lit 1)))
                      (@Nat.rawCast.{0} Real
                        (@AddCommMonoidWithOne.toAddMonoidWithOne.{0} Real
                          (@NonAssocSemiring.toAddCommMonoidWithOne.{0} Real
                            (@Semiring.toNonAssocSemiring.{0} Real
                              (@CommSemiring.toSemiring.{0} Real Real.instCommSemiring))))
                        (nat_lit 1)))
                    (@OfNat.ofNat.{0} Real (nat_lit 0)
                      (@Zero.toOfNat0.{0} Real
                        (@MulZeroClass.toZero.{0} Real
                          (@NonUnitalNonAssocSemiring.toMulZeroClass.{0} Real
                            (@NonAssocSemiring.toNonUnitalNonAssocSemiring.{0} Real
                              (@Semiring.toNonAssocSemiring.{0} Real
                                (@CommSemiring.toSemiring.{0} Real Real.instCommSemiring))))))))
                  (@HAdd.hAdd.{0, 0, 0} Real Real Real
                    (@instHAdd.{0} Real
                      (@Distrib.toAdd.{0} Real
                        (@NonUnitalNonAssocSemiring.toDistrib.{0} Real
                          (@NonAssocSemiring.toNonUnitalNonAssocSemiring.{0} Real
                            (@Semiring.toNonAssocSemiring.{0} Real
                              (@CommSemiring.toSemiring.{0} Real Real.instCommSemiring))))))
                    (@HMul.hMul.{0, 0, 0} Real Real Real
                      (@instHMul.{0} Real
                        (@Distrib.toMul.{0} Real
                          (@NonUnitalNonAssocSemiring.toDistrib.{0} Real
                            (@NonAssocSemiring.toNonUnitalNonAssocSemiring.{0} Real
                              (@Semiring.toNonAssocSemiring.{0} Real
                                (@CommSemiring.toSemiring.{0} Real Real.instCommSemiring))))))
                      (@HPow.hPow.{0, 0, 0} Real Nat Real
                        (@instHPow.{0, 0} Real Nat
                          (@Monoid.toNatPow.{0} Real
                            (@MonoidWithZero.toMonoid.{0} Real
                              (@Semiring.toMonoidWithZero.{0} Real
                                (@CommSemiring.toSemiring.{0} Real Real.instCommSemiring)))))
                        M
                        (@Nat.rawCast.{0} Nat
                          (@AddCommMonoidWithOne.toAddMonoidWithOne.{0} Nat
                            (@NonAssocSemiring.toAddCommMonoidWithOne.{0} Nat
                              (@Semiring.toNonAssocSemiring.{0} Nat
                                (@CommSemiring.toSemiring.{0} Nat Nat.instCommSemiring))))
                          (nat_lit 1)))
                      (@Nat.rawCast.{0} Real
                        (@AddCommMonoidWithOne.toAddMonoidWithOne.{0} Real
                          (@NonAssocSemiring.toAddCommMonoidWithOne.{0} Real
                            (@Semiring.toNonAssocSemiring.{0} Real
                              (@CommSemiring.toSemiring.{0} Real Real.instCommSemiring))))
                        (nat_lit 1)))
                    (@HAdd.hAdd.{0, 0, 0} Real Real Real
                      (@instHAdd.{0} Real
                        (@Distrib.toAdd.{0} Real
                          (@NonUnitalNonAssocSemiring.toDistrib.{0} Real
                            (@NonAssocSemiring.toNonUnitalNonAssocSemiring.{0} Real
                              (@Semiring.toNonAssocSemiring.{0} Real
                                (@CommSemiring.toSemiring.{0} Real Real.instCommSemiring))))))
                      (@HMul.hMul.{0, 0, 0} Real Real Real
                        (@instHMul.{0} Real
                          (@Distrib.toMul.{0} Real
                            (@NonUnitalNonAssocSemiring.toDistrib.{0} Real
                              (@NonAssocSemiring.toNonUnitalNonAssocSemiring.{0} Real
                                (@Semiring.toNonAssocSemiring.{0} Real
                                  (@CommSemiring.toSemiring.{0} Real Real.instCommSemiring))))))
                        (@HPow.hPow.{0, 0, 0} Real Nat Real
                          (@instHPow.{0, 0} Real Nat
                            (@Monoid.toNatPow.{0} Real
                              (@MonoidWithZero.toMonoid.{0} Real
                                (@Semiring.toMonoidWithZero.{0} Real
                                  (@CommSemiring.toSemiring.{0} Real Real.instCommSemiring)))))
                          (f a)
                          (@Nat.rawCast.{0} Nat
                            (@AddCommMonoidWithOne.toAddMonoidWithOne.{0} Nat
                              (@NonAssocSemiring.toAddCommMonoidWithOne.{0} Nat
                                (@Semiring.toNonAssocSemiring.{0} Nat
                                  (@CommSemiring.toSemiring.{0} Nat Nat.instCommSemiring))))
                            (nat_lit 1)))
                        (@Int.rawCast.{0} Real (@CommRing.toRing.{0} Real Real.commRing) (Int.negOfNat (nat_lit 1))))
                      (@OfNat.ofNat.{0} Real (nat_lit 0)
                        (@Zero.toOfNat0.{0} Real
                          (@MulZeroClass.toZero.{0} Real
                            (@NonUnitalNonAssocSemiring.toMulZeroClass.{0} Real
                              (@NonAssocSemiring.toNonUnitalNonAssocSemiring.{0} Real
                                (@Semiring.toNonAssocSemiring.{0} Real
                                  (@CommSemiring.toSemiring.{0} Real Real.instCommSemiring)))))))))
                  (@Mathlib.Tactic.Ring.atom_pf.{0} Real Real.instCommSemiring M)
                  (@Mathlib.Tactic.Ring.atom_pf.{0} Real Real.instCommSemiring (f a))
                  (@Mathlib.Tactic.Ring.sub_pf.{0} Real Real.commRing
                    (@HAdd.hAdd.{0, 0, 0} Real Real Real
                      (@instHAdd.{0} Real
                        (@Distrib.toAdd.{0} Real
                          (@NonUnitalNonAssocSemiring.toDistrib.{0} Real
                            (@NonAssocSemiring.toNonUnitalNonAssocSemiring.{0} Real
                              (@Semiring.toNonAssocSemiring.{0} Real
                                (@CommSemiring.toSemiring.{0} Real Real.instCommSemiring))))))
                      (@HMul.hMul.{0, 0, 0} Real Real Real
                        (@instHMul.{0} Real
                          (@Distrib.toMul.{0} Real
                            (@NonUnitalNonAssocSemiring.toDistrib.{0} Real
                              (@NonAssocSemiring.toNonUnitalNonAssocSemiring.{0} Real
                                (@Semiring.toNonAssocSemiring.{0} Real
                                  (@CommSemiring.toSemiring.{0} Real Real.instCommSemiring))))))
                        (@HPow.hPow.{0, 0, 0} Real Nat Real
                          (@instHPow.{0, 0} Real Nat
                            (@Monoid.toNatPow.{0} Real
                              (@MonoidWithZero.toMonoid.{0} Real
                                (@Semiring.toMonoidWithZero.{0} Real
                                  (@CommSemiring.toSemiring.{0} Real Real.instCommSemiring)))))
                          M
                          (@Nat.rawCast.{0} Nat
                            (@AddCommMonoidWithOne.toAddMonoidWithOne.{0} Nat
                              (@NonAssocSemiring.toAddCommMonoidWithOne.{0} Nat
                                (@Semiring.toNonAssocSemiring.{0} Nat
                                  (@CommSemiring.toSemiring.{0} Nat Nat.instCommSemiring))))
                            (nat_lit 1)))
                        (@Nat.rawCast.{0} Real
                          (@AddCommMonoidWithOne.toAddMonoidWithOne.{0} Real
                            (@NonAssocSemiring.toAddCommMonoidWithOne.{0} Real
                              (@Semiring.toNonAssocSemiring.{0} Real
                                (@CommSemiring.toSemiring.{0} Real Real.instCommSemiring))))
                          (nat_lit 1)))
                      (@OfNat.ofNat.{0} Real (nat_lit 0)
                        (@Zero.toOfNat0.{0} Real
                          (@MulZeroClass.toZero.{0} Real
                            (@NonUnitalNonAssocSemiring.toMulZeroClass.{0} Real
                              (@NonAssocSemiring.toNonUnitalNonAssocSemiring.{0} Real
                                (@Semiring.toNonAssocSemiring.{0} Real
                                  (@CommSemiring.toSemiring.{0} Real Real.instCommSemiring))))))))
                    (@HAdd.hAdd.{0, 0, 0} Real Real Real
                      (@instHAdd.{0} Real
                        (@Distrib.toAdd.{0} Real
                          (@NonUnitalNonAssocSemiring.toDistrib.{0} Real
                            (@NonAssocSemiring.toNonUnitalNonAssocSemiring.{0} Real
                              (@Semiring.toNonAssocSemiring.{0} Real
                                (@CommSemiring.toSemiring.{0} Real Real.instCommSemiring))))))
                      (@HMul.hMul.{0, 0, 0} Real Real Real
                        (@instHMul.{0} Real
                          (@Distrib.toMul.{0} Real
                            (@NonUnitalNonAssocSemiring.toDistrib.{0} Real
                              (@NonAssocSemiring.toNonUnitalNonAssocSemiring.{0} Real
                                (@Semiring.toNonAssocSemiring.{0} Real
                                  (@CommSemiring.toSemiring.{0} Real Real.instCommSemiring))))))
                        (@HPow.hPow.{0, 0, 0} Real Nat Real
                          (@instHPow.{0, 0} Real Nat
                            (@Monoid.toNatPow.{0} Real
                              (@MonoidWithZero.toMonoid.{0} Real
                                (@Semiring.toMonoidWithZero.{0} Real
                                  (@CommSemiring.toSemiring.{0} Real Real.instCommSemiring)))))
                          (f a)
                          (@Nat.rawCast.{0} Nat
                            (@AddCommMonoidWithOne.toAddMonoidWithOne.{0} Nat
                              (@NonAssocSemiring.toAddCommMonoidWithOne.{0} Nat
                                (@Semiring.toNonAssocSemiring.{0} Nat
                                  (@CommSemiring.toSemiring.{0} Nat Nat.instCommSemiring))))
                            (nat_lit 1)))
                        (@Nat.rawCast.{0} Real
                          (@AddCommMonoidWithOne.toAddMonoidWithOne.{0} Real
                            (@NonAssocSemiring.toAddCommMonoidWithOne.{0} Real
                              (@Semiring.toNonAssocSemiring.{0} Real
                                (@CommSemiring.toSemiring.{0} Real Real.instCommSemiring))))
                          (nat_lit 1)))
                      (@OfNat.ofNat.{0} Real (nat_lit 0)
                        (@Zero.toOfNat0.{0} Real
                          (@MulZeroClass.toZero.{0} Real
                            (@NonUnitalNonAssocSemiring.toMulZeroClass.{0} Real
                              (@NonAssocSemiring.toNonUnitalNonAssocSemiring.{0} Real
                                (@Semiring.toNonAssocSemiring.{0} Real
                                  (@CommSemiring.toSemiring.{0} Real Real.instCommSemiring))))))))
                    (@HAdd.hAdd.{0, 0, 0} Real Real Real
                      (@instHAdd.{0} Real
                        (@Distrib.toAdd.{0} Real
                          (@NonUnitalNonAssocSemiring.toDistrib.{0} Real
                            (@NonAssocSemiring.toNonUnitalNonAssocSemiring.{0} Real
                              (@Semiring.toNonAssocSemiring.{0} Real
                                (@CommSemiring.toSemiring.{0} Real Real.instCommSemiring))))))
                      (@HMul.hMul.{0, 0, 0} Real Real Real
                        (@instHMul.{0} Real
                          (@Distrib.toMul.{0} Real
                            (@NonUnitalNonAssocSemiring.toDistrib.{0} Real
                              (@NonAssocSemiring.toNonUnitalNonAssocSemiring.{0} Real
                                (@Semiring.toNonAssocSemiring.{0} Real
                                  (@CommSemiring.toSemiring.{0} Real Real.instCommSemiring))))))
                        (@HPow.hPow.{0, 0, 0} Real Nat Real
                          (@instHPow.{0, 0} Real Nat
                            (@Monoid.toNatPow.{0} Real
                              (@MonoidWithZero.toMonoid.{0} Real
                                (@Semiring.toMonoidWithZero.{0} Real
                                  (@CommSemiring.toSemiring.{0} Real Real.instCommSemiring)))))
                          (f a)
                          (@Nat.rawCast.{0} Nat
                            (@AddCommMonoidWithOne.toAddMonoidWithOne.{0} Nat
                              (@NonAssocSemiring.toAddCommMonoidWithOne.{0} Nat
                                (@Semiring.toNonAssocSemiring.{0} Nat
                                  (@CommSemiring.toSemiring.{0} Nat Nat.instCommSemiring))))
                            (nat_lit 1)))
                        (@Int.rawCast.{0} Real (@CommRing.toRing.{0} Real Real.commRing) (Int.negOfNat (nat_lit 1))))
                      (@OfNat.ofNat.{0} Real (nat_lit 0)
                        (@Zero.toOfNat0.{0} Real
                          (@MulZeroClass.toZero.{0} Real
                            (@NonUnitalNonAssocSemiring.toMulZeroClass.{0} Real
                              (@NonAssocSemiring.toNonUnitalNonAssocSemiring.{0} Real
                                (@Semiring.toNonAssocSemiring.{0} Real
                                  (@CommSemiring.toSemiring.{0} Real Real.instCommSemiring))))))))
                    (@HAdd.hAdd.{0, 0, 0} Real Real Real
                      (@instHAdd.{0} Real
                        (@Distrib.toAdd.{0} Real
                          (@NonUnitalNonAssocSemiring.toDistrib.{0} Real
                            (@NonAssocSemiring.toNonUnitalNonAssocSemiring.{0} Real
                              (@Semiring.toNonAssocSemiring.{0} Real
                                (@CommSemiring.toSemiring.{0} Real Real.instCommSemiring))))))
                      (@HMul.hMul.{0, 0, 0} Real Real Real
                        (@instHMul.{0} Real
                          (@Distrib.toMul.{0} Real
                            (@NonUnitalNonAssocSemiring.toDistrib.{0} Real
                              (@NonAssocSemiring.toNonUnitalNonAssocSemiring.{0} Real
                                (@Semiring.toNonAssocSemiring.{0} Real
                                  (@CommSemiring.toSemiring.{0} Real Real.instCommSemiring))))))
                        (@HPow.hPow.{0, 0, 0} Real Nat Real
                          (@instHPow.{0, 0} Real Nat
                            (@Monoid.toNatPow.{0} Real
                              (@MonoidWithZero.toMonoid.{0} Real
                                (@Semiring.toMonoidWithZero.{0} Real
                                  (@CommSemiring.toSemiring.{0} Real Real.instCommSemiring)))))
                          M
                          (@Nat.rawCast.{0} Nat
                            (@AddCommMonoidWithOne.toAddMonoidWithOne.{0} Nat
                              (@NonAssocSemiring.toAddCommMonoidWithOne.{0} Nat
                                (@Semiring.toNonAssocSemiring.{0} Nat
                                  (@CommSemiring.toSemiring.{0} Nat Nat.instCommSemiring))))
                            (nat_lit 1)))
                        (@Nat.rawCast.{0} Real
                          (@AddCommMonoidWithOne.toAddMonoidWithOne.{0} Real
                            (@NonAssocSemiring.toAddCommMonoidWithOne.{0} Real
                              (@Semiring.toNonAssocSemiring.{0} Real
                                (@CommSemiring.toSemiring.{0} Real Real.instCommSemiring))))
                          (nat_lit 1)))
                      (@HAdd.hAdd.{0, 0, 0} Real Real Real
                        (@instHAdd.{0} Real
                          (@Distrib.toAdd.{0} Real
                            (@NonUnitalNonAssocSemiring.toDistrib.{0} Real
                              (@NonAssocSemiring.toNonUnitalNonAssocSemiring.{0} Real
                                (@Semiring.toNonAssocSemiring.{0} Real
                                  (@CommSemiring.toSemiring.{0} Real Real.instCommSemiring))))))
                        (@HMul.hMul.{0, 0, 0} Real Real Real
                          (@instHMul.{0} Real
                            (@Distrib.toMul.{0} Real
                              (@NonUnitalNonAssocSemiring.toDistrib.{0} Real
                                (@NonAssocSemiring.toNonUnitalNonAssocSemiring.{0} Real
                                  (@Semiring.toNonAssocSemiring.{0} Real
                                    (@CommSemiring.toSemiring.{0} Real Real.instCommSemiring))))))
                          (@HPow.hPow.{0, 0, 0} Real Nat Real
                            (@instHPow.{0, 0} Real Nat
                              (@Monoid.toNatPow.{0} Real
                                (@MonoidWithZero.toMonoid.{0} Real
                                  (@Semiring.toMonoidWithZero.{0} Real
                                    (@CommSemiring.toSemiring.{0} Real Real.instCommSemiring)))))
                            (f a)
                            (@Nat.rawCast.{0} Nat
                              (@AddCommMonoidWithOne.toAddMonoidWithOne.{0} Nat
                                (@NonAssocSemiring.toAddCommMonoidWithOne.{0} Nat
                                  (@Semiring.toNonAssocSemiring.{0} Nat
                                    (@CommSemiring.toSemiring.{0} Nat Nat.instCommSemiring))))
                              (nat_lit 1)))
                          (@Int.rawCast.{0} Real (@CommRing.toRing.{0} Real Real.commRing) (Int.negOfNat (nat_lit 1))))
                        (@OfNat.ofNat.{0} Real (nat_lit 0)
                          (@Zero.toOfNat0.{0} Real
                            (@MulZeroClass.toZero.{0} Real
                              (@NonUnitalNonAssocSemiring.toMulZeroClass.{0} Real
                                (@NonAssocSemiring.toNonUnitalNonAssocSemiring.{0} Real
                                  (@Semiring.toNonAssocSemiring.{0} Real
                                    (@CommSemiring.toSemiring.{0} Real Real.instCommSemiring)))))))))
                    (@Mathlib.Tactic.Ring.neg_add.{0} Real Real.commRing
                      (@HMul.hMul.{0, 0, 0} Real Real Real
                        (@instHMul.{0} Real
                          (@Distrib.toMul.{0} Real
                            (@NonUnitalNonAssocSemiring.toDistrib.{0} Real
                              (@NonAssocSemiring.toNonUnitalNonAssocSemiring.{0} Real
                                (@Semiring.toNonAssocSemiring.{0} Real
                                  (@CommSemiring.toSemiring.{0} Real Real.instCommSemiring))))))
                        (@HPow.hPow.{0, 0, 0} Real Nat Real
                          (@instHPow.{0, 0} Real Nat
                            (@Monoid.toNatPow.{0} Real
                              (@MonoidWithZero.toMonoid.{0} Real
                                (@Semiring.toMonoidWithZero.{0} Real
                                  (@CommSemiring.toSemiring.{0} Real Real.instCommSemiring)))))
                          (f a)
                          (@Nat.rawCast.{0} Nat
                            (@AddCommMonoidWithOne.toAddMonoidWithOne.{0} Nat
                              (@NonAssocSemiring.toAddCommMonoidWithOne.{0} Nat
                                (@Semiring.toNonAssocSemiring.{0} Nat
                                  (@CommSemiring.toSemiring.{0} Nat Nat.instCommSemiring))))
                            (nat_lit 1)))
                        (@Nat.rawCast.{0} Real
                          (@AddCommMonoidWithOne.toAddMonoidWithOne.{0} Real
                            (@NonAssocSemiring.toAddCommMonoidWithOne.{0} Real
                              (@Semiring.toNonAssocSemiring.{0} Real
                                (@CommSemiring.toSemiring.{0} Real Real.instCommSemiring))))
                          (nat_lit 1)))
                      (@OfNat.ofNat.{0} Real (nat_lit 0)
                        (@Zero.toOfNat0.{0} Real
                          (@MulZeroClass.toZero.{0} Real
                            (@NonUnitalNonAssocSemiring.toMulZeroClass.{0} Real
                              (@NonAssocSemiring.toNonUnitalNonAssocSemiring.{0} Real
                                (@Semiring.toNonAssocSemiring.{0} Real
                                  (@CommSemiring.toSemiring.{0} Real Real.instCommSemiring)))))))
                      (@HMul.hMul.{0, 0, 0} Real Real Real
                        (@instHMul.{0} Real
                          (@Distrib.toMul.{0} Real
                            (@NonUnitalNonAssocSemiring.toDistrib.{0} Real
                              (@NonAssocSemiring.toNonUnitalNonAssocSemiring.{0} Real
                                (@Semiring.toNonAssocSemiring.{0} Real
                                  (@CommSemiring.toSemiring.{0} Real Real.instCommSemiring))))))
                        (@HPow.hPow.{0, 0, 0} Real Nat Real
                          (@instHPow.{0, 0} Real Nat
                            (@Monoid.toNatPow.{0} Real
                              (@MonoidWithZero.toMonoid.{0} Real
                                (@Semiring.toMonoidWithZero.{0} Real
                                  (@CommSemiring.toSemiring.{0} Real Real.instCommSemiring)))))
                          (f a)
                          (@Nat.rawCast.{0} Nat
                            (@AddCommMonoidWithOne.toAddMonoidWithOne.{0} Nat
                              (@NonAssocSemiring.toAddCommMonoidWithOne.{0} Nat
                                (@Semiring.toNonAssocSemiring.{0} Nat
                                  (@CommSemiring.toSemiring.{0} Nat Nat.instCommSemiring))))
                            (nat_lit 1)))
                        (@Int.rawCast.{0} Real (@CommRing.toRing.{0} Real Real.commRing) (Int.negOfNat (nat_lit 1))))
                      (@OfNat.ofNat.{0} Real (nat_lit 0)
                        (@Zero.toOfNat0.{0} Real
                          (@MulZeroClass.toZero.{0} Real
                            (@NonUnitalNonAssocSemiring.toMulZeroClass.{0} Real
                              (@NonAssocSemiring.toNonUnitalNonAssocSemiring.{0} Real
                                (@Semiring.toNonAssocSemiring.{0} Real
                                  (@CommSemiring.toSemiring.{0} Real Real.instCommSemiring)))))))
                      (@Mathlib.Tactic.Ring.neg_mul.{0} Real Real.commRing (f a)
                        (@Nat.rawCast.{0} Nat
                          (@AddCommMonoidWithOne.toAddMonoidWithOne.{0} Nat
                            (@NonAssocSemiring.toAddCommMonoidWithOne.{0} Nat
                              (@Semiring.toNonAssocSemiring.{0} Nat
                                (@CommSemiring.toSemiring.{0} Nat Nat.instCommSemiring))))
                          (nat_lit 1))
                        (@Nat.rawCast.{0} Real
                          (@AddCommMonoidWithOne.toAddMonoidWithOne.{0} Real
                            (@NonAssocSemiring.toAddCommMonoidWithOne.{0} Real
                              (@Semiring.toNonAssocSemiring.{0} Real
                                (@CommSemiring.toSemiring.{0} Real Real.instCommSemiring))))
                          (nat_lit 1))
                        (@Int.rawCast.{0} Real (@CommRing.toRing.{0} Real Real.commRing) (Int.negOfNat (nat_lit 1)))
                        (@Mathlib.Tactic.Ring.neg_one_mul.{0} Real Real.commRing
                          (@Nat.rawCast.{0} Real
                            (@AddCommMonoidWithOne.toAddMonoidWithOne.{0} Real
                              (@NonAssocSemiring.toAddCommMonoidWithOne.{0} Real
                                (@Semiring.toNonAssocSemiring.{0} Real
                                  (@CommSemiring.toSemiring.{0} Real Real.instCommSemiring))))
                            (nat_lit 1))
                          (@Int.rawCast.{0} Real (@CommRing.toRing.{0} Real Real.commRing) (Int.negOfNat (nat_lit 1)))
                          (@Mathlib.Meta.NormNum.IsInt.to_raw_eq.{0} Real
                            (@HMul.hMul.{0, 0, 0} Real Real Real
                              (@instHMul.{0} Real
                                (@Distrib.toMul.{0} Real
                                  (@NonUnitalNonAssocSemiring.toDistrib.{0} Real
                                    (@NonAssocSemiring.toNonUnitalNonAssocSemiring.{0} Real
                                      (@Semiring.toNonAssocSemiring.{0} Real
                                        (@CommSemiring.toSemiring.{0} Real Real.instCommSemiring))))))
                              (@Int.rawCast.{0} Real (@CommRing.toRing.{0} Real Real.commRing)
                                (Int.negOfNat (nat_lit 1)))
                              (@Nat.rawCast.{0} Real
                                (@AddCommMonoidWithOne.toAddMonoidWithOne.{0} Real
                                  (@NonAssocSemiring.toAddCommMonoidWithOne.{0} Real
                                    (@Semiring.toNonAssocSemiring.{0} Real
                                      (@CommSemiring.toSemiring.{0} Real Real.instCommSemiring))))
                                (nat_lit 1)))
                            (Int.negOfNat (nat_lit 1)) (@CommRing.toRing.{0} Real Real.commRing)
                            (@Mathlib.Meta.NormNum.isInt_mul.{0} Real (@CommRing.toRing.{0} Real Real.commRing)
                              (@HMul.hMul.{0, 0, 0} Real Real Real
                                (@instHMul.{0} Real
                                  (@Distrib.toMul.{0} Real
                                    (@NonUnitalNonAssocSemiring.toDistrib.{0} Real
                                      (@NonUnitalNonAssocRing.toNonUnitalNonAssocSemiring.{0} Real
                                        (@NonAssocRing.toNonUnitalNonAssocRing.{0} Real
                                          (@Ring.toNonAssocRing.{0} Real
                                            (@CommRing.toRing.{0} Real Real.commRing))))))))
                              (@Int.rawCast.{0} Real (@CommRing.toRing.{0} Real Real.commRing)
                                (Int.negOfNat (nat_lit 1)))
                              (@Nat.rawCast.{0} Real
                                (@AddCommMonoidWithOne.toAddMonoidWithOne.{0} Real
                                  (@NonAssocSemiring.toAddCommMonoidWithOne.{0} Real
                                    (@Semiring.toNonAssocSemiring.{0} Real
                                      (@CommSemiring.toSemiring.{0} Real Real.instCommSemiring))))
                                (nat_lit 1))
                              (Int.negOfNat (nat_lit 1)) (Int.ofNat (nat_lit 1)) (Int.negOfNat (nat_lit 1))
                              (@Eq.refl.{1} ((a a : Real) → Real)
                                (@HMul.hMul.{0, 0, 0} Real Real Real
                                  (@instHMul.{0} Real
                                    (@Distrib.toMul.{0} Real
                                      (@NonUnitalNonAssocSemiring.toDistrib.{0} Real
                                        (@NonUnitalNonAssocRing.toNonUnitalNonAssocSemiring.{0} Real
                                          (@NonAssocRing.toNonUnitalNonAssocRing.{0} Real
                                            (@Ring.toNonAssocRing.{0} Real
                                              (@CommRing.toRing.{0} Real Real.commRing)))))))))
                              (@Mathlib.Meta.NormNum.IsInt.of_raw.{0} Real (@CommRing.toRing.{0} Real Real.commRing)
                                (Int.negOfNat (nat_lit 1)))
                              (@Mathlib.Meta.NormNum.IsNat.to_isInt.{0} Real (@CommRing.toRing.{0} Real Real.commRing)
                                (@Nat.rawCast.{0} Real
                                  (@AddCommMonoidWithOne.toAddMonoidWithOne.{0} Real
                                    (@NonAssocSemiring.toAddCommMonoidWithOne.{0} Real
                                      (@Semiring.toNonAssocSemiring.{0} Real
                                        (@CommSemiring.toSemiring.{0} Real Real.instCommSemiring))))
                                  (nat_lit 1))
                                (nat_lit 1)
                                (@Mathlib.Meta.NormNum.IsNat.of_raw.{0} Real
                                  (@AddCommMonoidWithOne.toAddMonoidWithOne.{0} Real
                                    (@NonAssocSemiring.toAddCommMonoidWithOne.{0} Real
                                      (@Semiring.toNonAssocSemiring.{0} Real
                                        (@CommSemiring.toSemiring.{0} Real Real.instCommSemiring))))
                                  (nat_lit 1)))
                              (@Eq.refl.{1} Int (Int.negOfNat (nat_lit 1)))))))
                      (@Mathlib.Tactic.Ring.neg_zero.{0} Real Real.commRing))
                    (@Mathlib.Tactic.Ring.add_pf_add_lt.{0} Real Real.instCommSemiring
                      (@OfNat.ofNat.{0} Real (nat_lit 0)
                        (@Zero.toOfNat0.{0} Real
                          (@MulZeroClass.toZero.{0} Real
                            (@NonUnitalNonAssocSemiring.toMulZeroClass.{0} Real
                              (@NonAssocSemiring.toNonUnitalNonAssocSemiring.{0} Real
                                (@Semiring.toNonAssocSemiring.{0} Real
                                  (@CommSemiring.toSemiring.{0} Real Real.instCommSemiring)))))))
                      (@HAdd.hAdd.{0, 0, 0} Real Real Real
                        (@instHAdd.{0} Real
                          (@Distrib.toAdd.{0} Real
                            (@NonUnitalNonAssocSemiring.toDistrib.{0} Real
                              (@NonAssocSemiring.toNonUnitalNonAssocSemiring.{0} Real
                                (@Semiring.toNonAssocSemiring.{0} Real
                                  (@CommSemiring.toSemiring.{0} Real Real.instCommSemiring))))))
                        (@HMul.hMul.{0, 0, 0} Real Real Real
                          (@instHMul.{0} Real
                            (@Distrib.toMul.{0} Real
                              (@NonUnitalNonAssocSemiring.toDistrib.{0} Real
                                (@NonAssocSemiring.toNonUnitalNonAssocSemiring.{0} Real
                                  (@Semiring.toNonAssocSemiring.{0} Real
                                    (@CommSemiring.toSemiring.{0} Real Real.instCommSemiring))))))
                          (@HPow.hPow.{0, 0, 0} Real Nat Real
                            (@instHPow.{0, 0} Real Nat
                              (@Monoid.toNatPow.{0} Real
                                (@MonoidWithZero.toMonoid.{0} Real
                                  (@Semiring.toMonoidWithZero.{0} Real
                                    (@CommSemiring.toSemiring.{0} Real Real.instCommSemiring)))))
                            (f a)
                            (@Nat.rawCast.{0} Nat
                              (@AddCommMonoidWithOne.toAddMonoidWithOne.{0} Nat
                                (@NonAssocSemiring.toAddCommMonoidWithOne.{0} Nat
                                  (@Semiring.toNonAssocSemiring.{0} Nat
                                    (@CommSemiring.toSemiring.{0} Nat Nat.instCommSemiring))))
                              (nat_lit 1)))
                          (@Int.rawCast.{0} Real (@CommRing.toRing.{0} Real Real.commRing) (Int.negOfNat (nat_lit 1))))
                        (@OfNat.ofNat.{0} Real (nat_lit 0)
                          (@Zero.toOfNat0.{0} Real
                            (@MulZeroClass.toZero.{0} Real
                              (@NonUnitalNonAssocSemiring.toMulZeroClass.{0} Real
                                (@NonAssocSemiring.toNonUnitalNonAssocSemiring.{0} Real
                                  (@Semiring.toNonAssocSemiring.{0} Real
                                    (@CommSemiring.toSemiring.{0} Real Real.instCommSemiring))))))))
                      (@HAdd.hAdd.{0, 0, 0} Real Real Real
                        (@instHAdd.{0} Real
                          (@Distrib.toAdd.{0} Real
                            (@NonUnitalNonAssocSemiring.toDistrib.{0} Real
                              (@NonAssocSemiring.toNonUnitalNonAssocSemiring.{0} Real
                                (@Semiring.toNonAssocSemiring.{0} Real
                                  (@CommSemiring.toSemiring.{0} Real Real.instCommSemiring))))))
                        (@HMul.hMul.{0, 0, 0} Real Real Real
                          (@instHMul.{0} Real
                            (@Distrib.toMul.{0} Real
                              (@NonUnitalNonAssocSemiring.toDistrib.{0} Real
                                (@NonAssocSemiring.toNonUnitalNonAssocSemiring.{0} Real
                                  (@Semiring.toNonAssocSemiring.{0} Real
                                    (@CommSemiring.toSemiring.{0} Real Real.instCommSemiring))))))
                          (@HPow.hPow.{0, 0, 0} Real Nat Real
                            (@instHPow.{0, 0} Real Nat
                              (@Monoid.toNatPow.{0} Real
                                (@MonoidWithZero.toMonoid.{0} Real
                                  (@Semiring.toMonoidWithZero.{0} Real
                                    (@CommSemiring.toSemiring.{0} Real Real.instCommSemiring)))))
                            (f a)
                            (@Nat.rawCast.{0} Nat
                              (@AddCommMonoidWithOne.toAddMonoidWithOne.{0} Nat
                                (@NonAssocSemiring.toAddCommMonoidWithOne.{0} Nat
                                  (@Semiring.toNonAssocSemiring.{0} Nat
                                    (@CommSemiring.toSemiring.{0} Nat Nat.instCommSemiring))))
                              (nat_lit 1)))
                          (@Int.rawCast.{0} Real (@CommRing.toRing.{0} Real Real.commRing) (Int.negOfNat (nat_lit 1))))
                        (@OfNat.ofNat.{0} Real (nat_lit 0)
                          (@Zero.toOfNat0.{0} Real
                            (@MulZeroClass.toZero.{0} Real
                              (@NonUnitalNonAssocSemiring.toMulZeroClass.{0} Real
                                (@NonAssocSemiring.toNonUnitalNonAssocSemiring.{0} Real
                                  (@Semiring.toNonAssocSemiring.{0} Real
                                    (@CommSemiring.toSemiring.{0} Real Real.instCommSemiring))))))))
                      (@HMul.hMul.{0, 0, 0} Real Real Real
                        (@instHMul.{0} Real
                          (@Distrib.toMul.{0} Real
                            (@NonUnitalNonAssocSemiring.toDistrib.{0} Real
                              (@NonAssocSemiring.toNonUnitalNonAssocSemiring.{0} Real
                                (@Semiring.toNonAssocSemiring.{0} Real
                                  (@CommSemiring.toSemiring.{0} Real Real.instCommSemiring))))))
                        (@HPow.hPow.{0, 0, 0} Real Nat Real
                          (@instHPow.{0, 0} Real Nat
                            (@Monoid.toNatPow.{0} Real
                              (@MonoidWithZero.toMonoid.{0} Real
                                (@Semiring.toMonoidWithZero.{0} Real
                                  (@CommSemiring.toSemiring.{0} Real Real.instCommSemiring)))))
                          M
                          (@Nat.rawCast.{0} Nat
                            (@AddCommMonoidWithOne.toAddMonoidWithOne.{0} Nat
                              (@NonAssocSemiring.toAddCommMonoidWithOne.{0} Nat
                                (@Semiring.toNonAssocSemiring.{0} Nat
                                  (@CommSemiring.toSemiring.{0} Nat Nat.instCommSemiring))))
                            (nat_lit 1)))
                        (@Nat.rawCast.{0} Real
                          (@AddCommMonoidWithOne.toAddMonoidWithOne.{0} Real
                            (@NonAssocSemiring.toAddCommMonoidWithOne.{0} Real
                              (@Semiring.toNonAssocSemiring.{0} Real
                                (@CommSemiring.toSemiring.{0} Real Real.instCommSemiring))))
                          (nat_lit 1)))
                      (@Mathlib.Tactic.Ring.add_pf_zero_add.{0} Real Real.instCommSemiring
                        (@HAdd.hAdd.{0, 0, 0} Real Real Real
                          (@instHAdd.{0} Real
                            (@Distrib.toAdd.{0} Real
                              (@NonUnitalNonAssocSemiring.toDistrib.{0} Real
                                (@NonAssocSemiring.toNonUnitalNonAssocSemiring.{0} Real
                                  (@Semiring.toNonAssocSemiring.{0} Real
                                    (@CommSemiring.toSemiring.{0} Real Real.instCommSemiring))))))
                          (@HMul.hMul.{0, 0, 0} Real Real Real
                            (@instHMul.{0} Real
                              (@Distrib.toMul.{0} Real
                                (@NonUnitalNonAssocSemiring.toDistrib.{0} Real
                                  (@NonAssocSemiring.toNonUnitalNonAssocSemiring.{0} Real
                                    (@Semiring.toNonAssocSemiring.{0} Real
                                      (@CommSemiring.toSemiring.{0} Real Real.instCommSemiring))))))
                            (@HPow.hPow.{0, 0, 0} Real Nat Real
                              (@instHPow.{0, 0} Real Nat
                                (@Monoid.toNatPow.{0} Real
                                  (@MonoidWithZero.toMonoid.{0} Real
                                    (@Semiring.toMonoidWithZero.{0} Real
                                      (@CommSemiring.toSemiring.{0} Real Real.instCommSemiring)))))
                              (f a)
                              (@Nat.rawCast.{0} Nat
                                (@AddCommMonoidWithOne.toAddMonoidWithOne.{0} Nat
                                  (@NonAssocSemiring.toAddCommMonoidWithOne.{0} Nat
                                    (@Semiring.toNonAssocSemiring.{0} Nat
                                      (@CommSemiring.toSemiring.{0} Nat Nat.instCommSemiring))))
                                (nat_lit 1)))
                            (@Int.rawCast.{0} Real (@CommRing.toRing.{0} Real Real.commRing)
                              (Int.negOfNat (nat_lit 1))))
                          (@OfNat.ofNat.{0} Real (nat_lit 0)
                            (@Zero.toOfNat0.{0} Real
                              (@MulZeroClass.toZero.{0} Real
                                (@NonUnitalNonAssocSemiring.toMulZeroClass.{0} Real
                                  (@NonAssocSemiring.toNonUnitalNonAssocSemiring.{0} Real
                                    (@Semiring.toNonAssocSemiring.{0} Real
                                      (@CommSemiring.toSemiring.{0} Real Real.instCommSemiring))))))))))))
                (@Mathlib.Tactic.Ring.sub_congr.{0} Real Real.commRing
                  (@HMul.hMul.{0, 0, 0} Real Real Real (@instHMul.{0} Real Real.instMul)
                    (@OfNat.ofNat.{0} Real (nat_lit 0) (@Zero.toOfNat0.{0} Real Real.instZero))
                    (@HSub.hSub.{0, 0, 0} Real Real Real (@instHSub.{0} Real Real.instSub) b a))
                  (@OfNat.ofNat.{0} Real (nat_lit 0)
                    (@Zero.toOfNat0.{0} Real
                      (@MulZeroClass.toZero.{0} Real
                        (@NonUnitalNonAssocSemiring.toMulZeroClass.{0} Real
                          (@NonAssocSemiring.toNonUnitalNonAssocSemiring.{0} Real
                            (@Semiring.toNonAssocSemiring.{0} Real
                              (@CommSemiring.toSemiring.{0} Real Real.instCommSemiring)))))))
                  (@HSub.hSub.{0, 0, 0} Real Real Real (@instHSub.{0} Real Real.instSub) (f b) (f a))
                  (@HAdd.hAdd.{0, 0, 0} Real Real Real
                    (@instHAdd.{0} Real
                      (@Distrib.toAdd.{0} Real
                        (@NonUnitalNonAssocSemiring.toDistrib.{0} Real
                          (@NonAssocSemiring.toNonUnitalNonAssocSemiring.{0} Real
                            (@Semiring.toNonAssocSemiring.{0} Real
                              (@CommSemiring.toSemiring.{0} Real Real.instCommSemiring))))))
                    (@HMul.hMul.{0, 0, 0} Real Real Real
                      (@instHMul.{0} Real
                        (@Distrib.toMul.{0} Real
                          (@NonUnitalNonAssocSemiring.toDistrib.{0} Real
                            (@NonAssocSemiring.toNonUnitalNonAssocSemiring.{0} Real
                              (@Semiring.toNonAssocSemiring.{0} Real
                                (@CommSemiring.toSemiring.{0} Real Real.instCommSemiring))))))
                      (@HPow.hPow.{0, 0, 0} Real Nat Real
                        (@instHPow.{0, 0} Real Nat
                          (@Monoid.toNatPow.{0} Real
                            (@MonoidWithZero.toMonoid.{0} Real
                              (@Semiring.toMonoidWithZero.{0} Real
                                (@CommSemiring.toSemiring.{0} Real Real.instCommSemiring)))))
                        (f a)
                        (@Nat.rawCast.{0} Nat
                          (@AddCommMonoidWithOne.toAddMonoidWithOne.{0} Nat
                            (@NonAssocSemiring.toAddCommMonoidWithOne.{0} Nat
                              (@Semiring.toNonAssocSemiring.{0} Nat
                                (@CommSemiring.toSemiring.{0} Nat Nat.instCommSemiring))))
                          (nat_lit 1)))
                      (@Int.rawCast.{0} Real (@CommRing.toRing.{0} Real Real.commRing) (Int.negOfNat (nat_lit 1))))
                    (@HAdd.hAdd.{0, 0, 0} Real Real Real
                      (@instHAdd.{0} Real
                        (@Distrib.toAdd.{0} Real
                          (@NonUnitalNonAssocSemiring.toDistrib.{0} Real
                            (@NonAssocSemiring.toNonUnitalNonAssocSemiring.{0} Real
                              (@Semiring.toNonAssocSemiring.{0} Real
                                (@CommSemiring.toSemiring.{0} Real Real.instCommSemiring))))))
                      (@HMul.hMul.{0, 0, 0} Real Real Real
                        (@instHMul.{0} Real
                          (@Distrib.toMul.{0} Real
                            (@NonUnitalNonAssocSemiring.toDistrib.{0} Real
                              (@NonAssocSemiring.toNonUnitalNonAssocSemiring.{0} Real
                                (@Semiring.toNonAssocSemiring.{0} Real
                                  (@CommSemiring.toSemiring.{0} Real Real.instCommSemiring))))))
                        (@HPow.hPow.{0, 0, 0} Real Nat Real
                          (@instHPow.{0, 0} Real Nat
                            (@Monoid.toNatPow.{0} Real
                              (@MonoidWithZero.toMonoid.{0} Real
                                (@Semiring.toMonoidWithZero.{0} Real
                                  (@CommSemiring.toSemiring.{0} Real Real.instCommSemiring)))))
                          (f b)
                          (@Nat.rawCast.{0} Nat
                            (@AddCommMonoidWithOne.toAddMonoidWithOne.{0} Nat
                              (@NonAssocSemiring.toAddCommMonoidWithOne.{0} Nat
                                (@Semiring.toNonAssocSemiring.{0} Nat
                                  (@CommSemiring.toSemiring.{0} Nat Nat.instCommSemiring))))
                            (nat_lit 1)))
                        (@Nat.rawCast.{0} Real
                          (@AddCommMonoidWithOne.toAddMonoidWithOne.{0} Real
                            (@NonAssocSemiring.toAddCommMonoidWithOne.{0} Real
                              (@Semiring.toNonAssocSemiring.{0} Real
                                (@CommSemiring.toSemiring.{0} Real Real.instCommSemiring))))
                          (nat_lit 1)))
                      (@OfNat.ofNat.{0} Real (nat_lit 0)
                        (@Zero.toOfNat0.{0} Real
                          (@MulZeroClass.toZero.{0} Real
                            (@NonUnitalNonAssocSemiring.toMulZeroClass.{0} Real
                              (@NonAssocSemiring.toNonUnitalNonAssocSemiring.{0} Real
                                (@Semiring.toNonAssocSemiring.{0} Real
                                  (@CommSemiring.toSemiring.{0} Real Real.instCommSemiring)))))))))
                  (@HAdd.hAdd.{0, 0, 0} Real Real Real
                    (@instHAdd.{0} Real
                      (@Distrib.toAdd.{0} Real
                        (@NonUnitalNonAssocSemiring.toDistrib.{0} Real
                          (@NonAssocSemiring.toNonUnitalNonAssocSemiring.{0} Real
                            (@Semiring.toNonAssocSemiring.{0} Real
                              (@CommSemiring.toSemiring.{0} Real Real.instCommSemiring))))))
                    (@HMul.hMul.{0, 0, 0} Real Real Real
                      (@instHMul.{0} Real
                        (@Distrib.toMul.{0} Real
                          (@NonUnitalNonAssocSemiring.toDistrib.{0} Real
                            (@NonAssocSemiring.toNonUnitalNonAssocSemiring.{0} Real
                              (@Semiring.toNonAssocSemiring.{0} Real
                                (@CommSemiring.toSemiring.{0} Real Real.instCommSemiring))))))
                      (@HPow.hPow.{0, 0, 0} Real Nat Real
                        (@instHPow.{0, 0} Real Nat
                          (@Monoid.toNatPow.{0} Real
                            (@MonoidWithZero.toMonoid.{0} Real
                              (@Semiring.toMonoidWithZero.{0} Real
                                (@CommSemiring.toSemiring.{0} Real Real.instCommSemiring)))))
                        (f a)
                        (@Nat.rawCast.{0} Nat
                          (@AddCommMonoidWithOne.toAddMonoidWithOne.{0} Nat
                            (@NonAssocSemiring.toAddCommMonoidWithOne.{0} Nat
                              (@Semiring.toNonAssocSemiring.{0} Nat
                                (@CommSemiring.toSemiring.{0} Nat Nat.instCommSemiring))))
                          (nat_lit 1)))
                      (@Nat.rawCast.{0} Real
                        (@Mathlib.Meta.NormNum.instAddMonoidWithOne.{0} Real (@CommRing.toRing.{0} Real Real.commRing))
                        (nat_lit 1)))
                    (@HAdd.hAdd.{0, 0, 0} Real Real Real
                      (@instHAdd.{0} Real
                        (@Distrib.toAdd.{0} Real
                          (@NonUnitalNonAssocSemiring.toDistrib.{0} Real
                            (@NonAssocSemiring.toNonUnitalNonAssocSemiring.{0} Real
                              (@Semiring.toNonAssocSemiring.{0} Real
                                (@CommSemiring.toSemiring.{0} Real Real.instCommSemiring))))))
                      (@HMul.hMul.{0, 0, 0} Real Real Real
                        (@instHMul.{0} Real
                          (@Distrib.toMul.{0} Real
                            (@NonUnitalNonAssocSemiring.toDistrib.{0} Real
                              (@NonAssocSemiring.toNonUnitalNonAssocSemiring.{0} Real
                                (@Semiring.toNonAssocSemiring.{0} Real
                                  (@CommSemiring.toSemiring.{0} Real Real.instCommSemiring))))))
                        (@HPow.hPow.{0, 0, 0} Real Nat Real
                          (@instHPow.{0, 0} Real Nat
                            (@Monoid.toNatPow.{0} Real
                              (@MonoidWithZero.toMonoid.{0} Real
                                (@Semiring.toMonoidWithZero.{0} Real
                                  (@CommSemiring.toSemiring.{0} Real Real.instCommSemiring)))))
                          (f b)
                          (@Nat.rawCast.{0} Nat
                            (@AddCommMonoidWithOne.toAddMonoidWithOne.{0} Nat
                              (@NonAssocSemiring.toAddCommMonoidWithOne.{0} Nat
                                (@Semiring.toNonAssocSemiring.{0} Nat
                                  (@CommSemiring.toSemiring.{0} Nat Nat.instCommSemiring))))
                            (nat_lit 1)))
                        (@Int.rawCast.{0} Real (@CommRing.toRing.{0} Real Real.commRing) (Int.negOfNat (nat_lit 1))))
                      (@OfNat.ofNat.{0} Real (nat_lit 0)
                        (@Zero.toOfNat0.{0} Real
                          (@MulZeroClass.toZero.{0} Real
                            (@NonUnitalNonAssocSemiring.toMulZeroClass.{0} Real
                              (@NonAssocSemiring.toNonUnitalNonAssocSemiring.{0} Real
                                (@Semiring.toNonAssocSemiring.{0} Real
                                  (@CommSemiring.toSemiring.{0} Real Real.instCommSemiring)))))))))
                  (@Mathlib.Tactic.Ring.mul_congr.{0} Real Real.instCommSemiring
                    (@OfNat.ofNat.{0} Real (nat_lit 0) (@Zero.toOfNat0.{0} Real Real.instZero))
                    (@OfNat.ofNat.{0} Real (nat_lit 0)
                      (@Zero.toOfNat0.{0} Real
                        (@MulZeroClass.toZero.{0} Real
                          (@NonUnitalNonAssocSemiring.toMulZeroClass.{0} Real
                            (@NonAssocSemiring.toNonUnitalNonAssocSemiring.{0} Real
                              (@Semiring.toNonAssocSemiring.{0} Real
                                (@CommSemiring.toSemiring.{0} Real Real.instCommSemiring)))))))
                    (@HSub.hSub.{0, 0, 0} Real Real Real (@instHSub.{0} Real Real.instSub) b a)
                    (@HAdd.hAdd.{0, 0, 0} Real Real Real
                      (@instHAdd.{0} Real
                        (@Distrib.toAdd.{0} Real
                          (@NonUnitalNonAssocSemiring.toDistrib.{0} Real
                            (@NonAssocSemiring.toNonUnitalNonAssocSemiring.{0} Real
                              (@Semiring.toNonAssocSemiring.{0} Real
                                (@CommSemiring.toSemiring.{0} Real Real.instCommSemiring))))))
                      (@HMul.hMul.{0, 0, 0} Real Real Real
                        (@instHMul.{0} Real
                          (@Distrib.toMul.{0} Real
                            (@NonUnitalNonAssocSemiring.toDistrib.{0} Real
                              (@NonAssocSemiring.toNonUnitalNonAssocSemiring.{0} Real
                                (@Semiring.toNonAssocSemiring.{0} Real
                                  (@CommSemiring.toSemiring.{0} Real Real.instCommSemiring))))))
                        (@HPow.hPow.{0, 0, 0} Real Nat Real
                          (@instHPow.{0, 0} Real Nat
                            (@Monoid.toNatPow.{0} Real
                              (@MonoidWithZero.toMonoid.{0} Real
                                (@Semiring.toMonoidWithZero.{0} Real
                                  (@CommSemiring.toSemiring.{0} Real Real.instCommSemiring)))))
                          b
                          (@Nat.rawCast.{0} Nat
                            (@AddCommMonoidWithOne.toAddMonoidWithOne.{0} Nat
                              (@NonAssocSemiring.toAddCommMonoidWithOne.{0} Nat
                                (@Semiring.toNonAssocSemiring.{0} Nat
                                  (@CommSemiring.toSemiring.{0} Nat Nat.instCommSemiring))))
                            (nat_lit 1)))
                        (@Nat.rawCast.{0} Real
                          (@AddCommMonoidWithOne.toAddMonoidWithOne.{0} Real
                            (@NonAssocSemiring.toAddCommMonoidWithOne.{0} Real
                              (@Semiring.toNonAssocSemiring.{0} Real
                                (@CommSemiring.toSemiring.{0} Real Real.instCommSemiring))))
                          (nat_lit 1)))
                      (@HAdd.hAdd.{0, 0, 0} Real Real Real
                        (@instHAdd.{0} Real
                          (@Distrib.toAdd.{0} Real
                            (@NonUnitalNonAssocSemiring.toDistrib.{0} Real
                              (@NonAssocSemiring.toNonUnitalNonAssocSemiring.{0} Real
                                (@Semiring.toNonAssocSemiring.{0} Real
                                  (@CommSemiring.toSemiring.{0} Real Real.instCommSemiring))))))
                        (@HMul.hMul.{0, 0, 0} Real Real Real
                          (@instHMul.{0} Real
                            (@Distrib.toMul.{0} Real
                              (@NonUnitalNonAssocSemiring.toDistrib.{0} Real
                                (@NonAssocSemiring.toNonUnitalNonAssocSemiring.{0} Real
                                  (@Semiring.toNonAssocSemiring.{0} Real
                                    (@CommSemiring.toSemiring.{0} Real Real.instCommSemiring))))))
                          (@HPow.hPow.{0, 0, 0} Real Nat Real
                            (@instHPow.{0, 0} Real Nat
                              (@Monoid.toNatPow.{0} Real
                                (@MonoidWithZero.toMonoid.{0} Real
                                  (@Semiring.toMonoidWithZero.{0} Real
                                    (@CommSemiring.toSemiring.{0} Real Real.instCommSemiring)))))
                            a
                            (@Nat.rawCast.{0} Nat
                              (@AddCommMonoidWithOne.toAddMonoidWithOne.{0} Nat
                                (@NonAssocSemiring.toAddCommMonoidWithOne.{0} Nat
                                  (@Semiring.toNonAssocSemiring.{0} Nat
                                    (@CommSemiring.toSemiring.{0} Nat Nat.instCommSemiring))))
                              (nat_lit 1)))
                          (@Int.rawCast.{0} Real (@CommRing.toRing.{0} Real Real.commRing) (Int.negOfNat (nat_lit 1))))
                        (@OfNat.ofNat.{0} Real (nat_lit 0)
                          (@Zero.toOfNat0.{0} Real
                            (@MulZeroClass.toZero.{0} Real
                              (@NonUnitalNonAssocSemiring.toMulZeroClass.{0} Real
                                (@NonAssocSemiring.toNonUnitalNonAssocSemiring.{0} Real
                                  (@Semiring.toNonAssocSemiring.{0} Real
                                    (@CommSemiring.toSemiring.{0} Real Real.instCommSemiring)))))))))
                    (@OfNat.ofNat.{0} Real (nat_lit 0)
                      (@Zero.toOfNat0.{0} Real
                        (@MulZeroClass.toZero.{0} Real
                          (@NonUnitalNonAssocSemiring.toMulZeroClass.{0} Real
                            (@NonAssocSemiring.toNonUnitalNonAssocSemiring.{0} Real
                              (@Semiring.toNonAssocSemiring.{0} Real
                                (@CommSemiring.toSemiring.{0} Real Real.instCommSemiring)))))))
                    (@Mathlib.Tactic.Ring.cast_zero.{0} Real Real.instCommSemiring
                      (@OfNat.ofNat.{0} Real (nat_lit 0) (@Zero.toOfNat0.{0} Real Real.instZero))
                      (@Mathlib.Meta.NormNum.isNat_ofNat.{0} Real
                        (@AddGroupWithOne.toAddMonoidWithOne.{0} Real (@Ring.toAddGroupWithOne.{0} Real Real.instRing))
                        (@OfNat.ofNat.{0} Real (nat_lit 0) (@Zero.toOfNat0.{0} Real Real.instZero)) (nat_lit 0)
                        (@Nat.cast_zero.{0} Real
                          (@AddGroupWithOne.toAddMonoidWithOne.{0} Real
                            (@Ring.toAddGroupWithOne.{0} Real Real.instRing)))))
                    (@Mathlib.Tactic.Ring.sub_congr.{0} Real Real.commRing b
                      (@HAdd.hAdd.{0, 0, 0} Real Real Real
                        (@instHAdd.{0} Real
                          (@Distrib.toAdd.{0} Real
                            (@NonUnitalNonAssocSemiring.toDistrib.{0} Real
                              (@NonAssocSemiring.toNonUnitalNonAssocSemiring.{0} Real
                                (@Semiring.toNonAssocSemiring.{0} Real
                                  (@CommSemiring.toSemiring.{0} Real Real.instCommSemiring))))))
                        (@HMul.hMul.{0, 0, 0} Real Real Real
                          (@instHMul.{0} Real
                            (@Distrib.toMul.{0} Real
                              (@NonUnitalNonAssocSemiring.toDistrib.{0} Real
                                (@NonAssocSemiring.toNonUnitalNonAssocSemiring.{0} Real
                                  (@Semiring.toNonAssocSemiring.{0} Real
                                    (@CommSemiring.toSemiring.{0} Real Real.instCommSemiring))))))
                          (@HPow.hPow.{0, 0, 0} Real Nat Real
                            (@instHPow.{0, 0} Real Nat
                              (@Monoid.toNatPow.{0} Real
                                (@MonoidWithZero.toMonoid.{0} Real
                                  (@Semiring.toMonoidWithZero.{0} Real
                                    (@CommSemiring.toSemiring.{0} Real Real.instCommSemiring)))))
                            b
                            (@Nat.rawCast.{0} Nat
                              (@AddCommMonoidWithOne.toAddMonoidWithOne.{0} Nat
                                (@NonAssocSemiring.toAddCommMonoidWithOne.{0} Nat
                                  (@Semiring.toNonAssocSemiring.{0} Nat
                                    (@CommSemiring.toSemiring.{0} Nat Nat.instCommSemiring))))
                              (nat_lit 1)))
                          (@Nat.rawCast.{0} Real
                            (@AddCommMonoidWithOne.toAddMonoidWithOne.{0} Real
                              (@NonAssocSemiring.toAddCommMonoidWithOne.{0} Real
                                (@Semiring.toNonAssocSemiring.{0} Real
                                  (@CommSemiring.toSemiring.{0} Real Real.instCommSemiring))))
                            (nat_lit 1)))
                        (@OfNat.ofNat.{0} Real (nat_lit 0)
                          (@Zero.toOfNat0.{0} Real
                            (@MulZeroClass.toZero.{0} Real
                              (@NonUnitalNonAssocSemiring.toMulZeroClass.{0} Real
                                (@NonAssocSemiring.toNonUnitalNonAssocSemiring.{0} Real
                                  (@Semiring.toNonAssocSemiring.{0} Real
                                    (@CommSemiring.toSemiring.{0} Real Real.instCommSemiring))))))))
                      a
                      (@HAdd.hAdd.{0, 0, 0} Real Real Real
                        (@instHAdd.{0} Real
                          (@Distrib.toAdd.{0} Real
                            (@NonUnitalNonAssocSemiring.toDistrib.{0} Real
                              (@NonAssocSemiring.toNonUnitalNonAssocSemiring.{0} Real
                                (@Semiring.toNonAssocSemiring.{0} Real
                                  (@CommSemiring.toSemiring.{0} Real Real.instCommSemiring))))))
                        (@HMul.hMul.{0, 0, 0} Real Real Real
                          (@instHMul.{0} Real
                            (@Distrib.toMul.{0} Real
                              (@NonUnitalNonAssocSemiring.toDistrib.{0} Real
                                (@NonAssocSemiring.toNonUnitalNonAssocSemiring.{0} Real
                                  (@Semiring.toNonAssocSemiring.{0} Real
                                    (@CommSemiring.toSemiring.{0} Real Real.instCommSemiring))))))
                          (@HPow.hPow.{0, 0, 0} Real Nat Real
                            (@instHPow.{0, 0} Real Nat
                              (@Monoid.toNatPow.{0} Real
                                (@MonoidWithZero.toMonoid.{0} Real
                                  (@Semiring.toMonoidWithZero.{0} Real
                                    (@CommSemiring.toSemiring.{0} Real Real.instCommSemiring)))))
                            a
                            (@Nat.rawCast.{0} Nat
                              (@AddCommMonoidWithOne.toAddMonoidWithOne.{0} Nat
                                (@NonAssocSemiring.toAddCommMonoidWithOne.{0} Nat
                                  (@Semiring.toNonAssocSemiring.{0} Nat
                                    (@CommSemiring.toSemiring.{0} Nat Nat.instCommSemiring))))
                              (nat_lit 1)))
                          (@Nat.rawCast.{0} Real
                            (@AddCommMonoidWithOne.toAddMonoidWithOne.{0} Real
                              (@NonAssocSemiring.toAddCommMonoidWithOne.{0} Real
                                (@Semiring.toNonAssocSemiring.{0} Real
                                  (@CommSemiring.toSemiring.{0} Real Real.instCommSemiring))))
                            (nat_lit 1)))
                        (@OfNat.ofNat.{0} Real (nat_lit 0)
                          (@Zero.toOfNat0.{0} Real
                            (@MulZeroClass.toZero.{0} Real
                              (@NonUnitalNonAssocSemiring.toMulZeroClass.{0} Real
                                (@NonAssocSemiring.toNonUnitalNonAssocSemiring.{0} Real
                                  (@Semiring.toNonAssocSemiring.{0} Real
                                    (@CommSemiring.toSemiring.{0} Real Real.instCommSemiring))))))))
                      (@HAdd.hAdd.{0, 0, 0} Real Real Real
                        (@instHAdd.{0} Real
                          (@Distrib.toAdd.{0} Real
                            (@NonUnitalNonAssocSemiring.toDistrib.{0} Real
                              (@NonAssocSemiring.toNonUnitalNonAssocSemiring.{0} Real
                                (@Semiring.toNonAssocSemiring.{0} Real
                                  (@CommSemiring.toSemiring.{0} Real Real.instCommSemiring))))))
                        (@HMul.hMul.{0, 0, 0} Real Real Real
                          (@instHMul.{0} Real
                            (@Distrib.toMul.{0} Real
                              (@NonUnitalNonAssocSemiring.toDistrib.{0} Real
                                (@NonAssocSemiring.toNonUnitalNonAssocSemiring.{0} Real
                                  (@Semiring.toNonAssocSemiring.{0} Real
                                    (@CommSemiring.toSemiring.{0} Real Real.instCommSemiring))))))
                          (@HPow.hPow.{0, 0, 0} Real Nat Real
                            (@instHPow.{0, 0} Real Nat
                              (@Monoid.toNatPow.{0} Real
                                (@MonoidWithZero.toMonoid.{0} Real
                                  (@Semiring.toMonoidWithZero.{0} Real
                                    (@CommSemiring.toSemiring.{0} Real Real.instCommSemiring)))))
                            b
                            (@Nat.rawCast.{0} Nat
                              (@AddCommMonoidWithOne.toAddMonoidWithOne.{0} Nat
                                (@NonAssocSemiring.toAddCommMonoidWithOne.{0} Nat
                                  (@Semiring.toNonAssocSemiring.{0} Nat
                                    (@CommSemiring.toSemiring.{0} Nat Nat.instCommSemiring))))
                              (nat_lit 1)))
                          (@Nat.rawCast.{0} Real
                            (@AddCommMonoidWithOne.toAddMonoidWithOne.{0} Real
                              (@NonAssocSemiring.toAddCommMonoidWithOne.{0} Real
                                (@Semiring.toNonAssocSemiring.{0} Real
                                  (@CommSemiring.toSemiring.{0} Real Real.instCommSemiring))))
                            (nat_lit 1)))
                        (@HAdd.hAdd.{0, 0, 0} Real Real Real
                          (@instHAdd.{0} Real
                            (@Distrib.toAdd.{0} Real
                              (@NonUnitalNonAssocSemiring.toDistrib.{0} Real
                                (@NonAssocSemiring.toNonUnitalNonAssocSemiring.{0} Real
                                  (@Semiring.toNonAssocSemiring.{0} Real
                                    (@CommSemiring.toSemiring.{0} Real Real.instCommSemiring))))))
                          (@HMul.hMul.{0, 0, 0} Real Real Real
                            (@instHMul.{0} Real
                              (@Distrib.toMul.{0} Real
                                (@NonUnitalNonAssocSemiring.toDistrib.{0} Real
                                  (@NonAssocSemiring.toNonUnitalNonAssocSemiring.{0} Real
                                    (@Semiring.toNonAssocSemiring.{0} Real
                                      (@CommSemiring.toSemiring.{0} Real Real.instCommSemiring))))))
                            (@HPow.hPow.{0, 0, 0} Real Nat Real
                              (@instHPow.{0, 0} Real Nat
                                (@Monoid.toNatPow.{0} Real
                                  (@MonoidWithZero.toMonoid.{0} Real
                                    (@Semiring.toMonoidWithZero.{0} Real
                                      (@CommSemiring.toSemiring.{0} Real Real.instCommSemiring)))))
                              a
                              (@Nat.rawCast.{0} Nat
                                (@AddCommMonoidWithOne.toAddMonoidWithOne.{0} Nat
                                  (@NonAssocSemiring.toAddCommMonoidWithOne.{0} Nat
                                    (@Semiring.toNonAssocSemiring.{0} Nat
                                      (@CommSemiring.toSemiring.{0} Nat Nat.instCommSemiring))))
                                (nat_lit 1)))
                            (@Int.rawCast.{0} Real (@CommRing.toRing.{0} Real Real.commRing)
                              (Int.negOfNat (nat_lit 1))))
                          (@OfNat.ofNat.{0} Real (nat_lit 0)
                            (@Zero.toOfNat0.{0} Real
                              (@MulZeroClass.toZero.{0} Real
                                (@NonUnitalNonAssocSemiring.toMulZeroClass.{0} Real
                                  (@NonAssocSemiring.toNonUnitalNonAssocSemiring.{0} Real
                                    (@Semiring.toNonAssocSemiring.{0} Real
                                      (@CommSemiring.toSemiring.{0} Real Real.instCommSemiring)))))))))
                      (@Mathlib.Tactic.Ring.atom_pf.{0} Real Real.instCommSemiring b)
                      (@Mathlib.Tactic.Ring.atom_pf.{0} Real Real.instCommSemiring a)
                      (@Mathlib.Tactic.Ring.sub_pf.{0} Real Real.commRing
                        (@HAdd.hAdd.{0, 0, 0} Real Real Real
                          (@instHAdd.{0} Real
                            (@Distrib.toAdd.{0} Real
                              (@NonUnitalNonAssocSemiring.toDistrib.{0} Real
                                (@NonAssocSemiring.toNonUnitalNonAssocSemiring.{0} Real
                                  (@Semiring.toNonAssocSemiring.{0} Real
                                    (@CommSemiring.toSemiring.{0} Real Real.instCommSemiring))))))
                          (@HMul.hMul.{0, 0, 0} Real Real Real
                            (@instHMul.{0} Real
                              (@Distrib.toMul.{0} Real
                                (@NonUnitalNonAssocSemiring.toDistrib.{0} Real
                                  (@NonAssocSemiring.toNonUnitalNonAssocSemiring.{0} Real
                                    (@Semiring.toNonAssocSemiring.{0} Real
                                      (@CommSemiring.toSemiring.{0} Real Real.instCommSemiring))))))
                            (@HPow.hPow.{0, 0, 0} Real Nat Real
                              (@instHPow.{0, 0} Real Nat
                                (@Monoid.toNatPow.{0} Real
                                  (@MonoidWithZero.toMonoid.{0} Real
                                    (@Semiring.toMonoidWithZero.{0} Real
                                      (@CommSemiring.toSemiring.{0} Real Real.instCommSemiring)))))
                              b
                              (@Nat.rawCast.{0} Nat
                                (@AddCommMonoidWithOne.toAddMonoidWithOne.{0} Nat
                                  (@NonAssocSemiring.toAddCommMonoidWithOne.{0} Nat
                                    (@Semiring.toNonAssocSemiring.{0} Nat
                                      (@CommSemiring.toSemiring.{0} Nat Nat.instCommSemiring))))
                                (nat_lit 1)))
                            (@Nat.rawCast.{0} Real
                              (@AddCommMonoidWithOne.toAddMonoidWithOne.{0} Real
                                (@NonAssocSemiring.toAddCommMonoidWithOne.{0} Real
                                  (@Semiring.toNonAssocSemiring.{0} Real
                                    (@CommSemiring.toSemiring.{0} Real Real.instCommSemiring))))
                              (nat_lit 1)))
                          (@OfNat.ofNat.{0} Real (nat_lit 0)
                            (@Zero.toOfNat0.{0} Real
                              (@MulZeroClass.toZero.{0} Real
                                (@NonUnitalNonAssocSemiring.toMulZeroClass.{0} Real
                                  (@NonAssocSemiring.toNonUnitalNonAssocSemiring.{0} Real
                                    (@Semiring.toNonAssocSemiring.{0} Real
                                      (@CommSemiring.toSemiring.{0} Real Real.instCommSemiring))))))))
                        (@HAdd.hAdd.{0, 0, 0} Real Real Real
                          (@instHAdd.{0} Real
                            (@Distrib.toAdd.{0} Real
                              (@NonUnitalNonAssocSemiring.toDistrib.{0} Real
                                (@NonAssocSemiring.toNonUnitalNonAssocSemiring.{0} Real
                                  (@Semiring.toNonAssocSemiring.{0} Real
                                    (@CommSemiring.toSemiring.{0} Real Real.instCommSemiring))))))
                          (@HMul.hMul.{0, 0, 0} Real Real Real
                            (@instHMul.{0} Real
                              (@Distrib.toMul.{0} Real
                                (@NonUnitalNonAssocSemiring.toDistrib.{0} Real
                                  (@NonAssocSemiring.toNonUnitalNonAssocSemiring.{0} Real
                                    (@Semiring.toNonAssocSemiring.{0} Real
                                      (@CommSemiring.toSemiring.{0} Real Real.instCommSemiring))))))
                            (@HPow.hPow.{0, 0, 0} Real Nat Real
                              (@instHPow.{0, 0} Real Nat
                                (@Monoid.toNatPow.{0} Real
                                  (@MonoidWithZero.toMonoid.{0} Real
                                    (@Semiring.toMonoidWithZero.{0} Real
                                      (@CommSemiring.toSemiring.{0} Real Real.instCommSemiring)))))
                              a
                              (@Nat.rawCast.{0} Nat
                                (@AddCommMonoidWithOne.toAddMonoidWithOne.{0} Nat
                                  (@NonAssocSemiring.toAddCommMonoidWithOne.{0} Nat
                                    (@Semiring.toNonAssocSemiring.{0} Nat
                                      (@CommSemiring.toSemiring.{0} Nat Nat.instCommSemiring))))
                                (nat_lit 1)))
                            (@Nat.rawCast.{0} Real
                              (@AddCommMonoidWithOne.toAddMonoidWithOne.{0} Real
                                (@NonAssocSemiring.toAddCommMonoidWithOne.{0} Real
                                  (@Semiring.toNonAssocSemiring.{0} Real
                                    (@CommSemiring.toSemiring.{0} Real Real.instCommSemiring))))
                              (nat_lit 1)))
                          (@OfNat.ofNat.{0} Real (nat_lit 0)
                            (@Zero.toOfNat0.{0} Real
                              (@MulZeroClass.toZero.{0} Real
                                (@NonUnitalNonAssocSemiring.toMulZeroClass.{0} Real
                                  (@NonAssocSemiring.toNonUnitalNonAssocSemiring.{0} Real
                                    (@Semiring.toNonAssocSemiring.{0} Real
                                      (@CommSemiring.toSemiring.{0} Real Real.instCommSemiring))))))))
                        (@HAdd.hAdd.{0, 0, 0} Real Real Real
                          (@instHAdd.{0} Real
                            (@Distrib.toAdd.{0} Real
                              (@NonUnitalNonAssocSemiring.toDistrib.{0} Real
                                (@NonAssocSemiring.toNonUnitalNonAssocSemiring.{0} Real
                                  (@Semiring.toNonAssocSemiring.{0} Real
                                    (@CommSemiring.toSemiring.{0} Real Real.instCommSemiring))))))
                          (@HMul.hMul.{0, 0, 0} Real Real Real
                            (@instHMul.{0} Real
                              (@Distrib.toMul.{0} Real
                                (@NonUnitalNonAssocSemiring.toDistrib.{0} Real
                                  (@NonAssocSemiring.toNonUnitalNonAssocSemiring.{0} Real
                                    (@Semiring.toNonAssocSemiring.{0} Real
                                      (@CommSemiring.toSemiring.{0} Real Real.instCommSemiring))))))
                            (@HPow.hPow.{0, 0, 0} Real Nat Real
                              (@instHPow.{0, 0} Real Nat
                                (@Monoid.toNatPow.{0} Real
                                  (@MonoidWithZero.toMonoid.{0} Real
                                    (@Semiring.toMonoidWithZero.{0} Real
                                      (@CommSemiring.toSemiring.{0} Real Real.instCommSemiring)))))
                              a
                              (@Nat.rawCast.{0} Nat
                                (@AddCommMonoidWithOne.toAddMonoidWithOne.{0} Nat
                                  (@NonAssocSemiring.toAddCommMonoidWithOne.{0} Nat
                                    (@Semiring.toNonAssocSemiring.{0} Nat
                                      (@CommSemiring.toSemiring.{0} Nat Nat.instCommSemiring))))
                                (nat_lit 1)))
                            (@Int.rawCast.{0} Real (@CommRing.toRing.{0} Real Real.commRing)
                              (Int.negOfNat (nat_lit 1))))
                          (@OfNat.ofNat.{0} Real (nat_lit 0)
                            (@Zero.toOfNat0.{0} Real
                              (@MulZeroClass.toZero.{0} Real
                                (@NonUnitalNonAssocSemiring.toMulZeroClass.{0} Real
                                  (@NonAssocSemiring.toNonUnitalNonAssocSemiring.{0} Real
                                    (@Semiring.toNonAssocSemiring.{0} Real
                                      (@CommSemiring.toSemiring.{0} Real Real.instCommSemiring))))))))
                        (@HAdd.hAdd.{0, 0, 0} Real Real Real
                          (@instHAdd.{0} Real
                            (@Distrib.toAdd.{0} Real
                              (@NonUnitalNonAssocSemiring.toDistrib.{0} Real
                                (@NonAssocSemiring.toNonUnitalNonAssocSemiring.{0} Real
                                  (@Semiring.toNonAssocSemiring.{0} Real
                                    (@CommSemiring.toSemiring.{0} Real Real.instCommSemiring))))))
                          (@HMul.hMul.{0, 0, 0} Real Real Real
                            (@instHMul.{0} Real
                              (@Distrib.toMul.{0} Real
                                (@NonUnitalNonAssocSemiring.toDistrib.{0} Real
                                  (@NonAssocSemiring.toNonUnitalNonAssocSemiring.{0} Real
                                    (@Semiring.toNonAssocSemiring.{0} Real
                                      (@CommSemiring.toSemiring.{0} Real Real.instCommSemiring))))))
                            (@HPow.hPow.{0, 0, 0} Real Nat Real
                              (@instHPow.{0, 0} Real Nat
                                (@Monoid.toNatPow.{0} Real
                                  (@MonoidWithZero.toMonoid.{0} Real
                                    (@Semiring.toMonoidWithZero.{0} Real
                                      (@CommSemiring.toSemiring.{0} Real Real.instCommSemiring)))))
                              b
                              (@Nat.rawCast.{0} Nat
                                (@AddCommMonoidWithOne.toAddMonoidWithOne.{0} Nat
                                  (@NonAssocSemiring.toAddCommMonoidWithOne.{0} Nat
                                    (@Semiring.toNonAssocSemiring.{0} Nat
                                      (@CommSemiring.toSemiring.{0} Nat Nat.instCommSemiring))))
                                (nat_lit 1)))
                            (@Nat.rawCast.{0} Real
                              (@AddCommMonoidWithOne.toAddMonoidWithOne.{0} Real
                                (@NonAssocSemiring.toAddCommMonoidWithOne.{0} Real
                                  (@Semiring.toNonAssocSemiring.{0} Real
                                    (@CommSemiring.toSemiring.{0} Real Real.instCommSemiring))))
                              (nat_lit 1)))
                          (@HAdd.hAdd.{0, 0, 0} Real Real Real
                            (@instHAdd.{0} Real
                              (@Distrib.toAdd.{0} Real
                                (@NonUnitalNonAssocSemiring.toDistrib.{0} Real
                                  (@NonAssocSemiring.toNonUnitalNonAssocSemiring.{0} Real
                                    (@Semiring.toNonAssocSemiring.{0} Real
                                      (@CommSemiring.toSemiring.{0} Real Real.instCommSemiring))))))
                            (@HMul.hMul.{0, 0, 0} Real Real Real
                              (@instHMul.{0} Real
                                (@Distrib.toMul.{0} Real
                                  (@NonUnitalNonAssocSemiring.toDistrib.{0} Real
                                    (@NonAssocSemiring.toNonUnitalNonAssocSemiring.{0} Real
                                      (@Semiring.toNonAssocSemiring.{0} Real
                                        (@CommSemiring.toSemiring.{0} Real Real.instCommSemiring))))))
                              (@HPow.hPow.{0, 0, 0} Real Nat Real
                                (@instHPow.{0, 0} Real Nat
                                  (@Monoid.toNatPow.{0} Real
                                    (@MonoidWithZero.toMonoid.{0} Real
                                      (@Semiring.toMonoidWithZero.{0} Real
                                        (@CommSemiring.toSemiring.{0} Real Real.instCommSemiring)))))
                                a
                                (@Nat.rawCast.{0} Nat
                                  (@AddCommMonoidWithOne.toAddMonoidWithOne.{0} Nat
                                    (@NonAssocSemiring.toAddCommMonoidWithOne.{0} Nat
                                      (@Semiring.toNonAssocSemiring.{0} Nat
                                        (@CommSemiring.toSemiring.{0} Nat Nat.instCommSemiring))))
                                  (nat_lit 1)))
                              (@Int.rawCast.{0} Real (@CommRing.toRing.{0} Real Real.commRing)
                                (Int.negOfNat (nat_lit 1))))
                            (@OfNat.ofNat.{0} Real (nat_lit 0)
                              (@Zero.toOfNat0.{0} Real
                                (@MulZeroClass.toZero.{0} Real
                                  (@NonUnitalNonAssocSemiring.toMulZeroClass.{0} Real
                                    (@NonAssocSemiring.toNonUnitalNonAssocSemiring.{0} Real
                                      (@Semiring.toNonAssocSemiring.{0} Real
                                        (@CommSemiring.toSemiring.{0} Real Real.instCommSemiring)))))))))
                        (@Mathlib.Tactic.Ring.neg_add.{0} Real Real.commRing
                          (@HMul.hMul.{0, 0, 0} Real Real Real
                            (@instHMul.{0} Real
                              (@Distrib.toMul.{0} Real
                                (@NonUnitalNonAssocSemiring.toDistrib.{0} Real
                                  (@NonAssocSemiring.toNonUnitalNonAssocSemiring.{0} Real
                                    (@Semiring.toNonAssocSemiring.{0} Real
                                      (@CommSemiring.toSemiring.{0} Real Real.instCommSemiring))))))
                            (@HPow.hPow.{0, 0, 0} Real Nat Real
                              (@instHPow.{0, 0} Real Nat
                                (@Monoid.toNatPow.{0} Real
                                  (@MonoidWithZero.toMonoid.{0} Real
                                    (@Semiring.toMonoidWithZero.{0} Real
                                      (@CommSemiring.toSemiring.{0} Real Real.instCommSemiring)))))
                              a
                              (@Nat.rawCast.{0} Nat
                                (@AddCommMonoidWithOne.toAddMonoidWithOne.{0} Nat
                                  (@NonAssocSemiring.toAddCommMonoidWithOne.{0} Nat
                                    (@Semiring.toNonAssocSemiring.{0} Nat
                                      (@CommSemiring.toSemiring.{0} Nat Nat.instCommSemiring))))
                                (nat_lit 1)))
                            (@Nat.rawCast.{0} Real
                              (@AddCommMonoidWithOne.toAddMonoidWithOne.{0} Real
                                (@NonAssocSemiring.toAddCommMonoidWithOne.{0} Real
                                  (@Semiring.toNonAssocSemiring.{0} Real
                                    (@CommSemiring.toSemiring.{0} Real Real.instCommSemiring))))
                              (nat_lit 1)))
                          (@OfNat.ofNat.{0} Real (nat_lit 0)
                            (@Zero.toOfNat0.{0} Real
                              (@MulZeroClass.toZero.{0} Real
                                (@NonUnitalNonAssocSemiring.toMulZeroClass.{0} Real
                                  (@NonAssocSemiring.toNonUnitalNonAssocSemiring.{0} Real
                                    (@Semiring.toNonAssocSemiring.{0} Real
                                      (@CommSemiring.toSemiring.{0} Real Real.instCommSemiring)))))))
                          (@HMul.hMul.{0, 0, 0} Real Real Real
                            (@instHMul.{0} Real
                              (@Distrib.toMul.{0} Real
                                (@NonUnitalNonAssocSemiring.toDistrib.{0} Real
                                  (@NonAssocSemiring.toNonUnitalNonAssocSemiring.{0} Real
                                    (@Semiring.toNonAssocSemiring.{0} Real
                                      (@CommSemiring.toSemiring.{0} Real Real.instCommSemiring))))))
                            (@HPow.hPow.{0, 0, 0} Real Nat Real
                              (@instHPow.{0, 0} Real Nat
                                (@Monoid.toNatPow.{0} Real
                                  (@MonoidWithZero.toMonoid.{0} Real
                                    (@Semiring.toMonoidWithZero.{0} Real
                                      (@CommSemiring.toSemiring.{0} Real Real.instCommSemiring)))))
                              a
                              (@Nat.rawCast.{0} Nat
                                (@AddCommMonoidWithOne.toAddMonoidWithOne.{0} Nat
                                  (@NonAssocSemiring.toAddCommMonoidWithOne.{0} Nat
                                    (@Semiring.toNonAssocSemiring.{0} Nat
                                      (@CommSemiring.toSemiring.{0} Nat Nat.instCommSemiring))))
                                (nat_lit 1)))
                            (@Int.rawCast.{0} Real (@CommRing.toRing.{0} Real Real.commRing)
                              (Int.negOfNat (nat_lit 1))))
                          (@OfNat.ofNat.{0} Real (nat_lit 0)
                            (@Zero.toOfNat0.{0} Real
                              (@MulZeroClass.toZero.{0} Real
                                (@NonUnitalNonAssocSemiring.toMulZeroClass.{0} Real
                                  (@NonAssocSemiring.toNonUnitalNonAssocSemiring.{0} Real
                                    (@Semiring.toNonAssocSemiring.{0} Real
                                      (@CommSemiring.toSemiring.{0} Real Real.instCommSemiring)))))))
                          (@Mathlib.Tactic.Ring.neg_mul.{0} Real Real.commRing a
                            (@Nat.rawCast.{0} Nat
                              (@AddCommMonoidWithOne.toAddMonoidWithOne.{0} Nat
                                (@NonAssocSemiring.toAddCommMonoidWithOne.{0} Nat
                                  (@Semiring.toNonAssocSemiring.{0} Nat
                                    (@CommSemiring.toSemiring.{0} Nat Nat.instCommSemiring))))
                              (nat_lit 1))
                            (@Nat.rawCast.{0} Real
                              (@AddCommMonoidWithOne.toAddMonoidWithOne.{0} Real
                                (@NonAssocSemiring.toAddCommMonoidWithOne.{0} Real
                                  (@Semiring.toNonAssocSemiring.{0} Real
                                    (@CommSemiring.toSemiring.{0} Real Real.instCommSemiring))))
                              (nat_lit 1))
                            (@Int.rawCast.{0} Real (@CommRing.toRing.{0} Real Real.commRing) (Int.negOfNat (nat_lit 1)))
                            (@Mathlib.Tactic.Ring.neg_one_mul.{0} Real Real.commRing
                              (@Nat.rawCast.{0} Real
                                (@AddCommMonoidWithOne.toAddMonoidWithOne.{0} Real
                                  (@NonAssocSemiring.toAddCommMonoidWithOne.{0} Real
                                    (@Semiring.toNonAssocSemiring.{0} Real
                                      (@CommSemiring.toSemiring.{0} Real Real.instCommSemiring))))
                                (nat_lit 1))
                              (@Int.rawCast.{0} Real (@CommRing.toRing.{0} Real Real.commRing)
                                (Int.negOfNat (nat_lit 1)))
                              (@Mathlib.Meta.NormNum.IsInt.to_raw_eq.{0} Real
                                (@HMul.hMul.{0, 0, 0} Real Real Real
                                  (@instHMul.{0} Real
                                    (@Distrib.toMul.{0} Real
                                      (@NonUnitalNonAssocSemiring.toDistrib.{0} Real
                                        (@NonAssocSemiring.toNonUnitalNonAssocSemiring.{0} Real
                                          (@Semiring.toNonAssocSemiring.{0} Real
                                            (@CommSemiring.toSemiring.{0} Real Real.instCommSemiring))))))
                                  (@Int.rawCast.{0} Real (@CommRing.toRing.{0} Real Real.commRing)
                                    (Int.negOfNat (nat_lit 1)))
                                  (@Nat.rawCast.{0} Real
                                    (@AddCommMonoidWithOne.toAddMonoidWithOne.{0} Real
                                      (@NonAssocSemiring.toAddCommMonoidWithOne.{0} Real
                                        (@Semiring.toNonAssocSemiring.{0} Real
                                          (@CommSemiring.toSemiring.{0} Real Real.instCommSemiring))))
                                    (nat_lit 1)))
                                (Int.negOfNat (nat_lit 1)) (@CommRing.toRing.{0} Real Real.commRing)
                                (@Mathlib.Meta.NormNum.isInt_mul.{0} Real (@CommRing.toRing.{0} Real Real.commRing)
                                  (@HMul.hMul.{0, 0, 0} Real Real Real
                                    (@instHMul.{0} Real
                                      (@Distrib.toMul.{0} Real
                                        (@NonUnitalNonAssocSemiring.toDistrib.{0} Real
                                          (@NonUnitalNonAssocRing.toNonUnitalNonAssocSemiring.{0} Real
                                            (@NonAssocRing.toNonUnitalNonAssocRing.{0} Real
                                              (@Ring.toNonAssocRing.{0} Real
                                                (@CommRing.toRing.{0} Real Real.commRing))))))))
                                  (@Int.rawCast.{0} Real (@CommRing.toRing.{0} Real Real.commRing)
                                    (Int.negOfNat (nat_lit 1)))
                                  (@Nat.rawCast.{0} Real
                                    (@AddCommMonoidWithOne.toAddMonoidWithOne.{0} Real
                                      (@NonAssocSemiring.toAddCommMonoidWithOne.{0} Real
                                        (@Semiring.toNonAssocSemiring.{0} Real
                                          (@CommSemiring.toSemiring.{0} Real Real.instCommSemiring))))
                                    (nat_lit 1))
                                  (Int.negOfNat (nat_lit 1)) (Int.ofNat (nat_lit 1)) (Int.negOfNat (nat_lit 1))
                                  (@Eq.refl.{1} ((a a : Real) → Real)
                                    (@HMul.hMul.{0, 0, 0} Real Real Real
                                      (@instHMul.{0} Real
                                        (@Distrib.toMul.{0} Real
                                          (@NonUnitalNonAssocSemiring.toDistrib.{0} Real
                                            (@NonUnitalNonAssocRing.toNonUnitalNonAssocSemiring.{0} Real
                                              (@NonAssocRing.toNonUnitalNonAssocRing.{0} Real
                                                (@Ring.toNonAssocRing.{0} Real
                                                  (@CommRing.toRing.{0} Real Real.commRing)))))))))
                                  (@Mathlib.Meta.NormNum.IsInt.of_raw.{0} Real (@CommRing.toRing.{0} Real Real.commRing)
                                    (Int.negOfNat (nat_lit 1)))
                                  (@Mathlib.Meta.NormNum.IsNat.to_isInt.{0} Real
                                    (@CommRing.toRing.{0} Real Real.commRing)
                                    (@Nat.rawCast.{0} Real
                                      (@AddCommMonoidWithOne.toAddMonoidWithOne.{0} Real
                                        (@NonAssocSemiring.toAddCommMonoidWithOne.{0} Real
                                          (@Semiring.toNonAssocSemiring.{0} Real
                                            (@CommSemiring.toSemiring.{0} Real Real.instCommSemiring))))
                                      (nat_lit 1))
                                    (nat_lit 1)
                                    (@Mathlib.Meta.NormNum.IsNat.of_raw.{0} Real
                                      (@AddCommMonoidWithOne.toAddMonoidWithOne.{0} Real
                                        (@NonAssocSemiring.toAddCommMonoidWithOne.{0} Real
                                          (@Semiring.toNonAssocSemiring.{0} Real
                                            (@CommSemiring.toSemiring.{0} Real Real.instCommSemiring))))
                                      (nat_lit 1)))
                                  (@Eq.refl.{1} Int (Int.negOfNat (nat_lit 1)))))))
                          (@Mathlib.Tactic.Ring.neg_zero.{0} Real Real.commRing))
                        (@Mathlib.Tactic.Ring.add_pf_add_lt.{0} Real Real.instCommSemiring
                          (@OfNat.ofNat.{0} Real (nat_lit 0)
                            (@Zero.toOfNat0.{0} Real
                              (@MulZeroClass.toZero.{0} Real
                                (@NonUnitalNonAssocSemiring.toMulZeroClass.{0} Real
                                  (@NonAssocSemiring.toNonUnitalNonAssocSemiring.{0} Real
                                    (@Semiring.toNonAssocSemiring.{0} Real
                                      (@CommSemiring.toSemiring.{0} Real Real.instCommSemiring)))))))
                          (@HAdd.hAdd.{0, 0, 0} Real Real Real
                            (@instHAdd.{0} Real
                              (@Distrib.toAdd.{0} Real
                                (@NonUnitalNonAssocSemiring.toDistrib.{0} Real
                                  (@NonAssocSemiring.toNonUnitalNonAssocSemiring.{0} Real
                                    (@Semiring.toNonAssocSemiring.{0} Real
                                      (@CommSemiring.toSemiring.{0} Real Real.instCommSemiring))))))
                            (@HMul.hMul.{0, 0, 0} Real Real Real
                              (@instHMul.{0} Real
                                (@Distrib.toMul.{0} Real
                                  (@NonUnitalNonAssocSemiring.toDistrib.{0} Real
                                    (@NonAssocSemiring.toNonUnitalNonAssocSemiring.{0} Real
                                      (@Semiring.toNonAssocSemiring.{0} Real
                                        (@CommSemiring.toSemiring.{0} Real Real.instCommSemiring))))))
                              (@HPow.hPow.{0, 0, 0} Real Nat Real
                                (@instHPow.{0, 0} Real Nat
                                  (@Monoid.toNatPow.{0} Real
                                    (@MonoidWithZero.toMonoid.{0} Real
                                      (@Semiring.toMonoidWithZero.{0} Real
                                        (@CommSemiring.toSemiring.{0} Real Real.instCommSemiring)))))
                                a
                                (@Nat.rawCast.{0} Nat
                                  (@AddCommMonoidWithOne.toAddMonoidWithOne.{0} Nat
                                    (@NonAssocSemiring.toAddCommMonoidWithOne.{0} Nat
                                      (@Semiring.toNonAssocSemiring.{0} Nat
                                        (@CommSemiring.toSemiring.{0} Nat Nat.instCommSemiring))))
                                  (nat_lit 1)))
                              (@Int.rawCast.{0} Real (@CommRing.toRing.{0} Real Real.commRing)
                                (Int.negOfNat (nat_lit 1))))
                            (@OfNat.ofNat.{0} Real (nat_lit 0)
                              (@Zero.toOfNat0.{0} Real
                                (@MulZeroClass.toZero.{0} Real
                                  (@NonUnitalNonAssocSemiring.toMulZeroClass.{0} Real
                                    (@NonAssocSemiring.toNonUnitalNonAssocSemiring.{0} Real
                                      (@Semiring.toNonAssocSemiring.{0} Real
                                        (@CommSemiring.toSemiring.{0} Real Real.instCommSemiring))))))))
                          (@HAdd.hAdd.{0, 0, 0} Real Real Real
                            (@instHAdd.{0} Real
                              (@Distrib.toAdd.{0} Real
                                (@NonUnitalNonAssocSemiring.toDistrib.{0} Real
                                  (@NonAssocSemiring.toNonUnitalNonAssocSemiring.{0} Real
                                    (@Semiring.toNonAssocSemiring.{0} Real
                                      (@CommSemiring.toSemiring.{0} Real Real.instCommSemiring))))))
                            (@HMul.hMul.{0, 0, 0} Real Real Real
                              (@instHMul.{0} Real
                                (@Distrib.toMul.{0} Real
                                  (@NonUnitalNonAssocSemiring.toDistrib.{0} Real
                                    (@NonAssocSemiring.toNonUnitalNonAssocSemiring.{0} Real
                                      (@Semiring.toNonAssocSemiring.{0} Real
                                        (@CommSemiring.toSemiring.{0} Real Real.instCommSemiring))))))
                              (@HPow.hPow.{0, 0, 0} Real Nat Real
                                (@instHPow.{0, 0} Real Nat
                                  (@Monoid.toNatPow.{0} Real
                                    (@MonoidWithZero.toMonoid.{0} Real
                                      (@Semiring.toMonoidWithZero.{0} Real
                                        (@CommSemiring.toSemiring.{0} Real Real.instCommSemiring)))))
                                a
                                (@Nat.rawCast.{0} Nat
                                  (@AddCommMonoidWithOne.toAddMonoidWithOne.{0} Nat
                                    (@NonAssocSemiring.toAddCommMonoidWithOne.{0} Nat
                                      (@Semiring.toNonAssocSemiring.{0} Nat
                                        (@CommSemiring.toSemiring.{0} Nat Nat.instCommSemiring))))
                                  (nat_lit 1)))
                              (@Int.rawCast.{0} Real (@CommRing.toRing.{0} Real Real.commRing)
                                (Int.negOfNat (nat_lit 1))))
                            (@OfNat.ofNat.{0} Real (nat_lit 0)
                              (@Zero.toOfNat0.{0} Real
                                (@MulZeroClass.toZero.{0} Real
                                  (@NonUnitalNonAssocSemiring.toMulZeroClass.{0} Real
                                    (@NonAssocSemiring.toNonUnitalNonAssocSemiring.{0} Real
                                      (@Semiring.toNonAssocSemiring.{0} Real
                                        (@CommSemiring.toSemiring.{0} Real Real.instCommSemiring))))))))
                          (@HMul.hMul.{0, 0, 0} Real Real Real
                            (@instHMul.{0} Real
                              (@Distrib.toMul.{0} Real
                                (@NonUnitalNonAssocSemiring.toDistrib.{0} Real
                                  (@NonAssocSemiring.toNonUnitalNonAssocSemiring.{0} Real
                                    (@Semiring.toNonAssocSemiring.{0} Real
                                      (@CommSemiring.toSemiring.{0} Real Real.instCommSemiring))))))
                            (@HPow.hPow.{0, 0, 0} Real Nat Real
                              (@instHPow.{0, 0} Real Nat
                                (@Monoid.toNatPow.{0} Real
                                  (@MonoidWithZero.toMonoid.{0} Real
                                    (@Semiring.toMonoidWithZero.{0} Real
                                      (@CommSemiring.toSemiring.{0} Real Real.instCommSemiring)))))
                              b
                              (@Nat.rawCast.{0} Nat
                                (@AddCommMonoidWithOne.toAddMonoidWithOne.{0} Nat
                                  (@NonAssocSemiring.toAddCommMonoidWithOne.{0} Nat
                                    (@Semiring.toNonAssocSemiring.{0} Nat
                                      (@CommSemiring.toSemiring.{0} Nat Nat.instCommSemiring))))
                                (nat_lit 1)))
                            (@Nat.rawCast.{0} Real
                              (@AddCommMonoidWithOne.toAddMonoidWithOne.{0} Real
                                (@NonAssocSemiring.toAddCommMonoidWithOne.{0} Real
                                  (@Semiring.toNonAssocSemiring.{0} ⋯ ⋯)))
                              ⋯))
                          ⋯)))
                    ⋯)
                  ⋯ ⋯)
                ⋯)
              ⋯ ⋯)
            ⋯))
        ⋯)
'N33Dynamics.absolutelyContinuous_superlevel_forward_invariant' depends on axioms: [propext,
 Classical.choice,
 Quot.sound]
N33Dynamics.absolutelyContinuous_hits_level {f : Real → Real} {a b M δ : Real} (hab : @LE.le.{0} Real Real.instLE a b)
  (hf : @AbsolutelyContinuousOnInterval.{0} Real Real.pseudoMetricSpace f a b)
  (hδ : @LT.lt.{0} Real Real.instLT (@OfNat.ofNat.{0} Real (nat_lit 0) (@Zero.toOfNat0.{0} Real Real.instZero)) δ)
  (hderivBelow :
    @Filter.Eventually.{0} Real
      (fun (u : Real) =>
        @Membership.mem.{0, 0} Real (Set.{0} Real) (@Set.instMembership.{0} Real)
            (@Set.Icc.{0} Real Real.instPreorder a b) u →
          @LT.lt.{0} Real Real.instLT (f u) M →
            @LE.le.{0} Real Real.instLE δ
              (@deriv.{0, 0} Real (@DenselyNormedField.toNontriviallyNormedField.{0} Real Real.denselyNormedField) Real
                Real.instAddCommGroup
                (@NormedSpace.toModule.{0, 0} Real Real Real.normedField
                  (@NonUnitalSeminormedRing.toSeminormedAddCommGroup.{0} Real
                    (@NonUnitalSeminormedCommRing.toNonUnitalSeminormedRing.{0} Real
                      (@SeminormedCommRing.toNonUnitalSeminormedCommRing.{0} Real
                        (@NormedCommRing.toSeminormedCommRing.{0} Real Real.normedCommRing))))
                  (@InnerProductSpace.toNormedSpace.{0, 0} Real Real Real.instRCLike
                    (@NonUnitalSeminormedRing.toSeminormedAddCommGroup.{0} Real
                      (@NonUnitalSeminormedCommRing.toNonUnitalSeminormedRing.{0} Real
                        (@SeminormedCommRing.toNonUnitalSeminormedCommRing.{0} Real
                          (@NormedCommRing.toSeminormedCommRing.{0} Real Real.normedCommRing))))
                    (@RCLike.toInnerProductSpaceReal.{0} Real Real.instRCLike)))
                (@UniformSpace.toTopologicalSpace.{0} Real
                  (@PseudoMetricSpace.toUniformSpace.{0} Real Real.pseudoMetricSpace))
                f u))
      (@MeasureTheory.ae.{0, 0} Real
        (@MeasureTheory.Measure.{0} Real (@MeasureTheory.MeasureSpace.toMeasurableSpace.{0} Real Real.measureSpace))
        (@MeasureTheory.Measure.instFunLike.{0} Real
          (@MeasureTheory.MeasureSpace.toMeasurableSpace.{0} Real Real.measureSpace))
        (@MeasureTheory.Measure.instOuterMeasureClass.{0} Real
          (@MeasureTheory.MeasureSpace.toMeasurableSpace.{0} Real Real.measureSpace))
        (@MeasureTheory.MeasureSpace.volume.{0} Real Real.measureSpace)))
  (hlong :
    @LT.lt.{0} Real Real.instLT
      (@HDiv.hDiv.{0, 0, 0} Real Real Real (@instHDiv.{0} Real (@DivInvMonoid.toDiv.{0} Real Real.instDivInvMonoid))
        (@HSub.hSub.{0, 0, 0} Real Real Real (@instHSub.{0} Real Real.instSub) M (f a)) δ)
      (@HSub.hSub.{0, 0, 0} Real Real Real (@instHSub.{0} Real Real.instSub) b a)) :
  @Exists.{1} Real fun (u : Real) =>
    And
      (@Membership.mem.{0, 0} Real (Set.{0} Real) (@Set.instMembership.{0} Real)
        (@Set.Icc.{0} Real Real.instPreorder a b) u)
      (@LE.le.{0} Real Real.instLE M (f u))
theorem N33Dynamics.absolutelyContinuous_hits_level : ∀ {f : Real → Real} {a b M δ : Real}
  (hab : @LE.le.{0} Real Real.instLE a b) (hf : @AbsolutelyContinuousOnInterval.{0} Real Real.pseudoMetricSpace f a b)
  (hδ : @LT.lt.{0} Real Real.instLT (@OfNat.ofNat.{0} Real (nat_lit 0) (@Zero.toOfNat0.{0} Real Real.instZero)) δ)
  (hderivBelow :
    @Filter.Eventually.{0} Real
      (fun (u : Real) =>
        @Membership.mem.{0, 0} Real (Set.{0} Real) (@Set.instMembership.{0} Real)
            (@Set.Icc.{0} Real Real.instPreorder a b) u →
          @LT.lt.{0} Real Real.instLT (f u) M →
            @LE.le.{0} Real Real.instLE δ
              (@deriv.{0, 0} Real (@DenselyNormedField.toNontriviallyNormedField.{0} Real Real.denselyNormedField) Real
                Real.instAddCommGroup
                (@NormedSpace.toModule.{0, 0} Real Real Real.normedField
                  (@NonUnitalSeminormedRing.toSeminormedAddCommGroup.{0} Real
                    (@NonUnitalSeminormedCommRing.toNonUnitalSeminormedRing.{0} Real
                      (@SeminormedCommRing.toNonUnitalSeminormedCommRing.{0} Real
                        (@NormedCommRing.toSeminormedCommRing.{0} Real Real.normedCommRing))))
                  (@InnerProductSpace.toNormedSpace.{0, 0} Real Real Real.instRCLike
                    (@NonUnitalSeminormedRing.toSeminormedAddCommGroup.{0} Real
                      (@NonUnitalSeminormedCommRing.toNonUnitalSeminormedRing.{0} Real
                        (@SeminormedCommRing.toNonUnitalSeminormedCommRing.{0} Real
                          (@NormedCommRing.toSeminormedCommRing.{0} Real Real.normedCommRing))))
                    (@RCLike.toInnerProductSpaceReal.{0} Real Real.instRCLike)))
                (@UniformSpace.toTopologicalSpace.{0} Real
                  (@PseudoMetricSpace.toUniformSpace.{0} Real Real.pseudoMetricSpace))
                f u))
      (@MeasureTheory.ae.{0, 0} Real
        (@MeasureTheory.Measure.{0} Real (@MeasureTheory.MeasureSpace.toMeasurableSpace.{0} Real Real.measureSpace))
        (@MeasureTheory.Measure.instFunLike.{0} Real
          (@MeasureTheory.MeasureSpace.toMeasurableSpace.{0} Real Real.measureSpace))
        (@MeasureTheory.Measure.instOuterMeasureClass.{0} Real
          (@MeasureTheory.MeasureSpace.toMeasurableSpace.{0} Real Real.measureSpace))
        (@MeasureTheory.MeasureSpace.volume.{0} Real Real.measureSpace)))
  (hlong :
    @LT.lt.{0} Real Real.instLT
      (@HDiv.hDiv.{0, 0, 0} Real Real Real (@instHDiv.{0} Real (@DivInvMonoid.toDiv.{0} Real Real.instDivInvMonoid))
        (@HSub.hSub.{0, 0, 0} Real Real Real (@instHSub.{0} Real Real.instSub) M (f a)) δ)
      (@HSub.hSub.{0, 0, 0} Real Real Real (@instHSub.{0} Real Real.instSub) b a)),
  @Exists.{1} Real fun (u : Real) =>
    And
      (@Membership.mem.{0, 0} Real (Set.{0} Real) (@Set.instMembership.{0} Real)
        (@Set.Icc.{0} Real Real.instPreorder a b) u)
      (@LE.le.{0} Real Real.instLE M (f u)) :=
fun {f : ⋯} {a b M δ : ⋯} (hab : ⋯) (hf : ⋯) (hδ : ⋯) (hderivBelow : ⋯) (hlong : ⋯) =>
  @Classical.byContradiction
    (@Exists.{1} Real fun (u : Real) =>
      And
        (@Membership.mem.{0, 0} Real (Set.{0} Real) (@Set.instMembership.{0} Real)
          (@Set.Icc.{0} Real Real.instPreorder a b) u)
        (@LE.le.{0} Real Real.instLE M (f u)))
    fun (hNoHit : ⋯) =>
    have hbelow : ⋯ :=
      fun (u : Real)
        (hu :
          @Membership.mem.{0, 0} Real (Set.{0} Real) (@Set.instMembership.{0} Real)
            (@Set.Icc.{0} Real Real.instPreorder a b) u) =>
      @Decidable.byContradiction (@LT.lt.{0} Real Real.instLT (f u) M) (Real.decidableLT (f u) M)
        fun (hnot : Not (@LT.lt.{0} Real Real.instLT (f u) M)) =>
        hNoHit
          (@Exists.intro.{1} Real
            (fun (u : Real) =>
              And
                (@Membership.mem.{0, 0} Real (Set.{0} Real) (@Set.instMembership.{0} Real)
                  (@Set.Icc.{0} Real Real.instPreorder a b) u)
                (@LE.le.{0} Real Real.instLE M (f u)))
            u
            (@And.intro
              (@Membership.mem.{0, 0} Real (Set.{0} Real) (@Set.instMembership.{0} Real)
                (@Set.Icc.{0} Real Real.instPreorder a b) u)
              (@LE.le.{0} Real Real.instLE M (f u)) hu (@le_of_not_gt.{0} Real Real.linearOrder M (f u) hnot)));
    have hderiv : ⋯ :=
      @Filter.mp_mem.{0} Real
        (@MeasureTheory.ae.{0, 0} Real
          (@MeasureTheory.Measure.{0} Real (@MeasureTheory.MeasureSpace.toMeasurableSpace.{0} Real Real.measureSpace))
          (@MeasureTheory.Measure.instFunLike.{0} Real
            (@MeasureTheory.MeasureSpace.toMeasurableSpace.{0} Real Real.measureSpace))
          (@MeasureTheory.Measure.instOuterMeasureClass.{0} Real
            (@MeasureTheory.MeasureSpace.toMeasurableSpace.{0} Real Real.measureSpace))
          (@MeasureTheory.MeasureSpace.volume.{0} Real Real.measureSpace))
        (@setOf.{0} Real fun (x : Real) =>
          (fun (u : Real) =>
              @Membership.mem.{0, 0} Real (Set.{0} Real) (@Set.instMembership.{0} Real)
                  (@Set.Icc.{0} Real Real.instPreorder a b) u →
                @LT.lt.{0} Real Real.instLT (f u) M →
                  @LE.le.{0} Real Real.instLE δ
                    (@deriv.{0, 0} Real (@DenselyNormedField.toNontriviallyNormedField.{0} Real Real.denselyNormedField)
                      Real Real.instAddCommGroup
                      (@NormedSpace.toModule.{0, 0} Real Real Real.normedField
                        (@NonUnitalSeminormedRing.toSeminormedAddCommGroup.{0} Real
                          (@NonUnitalSeminormedCommRing.toNonUnitalSeminormedRing.{0} Real
                            (@SeminormedCommRing.toNonUnitalSeminormedCommRing.{0} Real
                              (@NormedCommRing.toSeminormedCommRing.{0} Real Real.normedCommRing))))
                        (@InnerProductSpace.toNormedSpace.{0, 0} Real Real Real.instRCLike
                          (@NonUnitalSeminormedRing.toSeminormedAddCommGroup.{0} Real
                            (@NonUnitalSeminormedCommRing.toNonUnitalSeminormedRing.{0} Real
                              (@SeminormedCommRing.toNonUnitalSeminormedCommRing.{0} Real
                                (@NormedCommRing.toSeminormedCommRing.{0} Real Real.normedCommRing))))
                          (@RCLike.toInnerProductSpaceReal.{0} Real Real.instRCLike)))
                      (@UniformSpace.toTopologicalSpace.{0} Real
                        (@PseudoMetricSpace.toUniformSpace.{0} Real Real.pseudoMetricSpace))
                      f u))
            x)
        (@setOf.{0} Real fun (x : Real) =>
          (fun (u : Real) =>
              @Membership.mem.{0, 0} Real (Set.{0} Real) (@Set.instMembership.{0} Real)
                  (@Set.Icc.{0} Real Real.instPreorder a b) u →
                @LE.le.{0} Real Real.instLE δ
                  (@deriv.{0, 0} Real (@DenselyNormedField.toNontriviallyNormedField.{0} Real Real.denselyNormedField)
                    Real Real.instAddCommGroup
                    (@NormedSpace.toModule.{0, 0} Real Real Real.normedField
                      (@NonUnitalSeminormedRing.toSeminormedAddCommGroup.{0} Real
                        (@NonUnitalSeminormedCommRing.toNonUnitalSeminormedRing.{0} Real
                          (@SeminormedCommRing.toNonUnitalSeminormedCommRing.{0} Real
                            (@NormedCommRing.toSeminormedCommRing.{0} Real Real.normedCommRing))))
                      (@InnerProductSpace.toNormedSpace.{0, 0} Real Real Real.instRCLike
                        (@NonUnitalSeminormedRing.toSeminormedAddCommGroup.{0} Real
                          (@NonUnitalSeminormedCommRing.toNonUnitalSeminormedRing.{0} Real
                            (@SeminormedCommRing.toNonUnitalSeminormedCommRing.{0} Real
                              (@NormedCommRing.toSeminormedCommRing.{0} Real Real.normedCommRing))))
                        (@RCLike.toInnerProductSpaceReal.{0} Real Real.instRCLike)))
                    (@UniformSpace.toTopologicalSpace.{0} Real
                      (@PseudoMetricSpace.toUniformSpace.{0} Real Real.pseudoMetricSpace))
                    f u))
            x)
        hderivBelow
        (@Filter.univ_mem'.{0} Real
          (@MeasureTheory.ae.{0, 0} Real
            (@MeasureTheory.Measure.{0} Real (@MeasureTheory.MeasureSpace.toMeasurableSpace.{0} Real Real.measureSpace))
            (@MeasureTheory.Measure.instFunLike.{0} Real
              (@MeasureTheory.MeasureSpace.toMeasurableSpace.{0} Real Real.measureSpace))
            (@MeasureTheory.Measure.instOuterMeasureClass.{0} Real
              (@MeasureTheory.MeasureSpace.toMeasurableSpace.{0} Real Real.measureSpace))
            (@MeasureTheory.MeasureSpace.volume.{0} Real Real.measureSpace))
          (@setOf.{0} Real fun (x : Real) =>
            @Membership.mem.{0, 0} Real (Set.{0} Real) (@Set.instMembership.{0} Real)
                (@setOf.{0} Real fun (x : Real) =>
                  (fun (u : Real) =>
                      @Membership.mem.{0, 0} Real (Set.{0} Real) (@Set.instMembership.{0} Real)
                          (@Set.Icc.{0} Real Real.instPreorder a b) u →
                        @LT.lt.{0} Real Real.instLT (f u) M →
                          @LE.le.{0} Real Real.instLE δ
                            (@deriv.{0, 0} Real
                              (@DenselyNormedField.toNontriviallyNormedField.{0} Real Real.denselyNormedField) Real
                              Real.instAddCommGroup
                              (@NormedSpace.toModule.{0, 0} Real Real Real.normedField
                                (@NonUnitalSeminormedRing.toSeminormedAddCommGroup.{0} Real
                                  (@NonUnitalSeminormedCommRing.toNonUnitalSeminormedRing.{0} Real
                                    (@SeminormedCommRing.toNonUnitalSeminormedCommRing.{0} Real
                                      (@NormedCommRing.toSeminormedCommRing.{0} Real Real.normedCommRing))))
                                (@InnerProductSpace.toNormedSpace.{0, 0} Real Real Real.instRCLike
                                  (@NonUnitalSeminormedRing.toSeminormedAddCommGroup.{0} Real
                                    (@NonUnitalSeminormedCommRing.toNonUnitalSeminormedRing.{0} Real
                                      (@SeminormedCommRing.toNonUnitalSeminormedCommRing.{0} Real
                                        (@NormedCommRing.toSeminormedCommRing.{0} Real Real.normedCommRing))))
                                  (@RCLike.toInnerProductSpaceReal.{0} Real Real.instRCLike)))
                              (@UniformSpace.toTopologicalSpace.{0} Real
                                (@PseudoMetricSpace.toUniformSpace.{0} Real Real.pseudoMetricSpace))
                              f u))
                    x)
                x →
              @Membership.mem.{0, 0} Real (Set.{0} Real) (@Set.instMembership.{0} Real)
                (@setOf.{0} Real fun (x : Real) =>
                  (fun (u : Real) =>
                      @Membership.mem.{0, 0} Real (Set.{0} Real) (@Set.instMembership.{0} Real)
                          (@Set.Icc.{0} Real Real.instPreorder a b) u →
                        @LE.le.{0} Real Real.instLE δ
                          (@deriv.{0, 0} Real
                            (@DenselyNormedField.toNontriviallyNormedField.{0} Real Real.denselyNormedField) Real
                            Real.instAddCommGroup
                            (@NormedSpace.toModule.{0, 0} Real Real Real.normedField
                              (@NonUnitalSeminormedRing.toSeminormedAddCommGroup.{0} Real
                                (@NonUnitalSeminormedCommRing.toNonUnitalSeminormedRing.{0} Real
                                  (@SeminormedCommRing.toNonUnitalSeminormedCommRing.{0} Real
                                    (@NormedCommRing.toSeminormedCommRing.{0} Real Real.normedCommRing))))
                              (@InnerProductSpace.toNormedSpace.{0, 0} Real Real Real.instRCLike
                                (@NonUnitalSeminormedRing.toSeminormedAddCommGroup.{0} Real
                                  (@NonUnitalSeminormedCommRing.toNonUnitalSeminormedRing.{0} Real
                                    (@SeminormedCommRing.toNonUnitalSeminormedCommRing.{0} Real
                                      (@NormedCommRing.toSeminormedCommRing.{0} Real Real.normedCommRing))))
                                (@RCLike.toInnerProductSpaceReal.{0} Real Real.instRCLike)))
                            (@UniformSpace.toTopologicalSpace.{0} Real
                              (@PseudoMetricSpace.toUniformSpace.{0} Real Real.pseudoMetricSpace))
                            f u))
                    x)
                x)
          (@id.{0}
            (∀ (a_1 : Real),
              @Membership.mem.{0, 0} Real (Set.{0} Real) (@Set.instMembership.{0} Real)
                (@setOf.{0} Real fun (x : Real) =>
                  @Membership.mem.{0, 0} Real (Set.{0} Real) (@Set.instMembership.{0} Real)
                      (@setOf.{0} Real fun (x : Real) =>
                        (fun (u : Real) =>
                            @Membership.mem.{0, 0} Real (Set.{0} Real) (@Set.instMembership.{0} Real)
                                (@Set.Icc.{0} Real Real.instPreorder a b) u →
                              @LT.lt.{0} Real Real.instLT (f u) M →
                                @LE.le.{0} Real Real.instLE δ
                                  (@deriv.{0, 0} Real
                                    (@DenselyNormedField.toNontriviallyNormedField.{0} Real Real.denselyNormedField)
                                    Real Real.instAddCommGroup
                                    (@NormedSpace.toModule.{0, 0} Real Real Real.normedField
                                      (@NonUnitalSeminormedRing.toSeminormedAddCommGroup.{0} Real
                                        (@NonUnitalSeminormedCommRing.toNonUnitalSeminormedRing.{0} Real
                                          (@SeminormedCommRing.toNonUnitalSeminormedCommRing.{0} Real
                                            (@NormedCommRing.toSeminormedCommRing.{0} Real Real.normedCommRing))))
                                      (@InnerProductSpace.toNormedSpace.{0, 0} Real Real Real.instRCLike
                                        (@NonUnitalSeminormedRing.toSeminormedAddCommGroup.{0} Real
                                          (@NonUnitalSeminormedCommRing.toNonUnitalSeminormedRing.{0} Real
                                            (@SeminormedCommRing.toNonUnitalSeminormedCommRing.{0} Real
                                              (@NormedCommRing.toSeminormedCommRing.{0} Real Real.normedCommRing))))
                                        (@RCLike.toInnerProductSpaceReal.{0} Real Real.instRCLike)))
                                    (@UniformSpace.toTopologicalSpace.{0} Real
                                      (@PseudoMetricSpace.toUniformSpace.{0} Real Real.pseudoMetricSpace))
                                    f u))
                          x)
                      x →
                    @Membership.mem.{0, 0} Real (Set.{0} Real) (@Set.instMembership.{0} Real)
                      (@setOf.{0} Real fun (x : Real) =>
                        (fun (u : Real) =>
                            @Membership.mem.{0, 0} Real (Set.{0} Real) (@Set.instMembership.{0} Real)
                                (@Set.Icc.{0} Real Real.instPreorder a b) u →
                              @LE.le.{0} Real Real.instLE δ
                                (@deriv.{0, 0} Real
                                  (@DenselyNormedField.toNontriviallyNormedField.{0} Real Real.denselyNormedField) Real
                                  Real.instAddCommGroup
                                  (@NormedSpace.toModule.{0, 0} Real Real Real.normedField
                                    (@NonUnitalSeminormedRing.toSeminormedAddCommGroup.{0} Real
                                      (@NonUnitalSeminormedCommRing.toNonUnitalSeminormedRing.{0} Real
                                        (@SeminormedCommRing.toNonUnitalSeminormedCommRing.{0} Real
                                          (@NormedCommRing.toSeminormedCommRing.{0} Real Real.normedCommRing))))
                                    (@InnerProductSpace.toNormedSpace.{0, 0} Real Real Real.instRCLike
                                      (@NonUnitalSeminormedRing.toSeminormedAddCommGroup.{0} Real
                                        (@NonUnitalSeminormedCommRing.toNonUnitalSeminormedRing.{0} Real
                                          (@SeminormedCommRing.toNonUnitalSeminormedCommRing.{0} Real
                                            (@NormedCommRing.toSeminormedCommRing.{0} Real Real.normedCommRing))))
                                      (@RCLike.toInnerProductSpaceReal.{0} Real Real.instRCLike)))
                                  (@UniformSpace.toTopologicalSpace.{0} Real
                                    (@PseudoMetricSpace.toUniformSpace.{0} Real Real.pseudoMetricSpace))
                                  f u))
                          x)
                      x)
                a_1)
            fun (u : Real)
              (hu :
                @Membership.mem.{0, 0} Real (Set.{0} Real) (@Set.instMembership.{0} Real)
                    (@Set.Icc.{0} Real Real.instPreorder a b) u →
                  @LT.lt.{0} Real Real.instLT (f u) M →
                    @LE.le.{0} Real Real.instLE δ
                      (@deriv.{0, 0} Real
                        (@DenselyNormedField.toNontriviallyNormedField.{0} Real Real.denselyNormedField) Real
                        Real.instAddCommGroup
                        (@NormedSpace.toModule.{0, 0} Real Real Real.normedField
                          (@NonUnitalSeminormedRing.toSeminormedAddCommGroup.{0} Real
                            (@NonUnitalSeminormedCommRing.toNonUnitalSeminormedRing.{0} Real
                              (@SeminormedCommRing.toNonUnitalSeminormedCommRing.{0} Real
                                (@NormedCommRing.toSeminormedCommRing.{0} Real Real.normedCommRing))))
                          (@InnerProductSpace.toNormedSpace.{0, 0} Real Real Real.instRCLike
                            (@NonUnitalSeminormedRing.toSeminormedAddCommGroup.{0} Real
                              (@NonUnitalSeminormedCommRing.toNonUnitalSeminormedRing.{0} Real
                                (@SeminormedCommRing.toNonUnitalSeminormedCommRing.{0} Real
                                  (@NormedCommRing.toSeminormedCommRing.{0} Real Real.normedCommRing))))
                            (@RCLike.toInnerProductSpaceReal.{0} Real Real.instRCLike)))
                        (@UniformSpace.toTopologicalSpace.{0} Real
                          (@PseudoMetricSpace.toUniformSpace.{0} Real Real.pseudoMetricSpace))
                        f u))
              (huIcc :
                @Membership.mem.{0, 0} Real (Set.{0} Real) (@Set.instMembership.{0} Real)
                  (@Set.Icc.{0} Real Real.instPreorder a b) u) =>
            hu huIcc (hbelow u huIcc)));
    have hinc : ⋯ := @N33Dynamics.absolutelyContinuous_increment_ge f a b δ hab hf hderiv;
    have hbBelow : ⋯ :=
      hbelow b
        (@And.intro (@LE.le.{0} Real (@Preorder.toLE.{0} Real Real.instPreorder) a b)
          (@LE.le.{0} Real (@Preorder.toLE.{0} Real Real.instPreorder) b b) hab (@le_rfl.{0} Real Real.instPreorder b));
    have hlong' : ⋯ :=
      have hmul :
        @LT.lt.{0} Real Real.instLT (@HSub.hSub.{0, 0, 0} Real Real Real (@instHSub.{0} Real Real.instSub) M (f a))
          (@HMul.hMul.{0, 0, 0} Real Real Real (@instHMul.{0} Real Real.instMul)
            (@HSub.hSub.{0, 0, 0} Real Real Real (@instHSub.{0} Real Real.instSub) b a) δ) :=
        @Iff.mp
          (@LT.lt.{0} Real (@Preorder.toLT.{0} Real (@PartialOrder.toPreorder.{0} Real Real.partialOrder))
            (@HDiv.hDiv.{0, 0, 0} Real Real Real
              (@instHDiv.{0} Real
                (@DivInvMonoid.toDiv.{0} Real
                  (@GroupWithZero.toDivInvMonoid.{0} Real
                    (@DivisionSemiring.toGroupWithZero.{0} Real
                      (@Semifield.toDivisionSemiring.{0} Real (@Field.toSemifield.{0} Real Real.instField))))))
              (@HSub.hSub.{0, 0, 0} Real Real Real (@instHSub.{0} Real Real.instSub) M (f a)) δ)
            (@HSub.hSub.{0, 0, 0} Real Real Real (@instHSub.{0} Real Real.instSub) b a))
          (@LT.lt.{0} Real (@Preorder.toLT.{0} Real (@PartialOrder.toPreorder.{0} Real Real.partialOrder))
            (@HSub.hSub.{0, 0, 0} Real Real Real (@instHSub.{0} Real Real.instSub) M (f a))
            (@HMul.hMul.{0, 0, 0} Real Real Real
              (@instHMul.{0} Real
                (@MulZeroClass.toMul.{0} Real
                  (@MulZeroOneClass.toMulZeroClass.{0} Real
                    (@MonoidWithZero.toMulZeroOneClass.{0} Real
                      (@GroupWithZero.toMonoidWithZero.{0} Real
                        (@DivisionSemiring.toGroupWithZero.{0} Real
                          (@Semifield.toDivisionSemiring.{0} Real (@Field.toSemifield.{0} Real Real.instField))))))))
              (@HSub.hSub.{0, 0, 0} Real Real Real (@instHSub.{0} Real Real.instSub) b a) δ))
          (@div_lt_iff₀.{0} Real
            (@DivisionSemiring.toGroupWithZero.{0} Real
              (@Semifield.toDivisionSemiring.{0} Real (@Field.toSemifield.{0} Real Real.instField)))
            Real.partialOrder
            (@MulPosReflectLE.toMulPosReflectLT.{0} Real
              (@NonUnitalNonAssocSemiring.toMulZeroClass.{0} Real
                (@NonUnitalNonAssocRing.toNonUnitalNonAssocSemiring.{0} Real
                  (@NonUnitalNonAssocCommRing.toNonUnitalNonAssocRing.{0} Real
                    (@NonUnitalCommRing.toNonUnitalNonAssocCommRing.{0} Real
                      (@NonUnitalNormedCommRing.toNonUnitalCommRing.{0} Real
                        (@NormedCommRing.toNonUnitalNormedCommRing.{0} Real Real.normedCommRing))))))
              Real.partialOrder
              (@MulPosStrictMono.toMulPosReflectLE.{0} Real
                (@MulZeroClass.toMul.{0} Real
                  (@NonUnitalNonAssocSemiring.toMulZeroClass.{0} Real
                    (@NonUnitalNonAssocRing.toNonUnitalNonAssocSemiring.{0} Real
                      (@NonUnitalNonAssocCommRing.toNonUnitalNonAssocRing.{0} Real
                        (@NonUnitalCommRing.toNonUnitalNonAssocCommRing.{0} Real
                          (@NonUnitalNormedCommRing.toNonUnitalCommRing.{0} Real
                            (@NormedCommRing.toNonUnitalNormedCommRing.{0} Real Real.normedCommRing)))))))
                (@MulZeroClass.toZero.{0} Real
                  (@NonUnitalNonAssocSemiring.toMulZeroClass.{0} Real
                    (@NonUnitalNonAssocRing.toNonUnitalNonAssocSemiring.{0} Real
                      (@NonUnitalNonAssocCommRing.toNonUnitalNonAssocRing.{0} Real
                        (@NonUnitalCommRing.toNonUnitalNonAssocCommRing.{0} Real
                          (@NonUnitalNormedCommRing.toNonUnitalCommRing.{0} Real
                            (@NormedCommRing.toNonUnitalNormedCommRing.{0} Real Real.normedCommRing)))))))
                Real.linearOrder
                (@IsStrictOrderedRing.toMulPosStrictMono.{0} Real Real.semiring Real.partialOrder
                  Real.instIsStrictOrderedRing)))
            (@HSub.hSub.{0, 0, 0} Real Real Real (@instHSub.{0} Real Real.instSub) b a)
            (@HSub.hSub.{0, 0, 0} Real Real Real (@instHSub.{0} Real Real.instSub) M (f a)) δ hδ)
          hlong;
      @Eq.mpr.{0}
        (@LT.lt.{0} Real Real.instLT (@HSub.hSub.{0, 0, 0} Real Real Real (@instHSub.{0} Real Real.instSub) M (f a))
          (@HMul.hMul.{0, 0, 0} Real Real Real (@instHMul.{0} Real Real.instMul) δ
            (@HSub.hSub.{0, 0, 0} Real Real Real (@instHSub.{0} Real Real.instSub) b a)))
        (@LT.lt.{0} Real Real.instLT (@HSub.hSub.{0, 0, 0} Real Real Real (@instHSub.{0} Real Real.instSub) M (f a))
          (@HMul.hMul.{0, 0, 0} Real Real Real (@instHMul.{0} Real Real.instMul) δ
            (@HSub.hSub.{0, 0, 0} Real Real Real (@instHSub.{0} Real Real.instSub) b a)))
        (@id.{0}
          (@Eq.{1} Prop
            (@LT.lt.{0} Real Real.instLT (@HSub.hSub.{0, 0, 0} Real Real Real (@instHSub.{0} Real Real.instSub) M (f a))
              (@HMul.hMul.{0, 0, 0} Real Real Real (@instHMul.{0} Real Real.instMul) δ
                (@HSub.hSub.{0, 0, 0} Real Real Real (@instHSub.{0} Real Real.instSub) b a)))
            (@LT.lt.{0} Real Real.instLT (@HSub.hSub.{0, 0, 0} Real Real Real (@instHSub.{0} Real Real.instSub) M (f a))
              (@HMul.hMul.{0, 0, 0} Real Real Real (@instHMul.{0} Real Real.instMul) δ
                (@HSub.hSub.{0, 0, 0} Real Real Real (@instHSub.{0} Real Real.instSub) b a))))
          (@gt_iff_lt._simp_1.{0} Real Real.instLT
            (@HMul.hMul.{0, 0, 0} Real Real Real (@instHMul.{0} Real Real.instMul) δ
              (@HSub.hSub.{0, 0, 0} Real Real Real (@instHSub.{0} Real Real.instSub) b a))
            (@HSub.hSub.{0, 0, 0} Real Real Real (@instHSub.{0} Real Real.instSub) M (f a))))
        (@Eq.mp.{0}
          (@LT.lt.{0} Real Real.instLT (@HSub.hSub.{0, 0, 0} Real Real Real (@instHSub.{0} Real Real.instSub) M (f a))
            (@HMul.hMul.{0, 0, 0} Real Real Real (@instHMul.{0} Real Real.instMul)
              (@HSub.hSub.{0, 0, 0} Real Real Real (@instHSub.{0} Real Real.instSub) b a) δ))
          (@LT.lt.{0} Real Real.instLT (@HSub.hSub.{0, 0, 0} Real Real Real (@instHSub.{0} Real Real.instSub) M (f a))
            (@HMul.hMul.{0, 0, 0} Real Real Real
              (@instHMul.{0} Real
                (@CommMagma.toMul.{0} Real
                  (@NonUnitalNonAssocCommSemiring.toCommMagma.{0} Real
                    (@NonUnitalNonAssocCommRing.toNonUnitalNonAssocCommSemiring.{0} Real
                      (@NonUnitalCommRing.toNonUnitalNonAssocCommRing.{0} Real
                        (@NonUnitalNormedCommRing.toNonUnitalCommRing.{0} Real
                          (@NormedCommRing.toNonUnitalNormedCommRing.{0} Real Real.normedCommRing)))))))
              δ (@HSub.hSub.{0, 0, 0} Real Real Real (@instHSub.{0} Real Real.instSub) b a)))
          (@congrArg.{1, 1} Real Prop
            (@HMul.hMul.{0, 0, 0} Real Real Real (@instHMul.{0} Real Real.instMul)
              (@HSub.hSub.{0, 0, 0} Real Real Real (@instHSub.{0} Real Real.instSub) b a) δ)
            (@HMul.hMul.{0, 0, 0} Real Real Real
              (@instHMul.{0} Real
                (@CommMagma.toMul.{0} Real
                  (@NonUnitalNonAssocCommSemiring.toCommMagma.{0} Real
                    (@NonUnitalNonAssocCommRing.toNonUnitalNonAssocCommSemiring.{0} Real
                      (@NonUnitalCommRing.toNonUnitalNonAssocCommRing.{0} Real
                        (@NonUnitalNormedCommRing.toNonUnitalCommRing.{0} Real
                          (@NormedCommRing.toNonUnitalNormedCommRing.{0} Real Real.normedCommRing)))))))
              δ (@HSub.hSub.{0, 0, 0} Real Real Real (@instHSub.{0} Real Real.instSub) b a))
            (@LT.lt.{0} Real Real.instLT
              (@HSub.hSub.{0, 0, 0} Real Real Real (@instHSub.{0} Real Real.instSub) M (f a)))
            (@mul_comm.{0} Real
              (@NonUnitalNonAssocCommSemiring.toCommMagma.{0} Real
                (@NonUnitalNonAssocCommRing.toNonUnitalNonAssocCommSemiring.{0} Real
                  (@NonUnitalCommRing.toNonUnitalNonAssocCommRing.{0} Real
                    (@NonUnitalNormedCommRing.toNonUnitalCommRing.{0} Real
                      (@NormedCommRing.toNonUnitalNormedCommRing.{0} Real Real.normedCommRing)))))
              (@HSub.hSub.{0, 0, 0} Real Real Real (@instHSub.{0} Real Real.instSub) b a) δ))
          hmul);
    @False.elim.{0} False
      (@Mathlib.Tactic.Linarith.lt_irrefl.{0} Real Real.instPreorder
        (@OfNat.ofNat.{0} Real (nat_lit 0) (@Zero.toOfNat0.{0} Real Real.instZero))
        (@Eq.mp.{0}
          (@LT.lt.{0} Real (@Preorder.toLT.{0} Real (@PartialOrder.toPreorder.{0} Real Real.partialOrder))
            (@HAdd.hAdd.{0, 0, 0} Real Real Real
              (@instHAdd.{0} Real
                (@AddSemigroup.toAdd.{0} Real (@AddMonoid.toAddSemigroup.{0} Real Real.instAddMonoid)))
              (@HAdd.hAdd.{0, 0, 0} Real Real Real
                (@instHAdd.{0} Real
                  (@AddSemigroup.toAdd.{0} Real (@AddMonoid.toAddSemigroup.{0} Real Real.instAddMonoid)))
                (@HSub.hSub.{0, 0, 0} Real Real Real
                  (@instHSub.{0} Real
                    (@SubNegMonoid.toSub.{0} Real
                      (@AddGroup.toSubNegMonoid.{0} Real
                        (@AddGroupWithOne.toAddGroup.{0} Real (@Ring.toAddGroupWithOne.{0} Real Real.instRing)))))
                  (@HMul.hMul.{0, 0, 0} Real Real Real (@instHMul.{0} Real Real.instMul) δ
                    (@HSub.hSub.{0, 0, 0} Real Real Real (@instHSub.{0} Real Real.instSub) b a))
                  (@HSub.hSub.{0, 0, 0} Real Real Real (@instHSub.{0} Real Real.instSub) (f b) (f a)))
                (@HSub.hSub.{0, 0, 0} Real Real Real
                  (@instHSub.{0} Real
                    (@SubNegMonoid.toSub.{0} Real
                      (@AddGroup.toSubNegMonoid.{0} Real
                        (@AddGroupWithOne.toAddGroup.{0} Real (@Ring.toAddGroupWithOne.{0} Real Real.instRing)))))
                  (f b) M))
              (@HSub.hSub.{0, 0, 0} Real Real Real
                (@instHSub.{0} Real
                  (@SubNegMonoid.toSub.{0} Real
                    (@AddGroup.toSubNegMonoid.{0} Real
                      (@AddGroupWithOne.toAddGroup.{0} Real (@Ring.toAddGroupWithOne.{0} Real Real.instRing)))))
                (@HSub.hSub.{0, 0, 0} Real Real Real (@instHSub.{0} Real Real.instSub) M (f a))
                (@HMul.hMul.{0, 0, 0} Real Real Real (@instHMul.{0} Real Real.instMul) δ
                  (@HSub.hSub.{0, 0, 0} Real Real Real (@instHSub.{0} Real Real.instSub) b a))))
            (@OfNat.ofNat.{0} Real (nat_lit 0)
              (@Zero.toOfNat0.{0} Real
                (@MulZeroClass.toZero.{0} Real
                  (@NonUnitalNonAssocSemiring.toMulZeroClass.{0} Real
                    (@NonAssocSemiring.toNonUnitalNonAssocSemiring.{0} Real
                      (@Semiring.toNonAssocSemiring.{0} Real Real.semiring)))))))
          (@LT.lt.{0} Real (@Preorder.toLT.{0} Real (@PartialOrder.toPreorder.{0} Real Real.partialOrder))
            (@OfNat.ofNat.{0} Real (nat_lit 0) (@Zero.toOfNat0.{0} Real Real.instZero))
            (@OfNat.ofNat.{0} Real (nat_lit 0)
              (@Zero.toOfNat0.{0} Real
                (@MulZeroClass.toZero.{0} Real
                  (@NonUnitalNonAssocSemiring.toMulZeroClass.{0} Real
                    (@NonAssocSemiring.toNonUnitalNonAssocSemiring.{0} Real
                      (@Semiring.toNonAssocSemiring.{0} Real Real.semiring)))))))
          (@congrArg.{1, 1} Real Prop
            (@HAdd.hAdd.{0, 0, 0} Real Real Real
              (@instHAdd.{0} Real
                (@AddSemigroup.toAdd.{0} Real (@AddMonoid.toAddSemigroup.{0} Real Real.instAddMonoid)))
              (@HAdd.hAdd.{0, 0, 0} Real Real Real
                (@instHAdd.{0} Real
                  (@AddSemigroup.toAdd.{0} Real (@AddMonoid.toAddSemigroup.{0} Real Real.instAddMonoid)))
                (@HSub.hSub.{0, 0, 0} Real Real Real
                  (@instHSub.{0} Real
                    (@SubNegMonoid.toSub.{0} Real
                      (@AddGroup.toSubNegMonoid.{0} Real
                        (@AddGroupWithOne.toAddGroup.{0} Real (@Ring.toAddGroupWithOne.{0} Real Real.instRing)))))
                  (@HMul.hMul.{0, 0, 0} Real Real Real (@instHMul.{0} Real Real.instMul) δ
                    (@HSub.hSub.{0, 0, 0} Real Real Real (@instHSub.{0} Real Real.instSub) b a))
                  (@HSub.hSub.{0, 0, 0} Real Real Real (@instHSub.{0} Real Real.instSub) (f b) (f a)))
                (@HSub.hSub.{0, 0, 0} Real Real Real
                  (@instHSub.{0} Real
                    (@SubNegMonoid.toSub.{0} Real
                      (@AddGroup.toSubNegMonoid.{0} Real
                        (@AddGroupWithOne.toAddGroup.{0} Real (@Ring.toAddGroupWithOne.{0} Real Real.instRing)))))
                  (f b) M))
              (@HSub.hSub.{0, 0, 0} Real Real Real
                (@instHSub.{0} Real
                  (@SubNegMonoid.toSub.{0} Real
                    (@AddGroup.toSubNegMonoid.{0} Real
                      (@AddGroupWithOne.toAddGroup.{0} Real (@Ring.toAddGroupWithOne.{0} Real Real.instRing)))))
                (@HSub.hSub.{0, 0, 0} Real Real Real (@instHSub.{0} Real Real.instSub) M (f a))
                (@HMul.hMul.{0, 0, 0} Real Real Real (@instHMul.{0} Real Real.instMul) δ
                  (@HSub.hSub.{0, 0, 0} Real Real Real (@instHSub.{0} Real Real.instSub) b a))))
            (@OfNat.ofNat.{0} Real (nat_lit 0) (@Zero.toOfNat0.{0} Real Real.instZero))
            (fun (_a : Real) =>
              @LT.lt.{0} Real (@Preorder.toLT.{0} Real (@PartialOrder.toPreorder.{0} Real Real.partialOrder)) _a
                (@OfNat.ofNat.{0} Real (nat_lit 0)
                  (@Zero.toOfNat0.{0} Real
                    (@MulZeroClass.toZero.{0} Real
                      (@NonUnitalNonAssocSemiring.toMulZeroClass.{0} Real
                        (@NonAssocSemiring.toNonUnitalNonAssocSemiring.{0} Real
                          (@Semiring.toNonAssocSemiring.{0} Real Real.semiring)))))))
            (@Mathlib.Tactic.Ring.of_eq.{1} Real
              (@HAdd.hAdd.{0, 0, 0} Real Real Real
                (@instHAdd.{0} Real
                  (@AddSemigroup.toAdd.{0} Real (@AddMonoid.toAddSemigroup.{0} Real Real.instAddMonoid)))
                (@HAdd.hAdd.{0, 0, 0} Real Real Real
                  (@instHAdd.{0} Real
                    (@AddSemigroup.toAdd.{0} Real (@AddMonoid.toAddSemigroup.{0} Real Real.instAddMonoid)))
                  (@HSub.hSub.{0, 0, 0} Real Real Real
                    (@instHSub.{0} Real
                      (@SubNegMonoid.toSub.{0} Real
                        (@AddGroup.toSubNegMonoid.{0} Real
                          (@AddGroupWithOne.toAddGroup.{0} Real (@Ring.toAddGroupWithOne.{0} Real Real.instRing)))))
                    (@HMul.hMul.{0, 0, 0} Real Real Real (@instHMul.{0} Real Real.instMul) δ
                      (@HSub.hSub.{0, 0, 0} Real Real Real (@instHSub.{0} Real Real.instSub) b a))
                    (@HSub.hSub.{0, 0, 0} Real Real Real (@instHSub.{0} Real Real.instSub) (f b) (f a)))
                  (@HSub.hSub.{0, 0, 0} Real Real Real
                    (@instHSub.{0} Real
                      (@SubNegMonoid.toSub.{0} Real
                        (@AddGroup.toSubNegMonoid.{0} Real
                          (@AddGroupWithOne.toAddGroup.{0} Real (@Ring.toAddGroupWithOne.{0} Real Real.instRing)))))
                    (f b) M))
                (@HSub.hSub.{0, 0, 0} Real Real Real
                  (@instHSub.{0} Real
                    (@SubNegMonoid.toSub.{0} Real
                      (@AddGroup.toSubNegMonoid.{0} Real
                        (@AddGroupWithOne.toAddGroup.{0} Real (@Ring.toAddGroupWithOne.{0} Real Real.instRing)))))
                  (@HSub.hSub.{0, 0, 0} Real Real Real (@instHSub.{0} Real Real.instSub) M (f a))
                  (@HMul.hMul.{0, 0, 0} Real Real Real (@instHMul.{0} Real Real.instMul) δ
                    (@HSub.hSub.{0, 0, 0} Real Real Real (@instHSub.{0} Real Real.instSub) b a))))
              (@OfNat.ofNat.{0} Real (nat_lit 0) (@Zero.toOfNat0.{0} Real Real.instZero))
              (@OfNat.ofNat.{0} Real (nat_lit 0)
                (@Zero.toOfNat0.{0} Real
                  (@MulZeroClass.toZero.{0} Real
                    (@NonUnitalNonAssocSemiring.toMulZeroClass.{0} Real
                      (@NonAssocSemiring.toNonUnitalNonAssocSemiring.{0} Real
                        (@Semiring.toNonAssocSemiring.{0} Real
                          (@CommSemiring.toSemiring.{0} Real Real.instCommSemiring)))))))
              (@Mathlib.Tactic.Ring.add_congr.{0} Real Real.instCommSemiring
                (@HAdd.hAdd.{0, 0, 0} Real Real Real
                  (@instHAdd.{0} Real
                    (@AddSemigroup.toAdd.{0} Real (@AddMonoid.toAddSemigroup.{0} Real Real.instAddMonoid)))
                  (@HSub.hSub.{0, 0, 0} Real Real Real
                    (@instHSub.{0} Real
                      (@SubNegMonoid.toSub.{0} Real
                        (@AddGroup.toSubNegMonoid.{0} Real
                          (@AddGroupWithOne.toAddGroup.{0} Real (@Ring.toAddGroupWithOne.{0} Real Real.instRing)))))
                    (@HMul.hMul.{0, 0, 0} Real Real Real (@instHMul.{0} Real Real.instMul) δ
                      (@HSub.hSub.{0, 0, 0} Real Real Real (@instHSub.{0} Real Real.instSub) b a))
                    (@HSub.hSub.{0, 0, 0} Real Real Real (@instHSub.{0} Real Real.instSub) (f b) (f a)))
                  (@HSub.hSub.{0, 0, 0} Real Real Real
                    (@instHSub.{0} Real
                      (@SubNegMonoid.toSub.{0} Real
                        (@AddGroup.toSubNegMonoid.{0} Real
                          (@AddGroupWithOne.toAddGroup.{0} Real (@Ring.toAddGroupWithOne.{0} Real Real.instRing)))))
                    (f b) M))
                (@HAdd.hAdd.{0, 0, 0} Real Real Real
                  (@instHAdd.{0} Real
                    (@Distrib.toAdd.{0} Real
                      (@NonUnitalNonAssocSemiring.toDistrib.{0} Real
                        (@NonAssocSemiring.toNonUnitalNonAssocSemiring.{0} Real
                          (@Semiring.toNonAssocSemiring.{0} Real
                            (@CommSemiring.toSemiring.{0} Real Real.instCommSemiring))))))
                  (@HMul.hMul.{0, 0, 0} Real Real Real
                    (@instHMul.{0} Real
                      (@Distrib.toMul.{0} Real
                        (@NonUnitalNonAssocSemiring.toDistrib.{0} Real
                          (@NonAssocSemiring.toNonUnitalNonAssocSemiring.{0} Real
                            (@Semiring.toNonAssocSemiring.{0} Real
                              (@CommSemiring.toSemiring.{0} Real Real.instCommSemiring))))))
                    (@HPow.hPow.{0, 0, 0} Real Nat Real
                      (@instHPow.{0, 0} Real Nat
                        (@Monoid.toNatPow.{0} Real
                          (@MonoidWithZero.toMonoid.{0} Real
                            (@Semiring.toMonoidWithZero.{0} Real
                              (@CommSemiring.toSemiring.{0} Real Real.instCommSemiring)))))
                      δ
                      (@Nat.rawCast.{0} Nat
                        (@AddCommMonoidWithOne.toAddMonoidWithOne.{0} Nat
                          (@NonAssocSemiring.toAddCommMonoidWithOne.{0} Nat
                            (@Semiring.toNonAssocSemiring.{0} Nat
                              (@CommSemiring.toSemiring.{0} Nat Nat.instCommSemiring))))
                        (nat_lit 1)))
                    (@HMul.hMul.{0, 0, 0} Real Real Real
                      (@instHMul.{0} Real
                        (@Distrib.toMul.{0} Real
                          (@NonUnitalNonAssocSemiring.toDistrib.{0} Real
                            (@NonAssocSemiring.toNonUnitalNonAssocSemiring.{0} Real
                              (@Semiring.toNonAssocSemiring.{0} Real
                                (@CommSemiring.toSemiring.{0} Real Real.instCommSemiring))))))
                      (@HPow.hPow.{0, 0, 0} Real Nat Real
                        (@instHPow.{0, 0} Real Nat
                          (@Monoid.toNatPow.{0} Real
                            (@MonoidWithZero.toMonoid.{0} Real
                              (@Semiring.toMonoidWithZero.{0} Real
                                (@CommSemiring.toSemiring.{0} Real Real.instCommSemiring)))))
                        b
                        (@Nat.rawCast.{0} Nat
                          (@AddCommMonoidWithOne.toAddMonoidWithOne.{0} Nat
                            (@NonAssocSemiring.toAddCommMonoidWithOne.{0} Nat
                              (@Semiring.toNonAssocSemiring.{0} Nat
                                (@CommSemiring.toSemiring.{0} Nat Nat.instCommSemiring))))
                          (nat_lit 1)))
                      (@Nat.rawCast.{0} Real
                        (@AddCommMonoidWithOne.toAddMonoidWithOne.{0} Real
                          (@NonAssocSemiring.toAddCommMonoidWithOne.{0} Real
                            (@Semiring.toNonAssocSemiring.{0} Real
                              (@CommSemiring.toSemiring.{0} Real Real.instCommSemiring))))
                        (nat_lit 1))))
                  (@HAdd.hAdd.{0, 0, 0} Real Real Real
                    (@instHAdd.{0} Real
                      (@Distrib.toAdd.{0} Real
                        (@NonUnitalNonAssocSemiring.toDistrib.{0} Real
                          (@NonAssocSemiring.toNonUnitalNonAssocSemiring.{0} Real
                            (@Semiring.toNonAssocSemiring.{0} Real
                              (@CommSemiring.toSemiring.{0} Real Real.instCommSemiring))))))
                    (@HMul.hMul.{0, 0, 0} Real Real Real
                      (@instHMul.{0} Real
                        (@Distrib.toMul.{0} Real
                          (@NonUnitalNonAssocSemiring.toDistrib.{0} Real
                            (@NonAssocSemiring.toNonUnitalNonAssocSemiring.{0} Real
                              (@Semiring.toNonAssocSemiring.{0} Real
                                (@CommSemiring.toSemiring.{0} Real Real.instCommSemiring))))))
                      (@HPow.hPow.{0, 0, 0} Real Nat Real
                        (@instHPow.{0, 0} Real Nat
                          (@Monoid.toNatPow.{0} Real
                            (@MonoidWithZero.toMonoid.{0} Real
                              (@Semiring.toMonoidWithZero.{0} Real
                                (@CommSemiring.toSemiring.{0} Real Real.instCommSemiring)))))
                        δ
                        (@Nat.rawCast.{0} Nat
                          (@AddCommMonoidWithOne.toAddMonoidWithOne.{0} Nat
                            (@NonAssocSemiring.toAddCommMonoidWithOne.{0} Nat
                              (@Semiring.toNonAssocSemiring.{0} Nat
                                (@CommSemiring.toSemiring.{0} Nat Nat.instCommSemiring))))
                          (nat_lit 1)))
                      (@HMul.hMul.{0, 0, 0} Real Real Real
                        (@instHMul.{0} Real
                          (@Distrib.toMul.{0} Real
                            (@NonUnitalNonAssocSemiring.toDistrib.{0} Real
                              (@NonAssocSemiring.toNonUnitalNonAssocSemiring.{0} Real
                                (@Semiring.toNonAssocSemiring.{0} Real
                                  (@CommSemiring.toSemiring.{0} Real Real.instCommSemiring))))))
                        (@HPow.hPow.{0, 0, 0} Real Nat Real
                          (@instHPow.{0, 0} Real Nat
                            (@Monoid.toNatPow.{0} Real
                              (@MonoidWithZero.toMonoid.{0} Real
                                (@Semiring.toMonoidWithZero.{0} Real
                                  (@CommSemiring.toSemiring.{0} Real Real.instCommSemiring)))))
                          a
                          (@Nat.rawCast.{0} Nat
                            (@AddCommMonoidWithOne.toAddMonoidWithOne.{0} Nat
                              (@NonAssocSemiring.toAddCommMonoidWithOne.{0} Nat
                                (@Semiring.toNonAssocSemiring.{0} Nat
                                  (@CommSemiring.toSemiring.{0} Nat Nat.instCommSemiring))))
                            (nat_lit 1)))
                        (@Int.rawCast.{0} Real (@CommRing.toRing.{0} Real Real.commRing) (Int.negOfNat (nat_lit 1)))))
                    (@HAdd.hAdd.{0, 0, 0} Real Real Real
                      (@instHAdd.{0} Real
                        (@Distrib.toAdd.{0} Real
                          (@NonUnitalNonAssocSemiring.toDistrib.{0} Real
                            (@NonAssocSemiring.toNonUnitalNonAssocSemiring.{0} Real
                              (@Semiring.toNonAssocSemiring.{0} Real
                                (@CommSemiring.toSemiring.{0} Real Real.instCommSemiring))))))
                      (@HMul.hMul.{0, 0, 0} Real Real Real
                        (@instHMul.{0} Real
                          (@Distrib.toMul.{0} Real
                            (@NonUnitalNonAssocSemiring.toDistrib.{0} Real
                              (@NonAssocSemiring.toNonUnitalNonAssocSemiring.{0} Real
                                (@Semiring.toNonAssocSemiring.{0} Real
                                  (@CommSemiring.toSemiring.{0} Real Real.instCommSemiring))))))
                        (@HPow.hPow.{0, 0, 0} Real Nat Real
                          (@instHPow.{0, 0} Real Nat
                            (@Monoid.toNatPow.{0} Real
                              (@MonoidWithZero.toMonoid.{0} Real
                                (@Semiring.toMonoidWithZero.{0} Real
                                  (@CommSemiring.toSemiring.{0} Real Real.instCommSemiring)))))
                          (f a)
                          (@Nat.rawCast.{0} Nat
                            (@AddCommMonoidWithOne.toAddMonoidWithOne.{0} Nat
                              (@NonAssocSemiring.toAddCommMonoidWithOne.{0} Nat
                                (@Semiring.toNonAssocSemiring.{0} Nat
                                  (@CommSemiring.toSemiring.{0} Nat Nat.instCommSemiring))))
                            (nat_lit 1)))
                        (@Nat.rawCast.{0} Real
                          (@Mathlib.Meta.NormNum.instAddMonoidWithOne.{0} Real
                            (@CommRing.toRing.{0} Real Real.commRing))
                          (nat_lit 1)))
                      (@HAdd.hAdd.{0, 0, 0} Real Real Real
                        (@instHAdd.{0} Real
                          (@Distrib.toAdd.{0} Real
                            (@NonUnitalNonAssocSemiring.toDistrib.{0} Real
                              (@NonAssocSemiring.toNonUnitalNonAssocSemiring.{0} Real
                                (@Semiring.toNonAssocSemiring.{0} Real
                                  (@CommSemiring.toSemiring.{0} Real Real.instCommSemiring))))))
                        (@HMul.hMul.{0, 0, 0} Real Real Real
                          (@instHMul.{0} Real
                            (@Distrib.toMul.{0} Real
                              (@NonUnitalNonAssocSemiring.toDistrib.{0} Real
                                (@NonAssocSemiring.toNonUnitalNonAssocSemiring.{0} Real
                                  (@Semiring.toNonAssocSemiring.{0} Real
                                    (@CommSemiring.toSemiring.{0} Real Real.instCommSemiring))))))
                          (@HPow.hPow.{0, 0, 0} Real Nat Real
                            (@instHPow.{0, 0} Real Nat
                              (@Monoid.toNatPow.{0} Real
                                (@MonoidWithZero.toMonoid.{0} Real
                                  (@Semiring.toMonoidWithZero.{0} Real
                                    (@CommSemiring.toSemiring.{0} Real Real.instCommSemiring)))))
                            M
                            (@Nat.rawCast.{0} Nat
                              (@AddCommMonoidWithOne.toAddMonoidWithOne.{0} Nat
                                (@NonAssocSemiring.toAddCommMonoidWithOne.{0} Nat
                                  (@Semiring.toNonAssocSemiring.{0} Nat
                                    (@CommSemiring.toSemiring.{0} Nat Nat.instCommSemiring))))
                              (nat_lit 1)))
                          (@Int.rawCast.{0} Real (@CommRing.toRing.{0} Real Real.commRing) (Int.negOfNat (nat_lit 1))))
                        (@OfNat.ofNat.{0} Real (nat_lit 0)
                          (@Zero.toOfNat0.{0} Real
                            (@MulZeroClass.toZero.{0} Real
                              (@NonUnitalNonAssocSemiring.toMulZeroClass.{0} Real
                                (@NonAssocSemiring.toNonUnitalNonAssocSemiring.{0} Real
                                  (@Semiring.toNonAssocSemiring.{0} Real
                                    (@CommSemiring.toSemiring.{0} Real Real.instCommSemiring)))))))))))
                (@HSub.hSub.{0, 0, 0} Real Real Real
                  (@instHSub.{0} Real
                    (@SubNegMonoid.toSub.{0} Real
                      (@AddGroup.toSubNegMonoid.{0} Real
                        (@AddGroupWithOne.toAddGroup.{0} Real (@Ring.toAddGroupWithOne.{0} Real Real.instRing)))))
                  (@HSub.hSub.{0, 0, 0} Real Real Real (@instHSub.{0} Real Real.instSub) M (f a))
                  (@HMul.hMul.{0, 0, 0} Real Real Real (@instHMul.{0} Real Real.instMul) δ
                    (@HSub.hSub.{0, 0, 0} Real Real Real (@instHSub.{0} Real Real.instSub) b a)))
                (@HAdd.hAdd.{0, 0, 0} Real Real Real
                  (@instHAdd.{0} Real
                    (@Distrib.toAdd.{0} Real
                      (@NonUnitalNonAssocSemiring.toDistrib.{0} Real
                        (@NonAssocSemiring.toNonUnitalNonAssocSemiring.{0} Real
                          (@Semiring.toNonAssocSemiring.{0} Real
                            (@CommSemiring.toSemiring.{0} Real Real.instCommSemiring))))))
                  (@HMul.hMul.{0, 0, 0} Real Real Real
                    (@instHMul.{0} Real
                      (@Distrib.toMul.{0} Real
                        (@NonUnitalNonAssocSemiring.toDistrib.{0} Real
                          (@NonAssocSemiring.toNonUnitalNonAssocSemiring.{0} Real
                            (@Semiring.toNonAssocSemiring.{0} Real
                              (@CommSemiring.toSemiring.{0} Real Real.instCommSemiring))))))
                    (@HPow.hPow.{0, 0, 0} Real Nat Real
                      (@instHPow.{0, 0} Real Nat
                        (@Monoid.toNatPow.{0} Real
                          (@MonoidWithZero.toMonoid.{0} Real
                            (@Semiring.toMonoidWithZero.{0} Real
                              (@CommSemiring.toSemiring.{0} Real Real.instCommSemiring)))))
                      δ
                      (@Nat.rawCast.{0} Nat
                        (@AddCommMonoidWithOne.toAddMonoidWithOne.{0} Nat
                          (@NonAssocSemiring.toAddCommMonoidWithOne.{0} Nat
                            (@Semiring.toNonAssocSemiring.{0} Nat
                              (@CommSemiring.toSemiring.{0} Nat Nat.instCommSemiring))))
                        (nat_lit 1)))
                    (@HMul.hMul.{0, 0, 0} Real Real Real
                      (@instHMul.{0} Real
                        (@Distrib.toMul.{0} Real
                          (@NonUnitalNonAssocSemiring.toDistrib.{0} Real
                            (@NonAssocSemiring.toNonUnitalNonAssocSemiring.{0} Real
                              (@Semiring.toNonAssocSemiring.{0} Real
                                (@CommSemiring.toSemiring.{0} Real Real.instCommSemiring))))))
                      (@HPow.hPow.{0, 0, 0} Real Nat Real
                        (@instHPow.{0, 0} Real Nat
                          (@Monoid.toNatPow.{0} Real
                            (@MonoidWithZero.toMonoid.{0} Real
                              (@Semiring.toMonoidWithZero.{0} Real
                                (@CommSemiring.toSemiring.{0} Real Real.instCommSemiring)))))
                        b
                        (@Nat.rawCast.{0} Nat
                          (@AddCommMonoidWithOne.toAddMonoidWithOne.{0} Nat
                            (@NonAssocSemiring.toAddCommMonoidWithOne.{0} Nat
                              (@Semiring.toNonAssocSemiring.{0} Nat
                                (@CommSemiring.toSemiring.{0} Nat Nat.instCommSemiring))))
                          (nat_lit 1)))
                      (@Int.rawCast.{0} Real (@CommRing.toRing.{0} Real Real.commRing) (Int.negOfNat (nat_lit 1)))))
                  (@HAdd.hAdd.{0, 0, 0} Real Real Real
                    (@instHAdd.{0} Real
                      (@Distrib.toAdd.{0} Real
                        (@NonUnitalNonAssocSemiring.toDistrib.{0} Real
                          (@NonAssocSemiring.toNonUnitalNonAssocSemiring.{0} Real
                            (@Semiring.toNonAssocSemiring.{0} Real
                              (@CommSemiring.toSemiring.{0} Real Real.instCommSemiring))))))
                    (@HMul.hMul.{0, 0, 0} Real Real Real
                      (@instHMul.{0} Real
                        (@Distrib.toMul.{0} Real
                          (@NonUnitalNonAssocSemiring.toDistrib.{0} Real
                            (@NonAssocSemiring.toNonUnitalNonAssocSemiring.{0} Real
                              (@Semiring.toNonAssocSemiring.{0} Real
                                (@CommSemiring.toSemiring.{0} Real Real.instCommSemiring))))))
                      (@HPow.hPow.{0, 0, 0} Real Nat Real
                        (@instHPow.{0, 0} Real Nat
                          (@Monoid.toNatPow.{0} Real
                            (@MonoidWithZero.toMonoid.{0} Real
                              (@Semiring.toMonoidWithZero.{0} Real
                                (@CommSemiring.toSemiring.{0} Real Real.instCommSemiring)))))
                        δ
                        (@Nat.rawCast.{0} Nat
                          (@AddCommMonoidWithOne.toAddMonoidWithOne.{0} Nat
                            (@NonAssocSemiring.toAddCommMonoidWithOne.{0} Nat
                              (@Semiring.toNonAssocSemiring.{0} Nat
                                (@CommSemiring.toSemiring.{0} Nat Nat.instCommSemiring))))
                          (nat_lit 1)))
                      (@HMul.hMul.{0, 0, 0} Real Real Real
                        (@instHMul.{0} Real
                          (@Distrib.toMul.{0} Real
                            (@NonUnitalNonAssocSemiring.toDistrib.{0} Real
                              (@NonAssocSemiring.toNonUnitalNonAssocSemiring.{0} Real
                                (@Semiring.toNonAssocSemiring.{0} Real
                                  (@CommSemiring.toSemiring.{0} Real Real.instCommSemiring))))))
                        (@HPow.hPow.{0, 0, 0} Real Nat Real
                          (@instHPow.{0, 0} Real Nat
                            (@Monoid.toNatPow.{0} Real
                              (@MonoidWithZero.toMonoid.{0} Real
                                (@Semiring.toMonoidWithZero.{0} Real
                                  (@CommSemiring.toSemiring.{0} Real Real.instCommSemiring)))))
                          a
                          (@Nat.rawCast.{0} Nat
                            (@AddCommMonoidWithOne.toAddMonoidWithOne.{0} Nat
                              (@NonAssocSemiring.toAddCommMonoidWithOne.{0} Nat
                                (@Semiring.toNonAssocSemiring.{0} Nat
                                  (@CommSemiring.toSemiring.{0} Nat Nat.instCommSemiring))))
                            (nat_lit 1)))
                        (@Nat.rawCast.{0} Real
                          (@Mathlib.Meta.NormNum.instAddMonoidWithOne.{0} Real
                            (@CommRing.toRing.{0} Real Real.commRing))
                          (nat_lit 1))))
                    (@HAdd.hAdd.{0, 0, 0} Real Real Real
                      (@instHAdd.{0} Real
                        (@Distrib.toAdd.{0} Real
                          (@NonUnitalNonAssocSemiring.toDistrib.{0} Real
                            (@NonAssocSemiring.toNonUnitalNonAssocSemiring.{0} Real
                              (@Semiring.toNonAssocSemiring.{0} Real
                                (@CommSemiring.toSemiring.{0} Real Real.instCommSemiring))))))
                      (@HMul.hMul.{0, 0, 0} Real Real Real
                        (@instHMul.{0} Real
                          (@Distrib.toMul.{0} Real
                            (@NonUnitalNonAssocSemiring.toDistrib.{0} Real
                              (@NonAssocSemiring.toNonUnitalNonAssocSemiring.{0} Real
                                (@Semiring.toNonAssocSemiring.{0} Real
                                  (@CommSemiring.toSemiring.{0} Real Real.instCommSemiring))))))
                        (@HPow.hPow.{0, 0, 0} Real Nat Real
                          (@instHPow.{0, 0} Real Nat
                            (@Monoid.toNatPow.{0} Real
                              (@MonoidWithZero.toMonoid.{0} Real
                                (@Semiring.toMonoidWithZero.{0} Real
                                  (@CommSemiring.toSemiring.{0} Real Real.instCommSemiring)))))
                          (f a)
                          (@Nat.rawCast.{0} Nat
                            (@AddCommMonoidWithOne.toAddMonoidWithOne.{0} Nat
                              (@NonAssocSemiring.toAddCommMonoidWithOne.{0} Nat
                                (@Semiring.toNonAssocSemiring.{0} Nat
                                  (@CommSemiring.toSemiring.{0} Nat Nat.instCommSemiring))))
                            (nat_lit 1)))
                        (@Int.rawCast.{0} Real (@CommRing.toRing.{0} Real Real.commRing) (Int.negOfNat (nat_lit 1))))
                      (@HAdd.hAdd.{0, 0, 0} Real Real Real
                        (@instHAdd.{0} Real
                          (@Distrib.toAdd.{0} Real
                            (@NonUnitalNonAssocSemiring.toDistrib.{0} Real
                              (@NonAssocSemiring.toNonUnitalNonAssocSemiring.{0} Real
                                (@Semiring.toNonAssocSemiring.{0} Real
                                  (@CommSemiring.toSemiring.{0} Real Real.instCommSemiring))))))
                        (@HMul.hMul.{0, 0, 0} Real Real Real
                          (@instHMul.{0} Real
                            (@Distrib.toMul.{0} Real
                              (@NonUnitalNonAssocSemiring.toDistrib.{0} Real
                                (@NonAssocSemiring.toNonUnitalNonAssocSemiring.{0} Real
                                  (@Semiring.toNonAssocSemiring.{0} Real
                                    (@CommSemiring.toSemiring.{0} Real Real.instCommSemiring))))))
                          (@HPow.hPow.{0, 0, 0} Real Nat Real
                            (@instHPow.{0, 0} Real Nat
                              (@Monoid.toNatPow.{0} Real
                                (@MonoidWithZero.toMonoid.{0} Real
                                  (@Semiring.toMonoidWithZero.{0} Real
                                    (@CommSemiring.toSemiring.{0} Real Real.instCommSemiring)))))
                            M
                            (@Nat.rawCast.{0} Nat
                              (@AddCommMonoidWithOne.toAddMonoidWithOne.{0} Nat
                                (@NonAssocSemiring.toAddCommMonoidWithOne.{0} Nat
                                  (@Semiring.toNonAssocSemiring.{0} Nat
                                    (@CommSemiring.toSemiring.{0} Nat Nat.instCommSemiring))))
                              (nat_lit 1)))
                          (@Nat.rawCast.{0} Real
                            (@AddCommMonoidWithOne.toAddMonoidWithOne.{0} Real
                              (@NonAssocSemiring.toAddCommMonoidWithOne.{0} Real
                                (@Semiring.toNonAssocSemiring.{0} Real
                                  (@CommSemiring.toSemiring.{0} Real Real.instCommSemiring))))
                            (nat_lit 1)))
                        (@OfNat.ofNat.{0} Real (nat_lit 0)
                          (@Zero.toOfNat0.{0} Real
                            (@MulZeroClass.toZero.{0} Real
                              (@NonUnitalNonAssocSemiring.toMulZeroClass.{0} Real
                                (@NonAssocSemiring.toNonUnitalNonAssocSemiring.{0} Real
                                  (@Semiring.toNonAssocSemiring.{0} Real
                                    (@CommSemiring.toSemiring.{0} Real Real.instCommSemiring)))))))))))
                (@OfNat.ofNat.{0} Real (nat_lit 0)
                  (@Zero.toOfNat0.{0} Real
                    (@MulZeroClass.toZero.{0} Real
                      (@NonUnitalNonAssocSemiring.toMulZeroClass.{0} Real
                        (@NonAssocSemiring.toNonUnitalNonAssocSemiring.{0} Real
                          (@Semiring.toNonAssocSemiring.{0} Real
                            (@CommSemiring.toSemiring.{0} Real Real.instCommSemiring)))))))
                (@Mathlib.Tactic.Ring.add_congr.{0} Real Real.instCommSemiring
                  (@HSub.hSub.{0, 0, 0} Real Real Real
                    (@instHSub.{0} Real
                      (@SubNegMonoid.toSub.{0} Real
                        (@AddGroup.toSubNegMonoid.{0} Real
                          (@AddGroupWithOne.toAddGroup.{0} Real (@Ring.toAddGroupWithOne.{0} Real Real.instRing)))))
                    (@HMul.hMul.{0, 0, 0} Real Real Real (@instHMul.{0} Real Real.instMul) δ
                      (@HSub.hSub.{0, 0, 0} Real Real Real (@instHSub.{0} Real Real.instSub) b a))
                    (@HSub.hSub.{0, 0, 0} Real Real Real (@instHSub.{0} Real Real.instSub) (f b) (f a)))
                  (@HAdd.hAdd.{0, 0, 0} Real Real Real
                    (@instHAdd.{0} Real
                      (@Distrib.toAdd.{0} Real
                        (@NonUnitalNonAssocSemiring.toDistrib.{0} Real
                          (@NonAssocSemiring.toNonUnitalNonAssocSemiring.{0} Real
                            (@Semiring.toNonAssocSemiring.{0} Real
                              (@CommSemiring.toSemiring.{0} Real Real.instCommSemiring))))))
                    (@HMul.hMul.{0, 0, 0} Real Real Real
                      (@instHMul.{0} Real
                        (@Distrib.toMul.{0} Real
                          (@NonUnitalNonAssocSemiring.toDistrib.{0} Real
                            (@NonAssocSemiring.toNonUnitalNonAssocSemiring.{0} Real
                              (@Semiring.toNonAssocSemiring.{0} Real
                                (@CommSemiring.toSemiring.{0} Real Real.instCommSemiring))))))
                      (@HPow.hPow.{0, 0, 0} Real Nat Real
                        (@instHPow.{0, 0} Real Nat
                          (@Monoid.toNatPow.{0} Real
                            (@MonoidWithZero.toMonoid.{0} Real
                              (@Semiring.toMonoidWithZero.{0} Real
                                (@CommSemiring.toSemiring.{0} Real Real.instCommSemiring)))))
                        δ
                        (@Nat.rawCast.{0} Nat
                          (@AddCommMonoidWithOne.toAddMonoidWithOne.{0} Nat
                            (@NonAssocSemiring.toAddCommMonoidWithOne.{0} Nat
                              (@Semiring.toNonAssocSemiring.{0} Nat
                                (@CommSemiring.toSemiring.{0} Nat Nat.instCommSemiring))))
                          (nat_lit 1)))
                      (@HMul.hMul.{0, 0, 0} Real Real Real
                        (@instHMul.{0} Real
                          (@Distrib.toMul.{0} Real
                            (@NonUnitalNonAssocSemiring.toDistrib.{0} Real
                              (@NonAssocSemiring.toNonUnitalNonAssocSemiring.{0} Real
                                (@Semiring.toNonAssocSemiring.{0} Real
                                  (@CommSemiring.toSemiring.{0} Real Real.instCommSemiring))))))
                        (@HPow.hPow.{0, 0, 0} Real Nat Real
                          (@instHPow.{0, 0} Real Nat
                            (@Monoid.toNatPow.{0} Real
                              (@MonoidWithZero.toMonoid.{0} Real
                                (@Semiring.toMonoidWithZero.{0} Real
                                  (@CommSemiring.toSemiring.{0} Real Real.instCommSemiring)))))
                          b
                          (@Nat.rawCast.{0} Nat
                            (@AddCommMonoidWithOne.toAddMonoidWithOne.{0} Nat
                              (@NonAssocSemiring.toAddCommMonoidWithOne.{0} Nat
                                (@Semiring.toNonAssocSemiring.{0} Nat
                                  (@CommSemiring.toSemiring.{0} Nat Nat.instCommSemiring))))
                            (nat_lit 1)))
                        (@Nat.rawCast.{0} Real
                          (@AddCommMonoidWithOne.toAddMonoidWithOne.{0} Real
                            (@NonAssocSemiring.toAddCommMonoidWithOne.{0} Real
                              (@Semiring.toNonAssocSemiring.{0} Real
                                (@CommSemiring.toSemiring.{0} Real Real.instCommSemiring))))
                          (nat_lit 1))))
                    (@HAdd.hAdd.{0, 0, 0} Real Real Real
                      (@instHAdd.{0} Real
                        (@Distrib.toAdd.{0} Real
                          (@NonUnitalNonAssocSemiring.toDistrib.{0} Real
                            (@NonAssocSemiring.toNonUnitalNonAssocSemiring.{0} Real
                              (@Semiring.toNonAssocSemiring.{0} Real
                                (@CommSemiring.toSemiring.{0} Real Real.instCommSemiring))))))
                      (@HMul.hMul.{0, 0, 0} Real Real Real
                        (@instHMul.{0} Real
                          (@Distrib.toMul.{0} Real
                            (@NonUnitalNonAssocSemiring.toDistrib.{0} Real
                              (@NonAssocSemiring.toNonUnitalNonAssocSemiring.{0} Real
                                (@Semiring.toNonAssocSemiring.{0} Real
                                  (@CommSemiring.toSemiring.{0} Real Real.instCommSemiring))))))
                        (@HPow.hPow.{0, 0, 0} Real Nat Real
                          (@instHPow.{0, 0} Real Nat
                            (@Monoid.toNatPow.{0} Real
                              (@MonoidWithZero.toMonoid.{0} Real
                                (@Semiring.toMonoidWithZero.{0} Real
                                  (@CommSemiring.toSemiring.{0} Real Real.instCommSemiring)))))
                          δ
                          (@Nat.rawCast.{0} Nat
                            (@AddCommMonoidWithOne.toAddMonoidWithOne.{0} Nat
                              (@NonAssocSemiring.toAddCommMonoidWithOne.{0} Nat
                                (@Semiring.toNonAssocSemiring.{0} Nat
                                  (@CommSemiring.toSemiring.{0} Nat Nat.instCommSemiring))))
                            (nat_lit 1)))
                        (@HMul.hMul.{0, 0, 0} Real Real Real
                          (@instHMul.{0} Real
                            (@Distrib.toMul.{0} Real
                              (@NonUnitalNonAssocSemiring.toDistrib.{0} Real
                                (@NonAssocSemiring.toNonUnitalNonAssocSemiring.{0} Real
                                  (@Semiring.toNonAssocSemiring.{0} Real
                                    (@CommSemiring.toSemiring.{0} Real Real.instCommSemiring))))))
                          (@HPow.hPow.{0, 0, 0} Real Nat Real
                            (@instHPow.{0, 0} Real Nat
                              (@Monoid.toNatPow.{0} Real
                                (@MonoidWithZero.toMonoid.{0} Real
                                  (@Semiring.toMonoidWithZero.{0} Real
                                    (@CommSemiring.toSemiring.{0} Real Real.instCommSemiring)))))
                            a
                            (@Nat.rawCast.{0} Nat
                              (@AddCommMonoidWithOne.toAddMonoidWithOne.{0} Nat
                                (@NonAssocSemiring.toAddCommMonoidWithOne.{0} Nat
                                  (@Semiring.toNonAssocSemiring.{0} Nat
                                    (@CommSemiring.toSemiring.{0} Nat Nat.instCommSemiring))))
                              (nat_lit 1)))
                          (@Int.rawCast.{0} Real (@CommRing.toRing.{0} Real Real.commRing) (Int.negOfNat (nat_lit 1)))))
                      (@HAdd.hAdd.{0, 0, 0} Real Real Real
                        (@instHAdd.{0} Real
                          (@Distrib.toAdd.{0} Real
                            (@NonUnitalNonAssocSemiring.toDistrib.{0} Real
                              (@NonAssocSemiring.toNonUnitalNonAssocSemiring.{0} Real
                                (@Semiring.toNonAssocSemiring.{0} Real
                                  (@CommSemiring.toSemiring.{0} Real Real.instCommSemiring))))))
                        (@HMul.hMul.{0, 0, 0} Real Real Real
                          (@instHMul.{0} Real
                            (@Distrib.toMul.{0} Real
                              (@NonUnitalNonAssocSemiring.toDistrib.{0} Real
                                (@NonAssocSemiring.toNonUnitalNonAssocSemiring.{0} Real
                                  (@Semiring.toNonAssocSemiring.{0} Real
                                    (@CommSemiring.toSemiring.{0} Real Real.instCommSemiring))))))
                          (@HPow.hPow.{0, 0, 0} Real Nat Real
                            (@instHPow.{0, 0} Real Nat
                              (@Monoid.toNatPow.{0} Real
                                (@MonoidWithZero.toMonoid.{0} Real
                                  (@Semiring.toMonoidWithZero.{0} Real
                                    (@CommSemiring.toSemiring.{0} Real Real.instCommSemiring)))))
                            (f b)
                            (@Nat.rawCast.{0} Nat
                              (@AddCommMonoidWithOne.toAddMonoidWithOne.{0} Nat
                                (@NonAssocSemiring.toAddCommMonoidWithOne.{0} Nat
                                  (@Semiring.toNonAssocSemiring.{0} Nat
                                    (@CommSemiring.toSemiring.{0} Nat Nat.instCommSemiring))))
                              (nat_lit 1)))
                          (@Int.rawCast.{0} Real (@CommRing.toRing.{0} Real Real.commRing) (Int.negOfNat (nat_lit 1))))
                        (@HAdd.hAdd.{0, 0, 0} Real Real Real
                          (@instHAdd.{0} Real
                            (@Distrib.toAdd.{0} Real
                              (@NonUnitalNonAssocSemiring.toDistrib.{0} Real
                                (@NonAssocSemiring.toNonUnitalNonAssocSemiring.{0} Real
                                  (@Semiring.toNonAssocSemiring.{0} Real
                                    (@CommSemiring.toSemiring.{0} Real Real.instCommSemiring))))))
                          (@HMul.hMul.{0, 0, 0} Real Real Real
                            (@instHMul.{0} Real
                              (@Distrib.toMul.{0} Real
                                (@NonUnitalNonAssocSemiring.toDistrib.{0} Real
                                  (@NonAssocSemiring.toNonUnitalNonAssocSemiring.{0} Real
                                    (@Semiring.toNonAssocSemiring.{0} Real
                                      (@CommSemiring.toSemiring.{0} Real Real.instCommSemiring))))))
                            (@HPow.hPow.{0, 0, 0} Real Nat Real
                              (@instHPow.{0, 0} Real Nat
                                (@Monoid.toNatPow.{0} Real
                                  (@MonoidWithZero.toMonoid.{0} Real
                                    (@Semiring.toMonoidWithZero.{0} Real
                                      (@CommSemiring.toSemiring.{0} Real Real.instCommSemiring)))))
                              (f a)
                              (@Nat.rawCast.{0} Nat
                                (@AddCommMonoidWithOne.toAddMonoidWithOne.{0} Nat
                                  (@NonAssocSemiring.toAddCommMonoidWithOne.{0} Nat
                                    (@Semiring.toNonAssocSemiring.{0} Nat
                                      (@CommSemiring.toSemiring.{0} Nat Nat.instCommSemiring))))
                                (nat_lit 1)))
                            (@Nat.rawCast.{0} Real
                              (@Mathlib.Meta.NormNum.instAddMonoidWithOne.{0} Real
                                (@CommRing.toRing.{0} Real Real.commRing))
                              (nat_lit 1)))
                          (@OfNat.ofNat.{0} Real (nat_lit 0)
                            (@Zero.toOfNat0.{0} Real
                              (@MulZeroClass.toZero.{0} Real
                                (@NonUnitalNonAssocSemiring.toMulZeroClass.{0} Real
                                  (@NonAssocSemiring.toNonUnitalNonAssocSemiring.{0} Real
                                    (@Semiring.toNonAssocSemiring.{0} Real
                                      (@CommSemiring.toSemiring.{0} Real Real.instCommSemiring)))))))))))
                  (@HSub.hSub.{0, 0, 0} Real Real Real
                    (@instHSub.{0} Real
                      (@SubNegMonoid.toSub.{0} Real
                        (@AddGroup.toSubNegMonoid.{0} Real
                          (@AddGroupWithOne.toAddGroup.{0} Real (@Ring.toAddGroupWithOne.{0} Real Real.instRing)))))
                    (f b) M)
                  (@HAdd.hAdd.{0, 0, 0} Real Real Real
                    (@instHAdd.{0} Real
                      (@Distrib.toAdd.{0} Real
                        (@NonUnitalNonAssocSemiring.toDistrib.{0} Real
                          (@NonAssocSemiring.toNonUnitalNonAssocSemiring.{0} Real
                            (@Semiring.toNonAssocSemiring.{0} Real
                              (@CommSemiring.toSemiring.{0} Real Real.instCommSemiring))))))
                    (@HMul.hMul.{0, 0, 0} Real Real Real
                      (@instHMul.{0} Real
                        (@Distrib.toMul.{0} Real
                          (@NonUnitalNonAssocSemiring.toDistrib.{0} Real
                            (@NonAssocSemiring.toNonUnitalNonAssocSemiring.{0} Real
                              (@Semiring.toNonAssocSemiring.{0} Real
                                (@CommSemiring.toSemiring.{0} Real Real.instCommSemiring))))))
                      (@HPow.hPow.{0, 0, 0} Real Nat Real
                        (@instHPow.{0, 0} Real Nat
                          (@Monoid.toNatPow.{0} Real
                            (@MonoidWithZero.toMonoid.{0} Real
                              (@Semiring.toMonoidWithZero.{0} Real
                                (@CommSemiring.toSemiring.{0} Real Real.instCommSemiring)))))
                        (f b)
                        (@Nat.rawCast.{0} Nat
                          (@AddCommMonoidWithOne.toAddMonoidWithOne.{0} Nat
                            (@NonAssocSemiring.toAddCommMonoidWithOne.{0} Nat
                              (@Semiring.toNonAssocSemiring.{0} Nat
                                (@CommSemiring.toSemiring.{0} Nat Nat.instCommSemiring))))
                          (nat_lit 1)))
                      (@Nat.rawCast.{0} Real
                        (@AddCommMonoidWithOne.toAddMonoidWithOne.{0} Real
                          (@NonAssocSemiring.toAddCommMonoidWithOne.{0} Real
                            (@Semiring.toNonAssocSemiring.{0} Real
                              (@CommSemiring.toSemiring.{0} Real Real.instCommSemiring))))
                        (nat_lit 1)))
                    (@HAdd.hAdd.{0, 0, 0} Real Real Real
                      (@instHAdd.{0} Real
                        (@Distrib.toAdd.{0} Real
                          (@NonUnitalNonAssocSemiring.toDistrib.{0} Real
                            (@NonAssocSemiring.toNonUnitalNonAssocSemiring.{0} Real
                              (@Semiring.toNonAssocSemiring.{0} Real
                                (@CommSemiring.toSemiring.{0} Real Real.instCommSemiring))))))
                      (@HMul.hMul.{0, 0, 0} Real Real Real
                        (@instHMul.{0} Real
                          (@Distrib.toMul.{0} Real
                            (@NonUnitalNonAssocSemiring.toDistrib.{0} Real
                              (@NonAssocSemiring.toNonUnitalNonAssocSemiring.{0} Real
                                (@Semiring.toNonAssocSemiring.{0} Real
                                  (@CommSemiring.toSemiring.{0} Real Real.instCommSemiring))))))
                        (@HPow.hPow.{0, 0, 0} Real Nat Real
                          (@instHPow.{0, 0} Real Nat
                            (@Monoid.toNatPow.{0} Real
                              (@MonoidWithZero.toMonoid.{0} Real
                                (@Semiring.toMonoidWithZero.{0} Real
                                  (@CommSemiring.toSemiring.{0} Real Real.instCommSemiring)))))
                          M
                          (@Nat.rawCast.{0} Nat
                            (@AddCommMonoidWithOne.toAddMonoidWithOne.{0} Nat
                              (@NonAssocSemiring.toAddCommMonoidWithOne.{0} Nat
                                (@Semiring.toNonAssocSemiring.{0} Nat
                                  (@CommSemiring.toSemiring.{0} Nat Nat.instCommSemiring))))
                            (nat_lit 1)))
                        (@Int.rawCast.{0} Real (@CommRing.toRing.{0} Real Real.commRing) (Int.negOfNat (nat_lit 1))))
                      (@OfNat.ofNat.{0} Real (nat_lit 0)
                        (@Zero.toOfNat0.{0} Real
                          (@MulZeroClass.toZero.{0} Real
                            (@NonUnitalNonAssocSemiring.toMulZeroClass.{0} Real
                              (@NonAssocSemiring.toNonUnitalNonAssocSemiring.{0} Real
                                (@Semiring.toNonAssocSemiring.{0} Real
                                  (@CommSemiring.toSemiring.{0} Real Real.instCommSemiring)))))))))
                  (@HAdd.hAdd.{0, 0, 0} Real Real Real
                    (@instHAdd.{0} Real
                      (@Distrib.toAdd.{0} Real
                        (@NonUnitalNonAssocSemiring.toDistrib.{0} Real
                          (@NonAssocSemiring.toNonUnitalNonAssocSemiring.{0} Real
                            (@Semiring.toNonAssocSemiring.{0} Real
                              (@CommSemiring.toSemiring.{0} Real Real.instCommSemiring))))))
                    (@HMul.hMul.{0, 0, 0} Real Real Real
                      (@instHMul.{0} Real
                        (@Distrib.toMul.{0} Real
                          (@NonUnitalNonAssocSemiring.toDistrib.{0} Real
                            (@NonAssocSemiring.toNonUnitalNonAssocSemiring.{0} Real
                              (@Semiring.toNonAssocSemiring.{0} Real
                                (@CommSemiring.toSemiring.{0} Real Real.instCommSemiring))))))
                      (@HPow.hPow.{0, 0, 0} Real Nat Real
                        (@instHPow.{0, 0} Real Nat
                          (@Monoid.toNatPow.{0} Real
                            (@MonoidWithZero.toMonoid.{0} Real
                              (@Semiring.toMonoidWithZero.{0} Real
                                (@CommSemiring.toSemiring.{0} Real Real.instCommSemiring)))))
                        δ
                        (@Nat.rawCast.{0} Nat
                          (@AddCommMonoidWithOne.toAddMonoidWithOne.{0} Nat
                            (@NonAssocSemiring.toAddCommMonoidWithOne.{0} Nat
                              (@Semiring.toNonAssocSemiring.{0} Nat
                                (@CommSemiring.toSemiring.{0} Nat Nat.instCommSemiring))))
                          (nat_lit 1)))
                      (@HMul.hMul.{0, 0, 0} Real Real Real
                        (@instHMul.{0} Real
                          (@Distrib.toMul.{0} Real
                            (@NonUnitalNonAssocSemiring.toDistrib.{0} Real
                              (@NonAssocSemiring.toNonUnitalNonAssocSemiring.{0} Real
                                (@Semiring.toNonAssocSemiring.{0} Real
                                  (@CommSemiring.toSemiring.{0} Real Real.instCommSemiring))))))
                        (@HPow.hPow.{0, 0, 0} Real Nat Real
                          (@instHPow.{0, 0} Real Nat
                            (@Monoid.toNatPow.{0} Real
                              (@MonoidWithZero.toMonoid.{0} Real
                                (@Semiring.toMonoidWithZero.{0} Real
                                  (@CommSemiring.toSemiring.{0} Real Real.instCommSemiring)))))
                          b
                          (@Nat.rawCast.{0} Nat
                            (@AddCommMonoidWithOne.toAddMonoidWithOne.{0} Nat
                              (@NonAssocSemiring.toAddCommMonoidWithOne.{0} Nat
                                (@Semiring.toNonAssocSemiring.{0} Nat
                                  (@CommSemiring.toSemiring.{0} Nat Nat.instCommSemiring))))
                            (nat_lit 1)))
                        (@Nat.rawCast.{0} Real
                          (@AddCommMonoidWithOne.toAddMonoidWithOne.{0} Real
                            (@NonAssocSemiring.toAddCommMonoidWithOne.{0} Real
                              (@Semiring.toNonAssocSemiring.{0} Real
                                (@CommSemiring.toSemiring.{0} Real Real.instCommSemiring))))
                          (nat_lit 1))))
                    (@HAdd.hAdd.{0, 0, 0} Real Real Real
                      (@instHAdd.{0} Real
                        (@Distrib.toAdd.{0} Real
                          (@NonUnitalNonAssocSemiring.toDistrib.{0} Real
                            (@NonAssocSemiring.toNonUnitalNonAssocSemiring.{0} Real
                              (@Semiring.toNonAssocSemiring.{0} Real
                                (@CommSemiring.toSemiring.{0} Real Real.instCommSemiring))))))
                      (@HMul.hMul.{0, 0, 0} Real Real Real
                        (@instHMul.{0} Real
                          (@Distrib.toMul.{0} Real
                            (@NonUnitalNonAssocSemiring.toDistrib.{0} Real
                              (@NonAssocSemiring.toNonUnitalNonAssocSemiring.{0} Real
                                (@Semiring.toNonAssocSemiring.{0} Real
                                  (@CommSemiring.toSemiring.{0} Real Real.instCommSemiring))))))
                        (@HPow.hPow.{0, 0, 0} Real Nat Real
                          (@instHPow.{0, 0} Real Nat
                            (@Monoid.toNatPow.{0} Real
                              (@MonoidWithZero.toMonoid.{0} Real
                                (@Semiring.toMonoidWithZero.{0} Real
                                  (@CommSemiring.toSemiring.{0} Real Real.instCommSemiring)))))
                          δ
                          (@Nat.rawCast.{0} Nat
                            (@AddCommMonoidWithOne.toAddMonoidWithOne.{0} Nat
                              (@NonAssocSemiring.toAddCommMonoidWithOne.{0} Nat
                                (@Semiring.toNonAssocSemiring.{0} Nat
                                  (@CommSemiring.toSemiring.{0} Nat Nat.instCommSemiring))))
                            (nat_lit 1)))
                        (@HMul.hMul.{0, 0, 0} Real Real Real
                          (@instHMul.{0} Real
                            (@Distrib.toMul.{0} Real
                              (@NonUnitalNonAssocSemiring.toDistrib.{0} Real
                                (@NonAssocSemiring.toNonUnitalNonAssocSemiring.{0} Real
                                  (@Semiring.toNonAssocSemiring.{0} Real
                                    (@CommSemiring.toSemiring.{0} Real Real.instCommSemiring))))))
                          (@HPow.hPow.{0, 0, 0} Real Nat Real
                            (@instHPow.{0, 0} Real Nat
                              (@Monoid.toNatPow.{0} Real
                                (@MonoidWithZero.toMonoid.{0} Real
                                  (@Semiring.toMonoidWithZero.{0} Real
                                    (@CommSemiring.toSemiring.{0} Real Real.instCommSemiring)))))
                            a
                            (@Nat.rawCast.{0} Nat
                              (@AddCommMonoidWithOne.toAddMonoidWithOne.{0} Nat
                                (@NonAssocSemiring.toAddCommMonoidWithOne.{0} Nat
                                  (@Semiring.toNonAssocSemiring.{0} Nat
                                    (@CommSemiring.toSemiring.{0} Nat Nat.instCommSemiring))))
                              (nat_lit 1)))
                          (@Int.rawCast.{0} Real (@CommRing.toRing.{0} Real Real.commRing) (Int.negOfNat (nat_lit 1)))))
                      (@HAdd.hAdd.{0, 0, 0} Real Real Real
                        (@instHAdd.{0} Real
                          (@Distrib.toAdd.{0} Real
                            (@NonUnitalNonAssocSemiring.toDistrib.{0} Real
                              (@NonAssocSemiring.toNonUnitalNonAssocSemiring.{0} Real
                                (@Semiring.toNonAssocSemiring.{0} Real
                                  (@CommSemiring.toSemiring.{0} Real Real.instCommSemiring))))))
                        (@HMul.hMul.{0, 0, 0} Real Real Real
                          (@instHMul.{0} Real
                            (@Distrib.toMul.{0} Real
                              (@NonUnitalNonAssocSemiring.toDistrib.{0} Real
                                (@NonAssocSemiring.toNonUnitalNonAssocSemiring.{0} Real
                                  (@Semiring.toNonAssocSemiring.{0} Real
                                    (@CommSemiring.toSemiring.{0} Real Real.instCommSemiring))))))
                          (@HPow.hPow.{0, 0, 0} Real Nat Real
                            (@instHPow.{0, 0} Real Nat
                              (@Monoid.toNatPow.{0} Real
                                (@MonoidWithZero.toMonoid.{0} Real
                                  (@Semiring.toMonoidWithZero.{0} Real
                                    (@CommSemiring.toSemiring.{0} Real Real.instCommSemiring)))))
                            (f a)
                            (@Nat.rawCast.{0} Nat
                              (@AddCommMonoidWithOne.toAddMonoidWithOne.{0} Nat
                                (@NonAssocSemiring.toAddCommMonoidWithOne.{0} Nat
                                  (@Semiring.toNonAssocSemiring.{0} Nat
                                    (@CommSemiring.toSemiring.{0} Nat Nat.instCommSemiring))))
                              (nat_lit 1)))
                          (@Nat.rawCast.{0} Real
                            (@Mathlib.Meta.NormNum.instAddMonoidWithOne.{0} Real
                              (@CommRing.toRing.{0} Real Real.commRing))
                            (nat_lit 1)))
                        (@HAdd.hAdd.{0, 0, 0} Real Real Real
                          (@instHAdd.{0} Real
                            (@Distrib.toAdd.{0} Real
                              (@NonUnitalNonAssocSemiring.toDistrib.{0} Real
                                (@NonAssocSemiring.toNonUnitalNonAssocSemiring.{0} Real
                                  (@Semiring.toNonAssocSemiring.{0} Real
                                    (@CommSemiring.toSemiring.{0} Real Real.instCommSemiring))))))
                          (@HMul.hMul.{0, 0, 0} Real Real Real
                            (@instHMul.{0} Real
                              (@Distrib.toMul.{0} Real
                                (@NonUnitalNonAssocSemiring.toDistrib.{0} Real
                                  (@NonAssocSemiring.toNonUnitalNonAssocSemiring.{0} Real
                                    (@Semiring.toNonAssocSemiring.{0} Real
                                      (@CommSemiring.toSemiring.{0} Real Real.instCommSemiring))))))
                            (@HPow.hPow.{0, 0, 0} Real Nat Real
                              (@instHPow.{0, 0} Real Nat
                                (@Monoid.toNatPow.{0} Real
                                  (@MonoidWithZero.toMonoid.{0} Real
                                    (@Semiring.toMonoidWithZero.{0} Real
                                      (@CommSemiring.toSemiring.{0} Real Real.instCommSemiring)))))
                              M
                              (@Nat.rawCast.{0} Nat
                                (@AddCommMonoidWithOne.toAddMonoidWithOne.{0} Nat
                                  (@NonAssocSemiring.toAddCommMonoidWithOne.{0} Nat
                                    (@Semiring.toNonAssocSemiring.{0} Nat
                                      (@CommSemiring.toSemiring.{0} Nat Nat.instCommSemiring))))
                                (nat_lit 1)))
                            (@Int.rawCast.{0} Real (@CommRing.toRing.{0} Real Real.commRing)
                              (Int.negOfNat (nat_lit 1))))
                          (@OfNat.ofNat.{0} Real (nat_lit 0)
                            (@Zero.toOfNat0.{0} Real
                              (@MulZeroClass.toZero.{0} Real
                                (@NonUnitalNonAssocSemiring.toMulZeroClass.{0} Real
                                  (@NonAssocSemiring.toNonUnitalNonAssocSemiring.{0} Real
                                    (@Semiring.toNonAssocSemiring.{0} Real
                                      (@CommSemiring.toSemiring.{0} Real Real.instCommSemiring)))))))))))
                  (@Mathlib.Tactic.Ring.sub_congr.{0} Real Real.commRing
                    (@HMul.hMul.{0, 0, 0} Real Real Real (@instHMul.{0} Real Real.instMul) δ
                      (@HSub.hSub.{0, 0, 0} Real Real Real (@instHSub.{0} Real Real.instSub) b a))
                    (@HAdd.hAdd.{0, 0, 0} Real Real Real
                      (@instHAdd.{0} Real
                        (@Distrib.toAdd.{0} Real
                          (@NonUnitalNonAssocSemiring.toDistrib.{0} Real
                            (@NonAssocSemiring.toNonUnitalNonAssocSemiring.{0} Real
                              (@Semiring.toNonAssocSemiring.{0} Real
                                (@CommSemiring.toSemiring.{0} Real Real.instCommSemiring))))))
                      (@HMul.hMul.{0, 0, 0} Real Real Real
                        (@instHMul.{0} Real
                          (@Distrib.toMul.{0} Real
                            (@NonUnitalNonAssocSemiring.toDistrib.{0} Real
                              (@NonAssocSemiring.toNonUnitalNonAssocSemiring.{0} Real
                                (@Semiring.toNonAssocSemiring.{0} Real
                                  (@CommSemiring.toSemiring.{0} Real Real.instCommSemiring))))))
                        (@HPow.hPow.{0, 0, 0} Real Nat Real
                          (@instHPow.{0, 0} Real Nat
                            (@Monoid.toNatPow.{0} Real
                              (@MonoidWithZero.toMonoid.{0} Real
                                (@Semiring.toMonoidWithZero.{0} Real
                                  (@CommSemiring.toSemiring.{0} Real Real.instCommSemiring)))))
                          δ
                          (@Nat.rawCast.{0} Nat
                            (@AddCommMonoidWithOne.toAddMonoidWithOne.{0} Nat
                              (@NonAssocSemiring.toAddCommMonoidWithOne.{0} Nat
                                (@Semiring.toNonAssocSemiring.{0} Nat
                                  (@CommSemiring.toSemiring.{0} Nat Nat.instCommSemiring))))
                            (nat_lit 1)))
                        (@HMul.hMul.{0, 0, 0} Real Real Real
                          (@instHMul.{0} Real
                            (@Distrib.toMul.{0} Real
                              (@NonUnitalNonAssocSemiring.toDistrib.{0} Real
                                (@NonAssocSemiring.toNonUnitalNonAssocSemiring.{0} Real
                                  (@Semiring.toNonAssocSemiring.{0} Real
                                    (@CommSemiring.toSemiring.{0} Real Real.instCommSemiring))))))
                          (@HPow.hPow.{0, 0, 0} Real Nat Real
                            (@instHPow.{0, 0} Real Nat
                              (@Monoid.toNatPow.{0} Real
                                (@MonoidWithZero.toMonoid.{0} Real
                                  (@Semiring.toMonoidWithZero.{0} Real
                                    (@CommSemiring.toSemiring.{0} Real Real.instCommSemiring)))))
                            b
                            (@Nat.rawCast.{0} Nat
                              (@AddCommMonoidWithOne.toAddMonoidWithOne.{0} Nat
                                (@NonAssocSemiring.toAddCommMonoidWithOne.{0} Nat
                                  (@Semiring.toNonAssocSemiring.{0} Nat
                                    (@CommSemiring.toSemiring.{0} Nat Nat.instCommSemiring))))
                              (nat_lit 1)))
                          (@Nat.rawCast.{0} Real
                            (@AddCommMonoidWithOne.toAddMonoidWithOne.{0} Real
                              (@NonAssocSemiring.toAddCommMonoidWithOne.{0} Real
                                (@Semiring.toNonAssocSemiring.{0} Real
                                  (@CommSemiring.toSemiring.{0} Real Real.instCommSemiring))))
                            (nat_lit 1))))
                      (@HAdd.hAdd.{0, 0, 0} Real Real Real
                        (@instHAdd.{0} Real
                          (@Distrib.toAdd.{0} Real
                            (@NonUnitalNonAssocSemiring.toDistrib.{0} Real
                              (@NonAssocSemiring.toNonUnitalNonAssocSemiring.{0} Real
                                (@Semiring.toNonAssocSemiring.{0} Real
                                  (@CommSemiring.toSemiring.{0} Real Real.instCommSemiring))))))
                        (@HMul.hMul.{0, 0, 0} Real Real Real
                          (@instHMul.{0} Real
                            (@Distrib.toMul.{0} Real
                              (@NonUnitalNonAssocSemiring.toDistrib.{0} Real
                                (@NonAssocSemiring.toNonUnitalNonAssocSemiring.{0} Real
                                  (@Semiring.toNonAssocSemiring.{0} Real
                                    (@CommSemiring.toSemiring.{0} Real Real.instCommSemiring))))))
                          (@HPow.hPow.{0, 0, 0} Real Nat Real
                            (@instHPow.{0, 0} Real Nat
                              (@Monoid.toNatPow.{0} Real
                                (@MonoidWithZero.toMonoid.{0} Real
                                  (@Semiring.toMonoidWithZero.{0} Real
                                    (@CommSemiring.toSemiring.{0} Real Real.instCommSemiring)))))
                            δ
                            (@Nat.rawCast.{0} Nat
                              (@AddCommMonoidWithOne.toAddMonoidWithOne.{0} Nat
                                (@NonAssocSemiring.toAddCommMonoidWithOne.{0} Nat
                                  (@Semiring.toNonAssocSemiring.{0} Nat
                                    (@CommSemiring.toSemiring.{0} Nat Nat.instCommSemiring))))
                              (nat_lit 1)))
                          (@HMul.hMul.{0, 0, 0} Real Real Real
                            (@instHMul.{0} Real
                              (@Distrib.toMul.{0} Real
                                (@NonUnitalNonAssocSemiring.toDistrib.{0} Real
                                  (@NonAssocSemiring.toNonUnitalNonAssocSemiring.{0} Real
                                    (@Semiring.toNonAssocSemiring.{0} Real
                                      (@CommSemiring.toSemiring.{0} Real Real.instCommSemiring))))))
                            (@HPow.hPow.{0, 0, 0} Real Nat Real
                              (@instHPow.{0, 0} Real Nat
                                (@Monoid.toNatPow.{0} Real
                                  (@MonoidWithZero.toMonoid.{0} Real
                                    (@Semiring.toMonoidWithZero.{0} Real
                                      (@CommSemiring.toSemiring.{0} Real Real.instCommSemiring)))))
                              a
                              (@Nat.rawCast.{0} Nat
                                (@AddCommMonoidWithOne.toAddMonoidWithOne.{0} Nat
                                  (@NonAssocSemiring.toAddCommMonoidWithOne.{0} Nat
                                    (@Semiring.toNonAssocSemiring.{0} Nat
                                      (@CommSemiring.toSemiring.{0} Nat Nat.instCommSemiring))))
                                (nat_lit 1)))
                            (@Int.rawCast.{0} Real (@CommRing.toRing.{0} Real Real.commRing)
                              (Int.negOfNat (nat_lit 1)))))
                        (@OfNat.ofNat.{0} Real (nat_lit 0)
                          (@Zero.toOfNat0.{0} Real
                            (@MulZeroClass.toZero.{0} Real
                              (@NonUnitalNonAssocSemiring.toMulZeroClass.{0} Real
                                (@NonAssocSemiring.toNonUnitalNonAssocSemiring.{0} Real
                                  (@Semiring.toNonAssocSemiring.{0} Real
                                    (@CommSemiring.toSemiring.{0} Real Real.instCommSemiring)))))))))
                    (@HSub.hSub.{0, 0, 0} Real Real Real (@instHSub.{0} Real Real.instSub) (f b) (f a))
                    (@HAdd.hAdd.{0, 0, 0} Real Real Real
                      (@instHAdd.{0} Real
                        (@Distrib.toAdd.{0} Real
                          (@NonUnitalNonAssocSemiring.toDistrib.{0} Real
                            (@NonAssocSemiring.toNonUnitalNonAssocSemiring.{0} Real
                              (@Semiring.toNonAssocSemiring.{0} Real
                                (@CommSemiring.toSemiring.{0} Real Real.instCommSemiring))))))
                      (@HMul.hMul.{0, 0, 0} Real Real Real
                        (@instHMul.{0} Real
                          (@Distrib.toMul.{0} Real
                            (@NonUnitalNonAssocSemiring.toDistrib.{0} Real
                              (@NonAssocSemiring.toNonUnitalNonAssocSemiring.{0} Real
                                (@Semiring.toNonAssocSemiring.{0} Real
                                  (@CommSemiring.toSemiring.{0} Real Real.instCommSemiring))))))
                        (@HPow.hPow.{0, 0, 0} Real Nat Real
                          (@instHPow.{0, 0} Real Nat
                            (@Monoid.toNatPow.{0} Real
                              (@MonoidWithZero.toMonoid.{0} Real
                                (@Semiring.toMonoidWithZero.{0} Real
                                  (@CommSemiring.toSemiring.{0} Real Real.instCommSemiring)))))
                          (f b)
                          (@Nat.rawCast.{0} Nat
                            (@AddCommMonoidWithOne.toAddMonoidWithOne.{0} Nat
                              (@NonAssocSemiring.toAddCommMonoidWithOne.{0} Nat
                                (@Semiring.toNonAssocSemiring.{0} Nat
                                  (@CommSemiring.toSemiring.{0} Nat Nat.instCommSemiring))))
                            (nat_lit 1)))
                        (@Nat.rawCast.{0} Real
                          (@AddCommMonoidWithOne.toAddMonoidWithOne.{0} Real
                            (@NonAssocSemiring.toAddCommMonoidWithOne.{0} Real
                              (@Semiring.toNonAssocSemiring.{0} Real
                                (@CommSemiring.toSemiring.{0} Real Real.instCommSemiring))))
                          (nat_lit 1)))
                      (@HAdd.hAdd.{0, 0, 0} Real Real Real
                        (@instHAdd.{0} Real
                          (@Distrib.toAdd.{0} Real
                            (@NonUnitalNonAssocSemiring.toDistrib.{0} Real
                              (@NonAssocSemiring.toNonUnitalNonAssocSemiring.{0} Real
                                (@Semiring.toNonAssocSemiring.{0} Real
                                  (@CommSemiring.toSemiring.{0} Real Real.instCommSemiring))))))
                        (@HMul.hMul.{0, 0, 0} Real Real Real
                          (@instHMul.{0} Real
                            (@Distrib.toMul.{0} Real
                              (@NonUnitalNonAssocSemiring.toDistrib.{0} Real
                                (@NonAssocSemiring.toNonUnitalNonAssocSemiring.{0} Real
                                  (@Semiring.toNonAssocSemiring.{0} Real
                                    (@CommSemiring.toSemiring.{0} Real Real.instCommSemiring))))))
                          (@HPow.hPow.{0, 0, 0} Real Nat Real
                            (@instHPow.{0, 0} Real Nat
                              (@Monoid.toNatPow.{0} Real
                                (@MonoidWithZero.toMonoid.{0} Real
                                  (@Semiring.toMonoidWithZero.{0} Real
                                    (@CommSemiring.toSemiring.{0} Real Real.instCommSemiring)))))
                            (f a)
                            (@Nat.rawCast.{0} Nat
                              (@AddCommMonoidWithOne.toAddMonoidWithOne.{0} Nat
                                (@NonAssocSemiring.toAddCommMonoidWithOne.{0} Nat
                                  (@Semiring.toNonAssocSemiring.{0} Nat
                                    (@CommSemiring.toSemiring.{0} Nat Nat.instCommSemiring))))
                              (nat_lit 1)))
                          (@Int.rawCast.{0} Real (@CommRing.toRing.{0} Real Real.commRing) (Int.negOfNat (nat_lit 1))))
                        (@OfNat.ofNat.{0} Real (nat_lit 0)
                          (@Zero.toOfNat0.{0} Real
                            (@MulZeroClass.toZero.{0} Real
                              (@NonUnitalNonAssocSemiring.toMulZeroClass.{0} Real
                                (@NonAssocSemiring.toNonUnitalNonAssocSemiring.{0} Real
                                  (@Semiring.toNonAssocSemiring.{0} Real
                                    (@CommSemiring.toSemiring.{0} Real Real.instCommSemiring)))))))))
                    (@HAdd.hAdd.{0, 0, 0} Real Real Real
                      (@instHAdd.{0} Real
                        (@Distrib.toAdd.{0} Real
                          (@NonUnitalNonAssocSemiring.toDistrib.{0} Real
                            (@NonAssocSemiring.toNonUnitalNonAssocSemiring.{0} Real
                              (@Semiring.toNonAssocSemiring.{0} Real
                                (@CommSemiring.toSemiring.{0} Real Real.instCommSemiring))))))
                      (@HMul.hMul.{0, 0, 0} Real Real Real
                        (@instHMul.{0} Real
                          (@Distrib.toMul.{0} Real
                            (@NonUnitalNonAssocSemiring.toDistrib.{0} Real
                              (@NonAssocSemiring.toNonUnitalNonAssocSemiring.{0} Real
                                (@Semiring.toNonAssocSemiring.{0} Real
                                  (@CommSemiring.toSemiring.{0} Real Real.instCommSemiring))))))
                        (@HPow.hPow.{0, 0, 0} Real Nat Real
                          (@instHPow.{0, 0} Real Nat
                            (@Monoid.toNatPow.{0} Real
                              (@MonoidWithZero.toMonoid.{0} Real
                                (@Semiring.toMonoidWithZero.{0} Real
                                  (@CommSemiring.toSemiring.{0} Real Real.instCommSemiring)))))
                          δ
                          (@Nat.rawCast.{0} Nat
                            (@AddCommMonoidWithOne.toAddMonoidWithOne.{0} Nat
                              (@NonAssocSemiring.toAddCommMonoidWithOne.{0} Nat
                                (@Semiring.toNonAssocSemiring.{0} Nat
                                  (@CommSemiring.toSemiring.{0} Nat Nat.instCommSemiring))))
                            (nat_lit 1)))
                        (@HMul.hMul.{0, 0, 0} Real Real Real
                          (@instHMul.{0} Real
                            (@Distrib.toMul.{0} Real
                              (@NonUnitalNonAssocSemiring.toDistrib.{0} Real
                                (@NonAssocSemiring.toNonUnitalNonAssocSemiring.{0} Real
                                  (@Semiring.toNonAssocSemiring.{0} Real
                                    (@CommSemiring.toSemiring.{0} Real Real.instCommSemiring))))))
                          (@HPow.hPow.{0, 0, 0} Real Nat Real
                            (@instHPow.{0, 0} Real Nat
                              (@Monoid.toNatPow.{0} Real
                                (@MonoidWithZero.toMonoid.{0} Real
                                  (@Semiring.toMonoidWithZero.{0} Real
                                    (@CommSemiring.toSemiring.{0} Real Real.instCommSemiring)))))
                            b
                            (@Nat.rawCast.{0} Nat
                              (@AddCommMonoidWithOne.toAddMonoidWithOne.{0} Nat
                                (@NonAssocSemiring.toAddCommMonoidWithOne.{0} Nat
                                  (@Semiring.toNonAssocSemiring.{0} Nat
                                    (@CommSemiring.toSemiring.{0} Nat Nat.instCommSemiring))))
                              (nat_lit 1)))
                          (@Nat.rawCast.{0} Real
                            (@AddCommMonoidWithOne.toAddMonoidWithOne.{0} Real
                              (@NonAssocSemiring.toAddCommMonoidWithOne.{0} Real
                                (@Semiring.toNonAssocSemiring.{0} Real
                                  (@CommSemiring.toSemiring.{0} Real Real.instCommSemiring))))
                            (nat_lit 1))))
                      (@HAdd.hAdd.{0, 0, 0} Real Real Real
                        (@instHAdd.{0} Real
                          (@Distrib.toAdd.{0} Real
                            (@NonUnitalNonAssocSemiring.toDistrib.{0} Real
                              (@NonAssocSemiring.toNonUnitalNonAssocSemiring.{0} Real
                                (@Semiring.toNonAssocSemiring.{0} Real
                                  (@CommSemiring.toSemiring.{0} Real Real.instCommSemiring))))))
                        (@HMul.hMul.{0, 0, 0} Real Real Real
                          (@instHMul.{0} Real
                            (@Distrib.toMul.{0} Real
                              (@NonUnitalNonAssocSemiring.toDistrib.{0} Real
                                (@NonAssocSemiring.toNonUnitalNonAssocSemiring.{0} Real
                                  (@Semiring.toNonAssocSemiring.{0} Real
                                    (@CommSemiring.toSemiring.{0} Real Real.instCommSemiring))))))
                          (@HPow.hPow.{0, 0, 0} Real Nat Real
                            (@instHPow.{0, 0} Real Nat
                              (@Monoid.toNatPow.{0} Real
                                (@MonoidWithZero.toMonoid.{0} Real
                                  (@Semiring.toMonoidWithZero.{0} Real
                                    (@CommSemiring.toSemiring.{0} Real Real.instCommSemiring)))))
                            δ
                            (@Nat.rawCast.{0} Nat
                              (@AddCommMonoidWithOne.toAddMonoidWithOne.{0} Nat
                                (@NonAssocSemiring.toAddCommMonoidWithOne.{0} Nat
                                  (@Semiring.toNonAssocSemiring.{0} Nat
                                    (@CommSemiring.toSemiring.{0} Nat Nat.instCommSemiring))))
                              (nat_lit 1)))
                          (@HMul.hMul.{0, 0, 0} Real Real Real
                            (@instHMul.{0} Real
                              (@Distrib.toMul.{0} Real
                                (@NonUnitalNonAssocSemiring.toDistrib.{0} Real
                                  (@NonAssocSemiring.toNonUnitalNonAssocSemiring.{0} Real
                                    (@Semiring.toNonAssocSemiring.{0} Real
                                      (@CommSemiring.toSemiring.{0} Real Real.instCommSemiring))))))
                            (@HPow.hPow.{0, 0, 0} Real Nat Real
                              (@instHPow.{0, 0} Real Nat
                                (@Monoid.toNatPow.{0} Real
                                  (@MonoidWithZero.toMonoid.{0} Real
                                    (@Semiring.toMonoidWithZero.{0} Real
                                      (@CommSemiring.toSemiring.{0} Real Real.instCommSemiring)))))
                              a
                              (@Nat.rawCast.{0} Nat
                                (@AddCommMonoidWithOne.toAddMonoidWithOne.{0} Nat
                                  (@NonAssocSemiring.toAddCommMonoidWithOne.{0} Nat
                                    (@Semiring.toNonAssocSemiring.{0} Nat
                                      (@CommSemiring.toSemiring.{0} Nat Nat.instCommSemiring))))
                                (nat_lit 1)))
                            (@Int.rawCast.{0} Real (@CommRing.toRing.{0} Real Real.commRing)
                              (Int.negOfNat (nat_lit 1)))))
                        (@HAdd.hAdd.{0, 0, 0} Real Real Real
                          (@instHAdd.{0} Real
                            (@Distrib.toAdd.{0} Real
                              (@NonUnitalNonAssocSemiring.toDistrib.{0} Real
                                (@NonAssocSemiring.toNonUnitalNonAssocSemiring.{0} Real
                                  (@Semiring.toNonAssocSemiring.{0} Real
                                    (@CommSemiring.toSemiring.{0} Real Real.instCommSemiring))))))
                          (@HMul.hMul.{0, 0, 0} Real Real Real
                            (@instHMul.{0} Real
                              (@Distrib.toMul.{0} Real
                                (@NonUnitalNonAssocSemiring.toDistrib.{0} Real
                                  (@NonAssocSemiring.toNonUnitalNonAssocSemiring.{0} Real
                                    (@Semiring.toNonAssocSemiring.{0} Real
                                      (@CommSemiring.toSemiring.{0} Real Real.instCommSemiring))))))
                            (@HPow.hPow.{0, 0, 0} Real Nat Real
                              (@instHPow.{0, 0} Real Nat
                                (@Monoid.toNatPow.{0} Real
                                  (@MonoidWithZero.toMonoid.{0} Real
                                    (@Semiring.toMonoidWithZero.{0} Real
                                      (@CommSemiring.toSemiring.{0} Real Real.instCommSemiring)))))
                              (f b)
                              (@Nat.rawCast.{0} Nat
                                (@AddCommMonoidWithOne.toAddMonoidWithOne.{0} Nat
                                  (@NonAssocSemiring.toAddCommMonoidWithOne.{0} Nat
                                    (@Semiring.toNonAssocSemiring.{0} Nat
                                      (@CommSemiring.toSemiring.{0} Nat Nat.instCommSemiring))))
                                (nat_lit 1)))
                            (@Int.rawCast.{0} Real (@CommRing.toRing.{0} Real Real.commRing)
                              (Int.negOfNat (nat_lit 1))))
                          (@HAdd.hAdd.{0, 0, 0} Real Real Real
                            (@instHAdd.{0} Real
                              (@Distrib.toAdd.{0} Real
                                (@NonUnitalNonAssocSemiring.toDistrib.{0} Real
                                  (@NonAssocSemiring.toNonUnitalNonAssocSemiring.{0} Real
                                    (@Semiring.toNonAssocSemiring.{0} Real
                                      (@CommSemiring.toSemiring.{0} Real Real.instCommSemiring))))))
                            (@HMul.hMul.{0, 0, 0} Real Real Real
                              (@instHMul.{0} Real
                                (@Distrib.toMul.{0} Real
                                  (@NonUnitalNonAssocSemiring.toDistrib.{0} Real
                                    (@NonAssocSemiring.toNonUnitalNonAssocSemiring.{0} Real
                                      (@Semiring.toNonAssocSemiring.{0} Real
                                        (@CommSemiring.toSemiring.{0} Real Real.instCommSemiring))))))
                              (@HPow.hPow.{0, 0, 0} Real Nat Real
                                (@instHPow.{0, 0} Real Nat
                                  (@Monoid.toNatPow.{0} Real
                                    (@MonoidWithZero.toMonoid.{0} Real
                                      (@Semiring.toMonoidWithZero.{0} Real
                                        (@CommSemiring.toSemiring.{0} Real Real.instCommSemiring)))))
                                (f a)
                                (@Nat.rawCast.{0} Nat
                                  (@AddCommMonoidWithOne.toAddMonoidWithOne.{0} Nat
                                    (@NonAssocSemiring.toAddCommMonoidWithOne.{0} Nat
                                      (@Semiring.toNonAssocSemiring.{0} Nat
                                        (@CommSemiring.toSemiring.{0} Nat Nat.instCommSemiring))))
                                  (nat_lit 1)))
                              (@Nat.rawCast.{0} Real
                                (@Mathlib.Meta.NormNum.instAddMonoidWithOne.{0} Real
                                  (@CommRing.toRing.{0} Real Real.commRing))
                                (nat_lit 1)))
                            (@OfNat.ofNat.{0} Real (nat_lit 0)
                              (@Zero.toOfNat0.{0} Real
                                (@MulZeroClass.toZero.{0} Real
                                  (@NonUnitalNonAssocSemiring.toMulZeroClass.{0} Real
                                    (@NonAssocSemiring.toNonUnitalNonAssocSemiring.{0} Real
                                      (@Semiring.toNonAssocSemiring.{0} Real
                                        (@CommSemiring.toSemiring.{0} Real Real.instCommSemiring)))))))))))
                    (@Mathlib.Tactic.Ring.mul_congr.{0} Real Real.instCommSemiring δ
                      (@HAdd.hAdd.{0, 0, 0} Real Real Real
                        (@instHAdd.{0} Real
                          (@Distrib.toAdd.{0} Real
                            (@NonUnitalNonAssocSemiring.toDistrib.{0} Real
                              (@NonAssocSemiring.toNonUnitalNonAssocSemiring.{0} Real
                                (@Semiring.toNonAssocSemiring.{0} Real
                                  (@CommSemiring.toSemiring.{0} Real Real.instCommSemiring))))))
                        (@HMul.hMul.{0, 0, 0} Real Real Real
                          (@instHMul.{0} Real
                            (@Distrib.toMul.{0} Real
                              (@NonUnitalNonAssocSemiring.toDistrib.{0} Real
                                (@NonAssocSemiring.toNonUnitalNonAssocSemiring.{0} Real
                                  (@Semiring.toNonAssocSemiring.{0} Real
                                    (@CommSemiring.toSemiring.{0} Real Real.instCommSemiring))))))
                          (@HPow.hPow.{0, 0, 0} Real Nat Real
                            (@instHPow.{0, 0} Real Nat
                              (@Monoid.toNatPow.{0} Real
                                (@MonoidWithZero.toMonoid.{0} Real
                                  (@Semiring.toMonoidWithZero.{0} Real
                                    (@CommSemiring.toSemiring.{0} Real Real.instCommSemiring)))))
                            δ
                            (@Nat.rawCast.{0} Nat
                              (@AddCommMonoidWithOne.toAddMonoidWithOne.{0} Nat
                                (@NonAssocSemiring.toAddCommMonoidWithOne.{0} Nat
                                  (@Semiring.toNonAssocSemiring.{0} Nat
                                    (@CommSemiring.toSemiring.{0} Nat Nat.instCommSemiring))))
                              (nat_lit 1)))
                          (@Nat.rawCast.{0} Real
                            (@AddCommMonoidWithOne.toAddMonoidWithOne.{0} Real
                              (@NonAssocSemiring.toAddCommMonoidWithOne.{0} Real
                                (@Semiring.toNonAssocSemiring.{0} Real
                                  (@CommSemiring.toSemiring.{0} Real Real.instCommSemiring))))
                            (nat_lit 1)))
                        (@OfNat.ofNat.{0} Real (nat_lit 0)
                          (@Zero.toOfNat0.{0} Real
                            (@MulZeroClass.toZero.{0} Real
                              (@NonUnitalNonAssocSemiring.toMulZeroClass.{0} Real
                                (@NonAssocSemiring.toNonUnitalNonAssocSemiring.{0} Real
                                  (@Semiring.toNonAssocSemiring.{0} Real
                                    (@CommSemiring.toSemiring.{0} Real Real.instCommSemiring))))))))
                      (@HSub.hSub.{0, 0, 0} Real Real Real (@instHSub.{0} Real Real.instSub) b a)
                      (@HAdd.hAdd.{0, 0, 0} Real Real Real
                        (@instHAdd.{0} Real
                          (@Distrib.toAdd.{0} Real
                            (@NonUnitalNonAssocSemiring.toDistrib.{0} Real
                              (@NonAssocSemiring.toNonUnitalNonAssocSemiring.{0} Real
                                (@Semiring.toNonAssocSemiring.{0} Real
                                  (@CommSemiring.toSemiring.{0} Real Real.instCommSemiring))))))
                        (@HMul.hMul.{0, 0, 0} Real Real Real
                          (@instHMul.{0} Real
                            (@Distrib.toMul.{0} Real
                              (@NonUnitalNonAssocSemiring.toDistrib.{0} Real
                                (@NonAssocSemiring.toNonUnitalNonAssocSemiring.{0} Real
                                  (@Semiring.toNonAssocSemiring.{0} Real
                                    (@CommSemiring.toSemiring.{0} Real Real.instCommSemiring))))))
                          (@HPow.hPow.{0, 0, 0} Real Nat Real
                            (@instHPow.{0, 0} Real Nat
                              (@Monoid.toNatPow.{0} Real
                                (@MonoidWithZero.toMonoid.{0} Real
                                  (@Semiring.toMonoidWithZero.{0} Real
                                    (@CommSemiring.toSemiring.{0} Real Real.instCommSemiring)))))
                            b
                            (@Nat.rawCast.{0} Nat
                              (@AddCommMonoidWithOne.toAddMonoidWithOne.{0} Nat
                                (@NonAssocSemiring.toAddCommMonoidWithOne.{0} Nat
                                  (@Semiring.toNonAssocSemiring.{0} Nat
                                    (@CommSemiring.toSemiring.{0} Nat Nat.instCommSemiring))))
                              (nat_lit 1)))
                          (@Nat.rawCast.{0} Real
                            (@AddCommMonoidWithOne.toAddMonoidWithOne.{0} Real
                              (@NonAssocSemiring.toAddCommMonoidWithOne.{0} Real
                                (@Semiring.toNonAssocSemiring.{0} Real
                                  (@CommSemiring.toSemiring.{0} Real Real.instCommSemiring))))
                            (nat_lit 1)))
                        (@HAdd.hAdd.{0, 0, 0} Real Real Real
                          (@instHAdd.{0} Real
                            (@Distrib.toAdd.{0} Real
                              (@NonUnitalNonAssocSemiring.toDistrib.{0} Real
                                (@NonAssocSemiring.toNonUnitalNonAssocSemiring.{0} Real
                                  (@Semiring.toNonAssocSemiring.{0} Real
                                    (@CommSemiring.toSemiring.{0} Real Real.instCommSemiring))))))
                          (@HMul.hMul.{0, 0, 0} Real Real Real
                            (@instHMul.{0} Real
                              (@Distrib.toMul.{0} Real
                                (@NonUnitalNonAssocSemiring.toDistrib.{0} Real
                                  (@NonAssocSemiring.toNonUnitalNonAssocSemiring.{0} Real
                                    (@Semiring.toNonAssocSemiring.{0} Real
                                      (@CommSemiring.toSemiring.{0} Real Real.instCommSemiring))))))
                            (@HPow.hPow.{0, 0, 0} Real Nat Real
                              (@instHPow.{0, 0} Real Nat
                                (@Monoid.toNatPow.{0} Real
                                  (@MonoidWithZero.toMonoid.{0} Real
                                    (@Semiring.toMonoidWithZero.{0} Real
                                      (@CommSemiring.toSemiring.{0} Real Real.instCommSemiring)))))
                              a
                              (@Nat.rawCast.{0} Nat
                                (@AddCommMonoidWithOne.toAddMonoidWithOne.{0} Nat
                                  (@NonAssocSemiring.toAddCommMonoidWithOne.{0} Nat
                                    (@Semiring.toNonAssocSemiring.{0} Nat
                                      (@CommSemiring.toSemiring.{0} Nat Nat.instCommSemiring))))
                                (nat_lit 1)))
                            (@Int.rawCast.{0} Real (@CommRing.toRing.{0} Real Real.commRing)
                              (Int.negOfNat (nat_lit 1))))
                          (@OfNat.ofNat.{0} Real (nat_lit 0)
                            (@Zero.toOfNat0.{0} Real
                              (@MulZeroClass.toZero.{0} Real
                                (@NonUnitalNonAssocSemiring.toMulZeroClass.{0} Real
                                  (@NonAssocSemiring.toNonUnitalNonAssocSemiring.{0} Real
                                    (@Semiring.toNonAssocSemiring.{0} Real
                                      (@CommSemiring.toSemiring.{0} Real Real.instCommSemiring)))))))))
                      (@HAdd.hAdd.{0, 0, 0} Real Real Real
                        (@instHAdd.{0} Real
                          (@Distrib.toAdd.{0} Real
                            (@NonUnitalNonAssocSemiring.toDistrib.{0} Real
                              (@NonAssocSemiring.toNonUnitalNonAssocSemiring.{0} Real
                                (@Semiring.toNonAssocSemiring.{0} Real
                                  (@CommSemiring.toSemiring.{0} Real Real.instCommSemiring))))))
                        (@HMul.hMul.{0, 0, 0} Real Real Real
                          (@instHMul.{0} Real
                            (@Distrib.toMul.{0} Real
                              (@NonUnitalNonAssocSemiring.toDistrib.{0} Real
                                (@NonAssocSemiring.toNonUnitalNonAssocSemiring.{0} Real
                                  (@Semiring.toNonAssocSemiring.{0} Real
                                    (@CommSemiring.toSemiring.{0} Real Real.instCommSemiring))))))
                          (@HPow.hPow.{0, 0, 0} Real Nat Real
                            (@instHPow.{0, 0} Real Nat
                              (@Monoid.toNatPow.{0} Real
                                (@MonoidWithZero.toMonoid.{0} Real
                                  (@Semiring.toMonoidWithZero.{0} Real
                                    (@CommSemiring.toSemiring.{0} Real Real.instCommSemiring)))))
                            δ
                            (@Nat.rawCast.{0} Nat
                              (@AddCommMonoidWithOne.toAddMonoidWithOne.{0} Nat
                                (@NonAssocSemiring.toAddCommMonoidWithOne.{0} Nat
                                  (@Semiring.toNonAssocSemiring.{0} Nat
                                    (@CommSemiring.toSemiring.{0} Nat Nat.instCommSemiring))))
                              (nat_lit 1)))
                          (@HMul.hMul.{0, 0, 0} Real Real Real
                            (@instHMul.{0} Real
                              (@Distrib.toMul.{0} Real
                                (@NonUnitalNonAssocSemiring.toDistrib.{0} Real
                                  (@NonAssocSemiring.toNonUnitalNonAssocSemiring.{0} Real
                                    (@Semiring.toNonAssocSemiring.{0} Real
                                      (@CommSemiring.toSemiring.{0} Real Real.instCommSemiring))))))
                            (@HPow.hPow.{0, 0, 0} Real Nat Real
                              (@instHPow.{0, 0} Real Nat
                                (@Monoid.toNatPow.{0} Real
                                  (@MonoidWithZero.toMonoid.{0} Real
                                    (@Semiring.toMonoidWithZero.{0} Real
                                      (@CommSemiring.toSemiring.{0} Real Real.instCommSemiring)))))
                              b
                              (@Nat.rawCast.{0} Nat
                                (@AddCommMonoidWithOne.toAddMonoidWithOne.{0} Nat
                                  (@NonAssocSemiring.toAddCommMonoidWithOne.{0} Nat
                                    (@Semiring.toNonAssocSemiring.{0} Nat
                                      (@CommSemiring.toSemiring.{0} Nat Nat.instCommSemiring))))
                                (nat_lit 1)))
                            (@Nat.rawCast.{0} Real
                              (@AddCommMonoidWithOne.toAddMonoidWithOne.{0} Real
                                (@NonAssocSemiring.toAddCommMonoidWithOne.{0} Real
                                  (@Semiring.toNonAssocSemiring.{0} Real
                                    (@CommSemiring.toSemiring.{0} Real Real.instCommSemiring))))
                              (nat_lit 1))))
                        (@HAdd.hAdd.{0, 0, 0} ⋯ ⋯ ⋯ ⋯ ⋯ ⋯))
                      ⋯ ⋯ ⋯)
                    ⋯ ⋯)
                  ⋯ ⋯)
                ⋯ ⋯)
              ⋯))
          ⋯))
'N33Dynamics.absolutelyContinuous_hits_level' depends on axioms: [propext, Classical.choice, Quot.sound]
